dataset,row_number,field,defect_class,original_value
Allocated_Limit.csv,545,State,MISSING_OR_BLANK, 
Allocated_Limit.csv,545,Hon'ble Members of Parliaments,MISSING_OR_BLANK, 
Allocated_Limit.csv,545,Constituency,MISSING_OR_BLANK, 
Allocated_Limit.csv,109,Allocated AMOUNT ( ₹ ),MISSING_OR_BLANK,
Completed_On-going_Works.csv,8002,State,MISSING_OR_BLANK, 
Completed_On-going_Works.csv,8002,Work,MISSING_OR_BLANK, 
Completed_On-going_Works.csv,8002,Work ID,MISSING_OR_BLANK, 
Completed_On-going_Works.csv,8002,IDA,MISSING_OR_BLANK, 
Completed_On-going_Works.csv,8002,Hon'ble Members of Parliament,MISSING_OR_BLANK, 
Completed_On-going_Works.csv,8002,Constituency,MISSING_OR_BLANK, 
Completed_On-going_Works.csv,8002,Expenditure Date,MISSING_OR_BLANK, 
Completed_On-going_Works.csv,8002,Vendor Name,MISSING_OR_BLANK, 
Completed_On-going_Works.csv,8002,Payment Status,MISSING_OR_BLANK, 
consented_Calamity.csv,14,Calamity Type,MISSING_OR_BLANK, 
consented_Calamity.csv,14,Calamity Name,MISSING_OR_BLANK, 
consented_Calamity.csv,14,Hon'ble Members of Parliament,MISSING_OR_BLANK, 
consented_Calamity.csv,14,Date of Consent,MISSING_OR_BLANK, 
Works Completed.csv,27002,Work Category,MISSING_OR_BLANK, 
Works Completed.csv,27002,Work,MISSING_OR_BLANK, 
Works Completed.csv,27002,State,MISSING_OR_BLANK, 
Works Completed.csv,27002,IDA,MISSING_OR_BLANK, 
Works Completed.csv,1568,Work Description,MISSING_OR_BLANK,
Works Completed.csv,1569,Work Description,MISSING_OR_BLANK,
Works Completed.csv,1570,Work Description,MISSING_OR_BLANK,
Works Completed.csv,1651,Work Description,MISSING_OR_BLANK,
Works Completed.csv,1842,Work Description,MISSING_OR_BLANK,
Works Completed.csv,2433,Work Description,MISSING_OR_BLANK,
Works Completed.csv,3064,Work Description,MISSING_OR_BLANK,
Works Completed.csv,3065,Work Description,MISSING_OR_BLANK,
Works Completed.csv,3066,Work Description,MISSING_OR_BLANK,
Works Completed.csv,3067,Work Description,MISSING_OR_BLANK,
Works Completed.csv,3068,Work Description,MISSING_OR_BLANK,
Works Completed.csv,3069,Work Description,MISSING_OR_BLANK,
Works Completed.csv,3070,Work Description,MISSING_OR_BLANK,
Works Completed.csv,3071,Work Description,MISSING_OR_BLANK,
Works Completed.csv,3072,Work Description,MISSING_OR_BLANK,
Works Completed.csv,3073,Work Description,MISSING_OR_BLANK,
Works Completed.csv,3110,Work Description,MISSING_OR_BLANK,
Works Completed.csv,3473,Work Description,MISSING_OR_BLANK,
Works Completed.csv,3979,Work Description,MISSING_OR_BLANK,
Works Completed.csv,7052,Work Description,MISSING_OR_BLANK,
Works Completed.csv,7208,Work Description,MISSING_OR_BLANK,
Works Completed.csv,7827,Work Description,MISSING_OR_BLANK,
Works Completed.csv,8177,Work Description,MISSING_OR_BLANK,
Works Completed.csv,8462,Work Description,MISSING_OR_BLANK,
Works Completed.csv,8463,Work Description,MISSING_OR_BLANK,
Works Completed.csv,8464,Work Description,MISSING_OR_BLANK,
Works Completed.csv,8465,Work Description,MISSING_OR_BLANK,
Works Completed.csv,8466,Work Description,MISSING_OR_BLANK,
Works Completed.csv,8467,Work Description,MISSING_OR_BLANK,
Works Completed.csv,8468,Work Description,MISSING_OR_BLANK,
Works Completed.csv,8469,Work Description,MISSING_OR_BLANK,
Works Completed.csv,8470,Work Description,MISSING_OR_BLANK,
Works Completed.csv,8471,Work Description,MISSING_OR_BLANK,
Works Completed.csv,8472,Work Description,MISSING_OR_BLANK,
Works Completed.csv,8473,Work Description,MISSING_OR_BLANK,
Works Completed.csv,8474,Work Description,MISSING_OR_BLANK,
Works Completed.csv,8475,Work Description,MISSING_OR_BLANK,
Works Completed.csv,8476,Work Description,MISSING_OR_BLANK,
Works Completed.csv,8477,Work Description,MISSING_OR_BLANK,
Works Completed.csv,8478,Work Description,MISSING_OR_BLANK,
Works Completed.csv,8479,Work Description,MISSING_OR_BLANK,
Works Completed.csv,8480,Work Description,MISSING_OR_BLANK,
Works Completed.csv,8481,Work Description,MISSING_OR_BLANK,
Works Completed.csv,8483,Work Description,MISSING_OR_BLANK,
Works Completed.csv,8484,Work Description,MISSING_OR_BLANK,
Works Completed.csv,8485,Work Description,MISSING_OR_BLANK,
Works Completed.csv,8493,Work Description,MISSING_OR_BLANK,
Works Completed.csv,9004,Work Description,MISSING_OR_BLANK,
Works Completed.csv,9215,Work Description,MISSING_OR_BLANK,
Works Completed.csv,9217,Work Description,MISSING_OR_BLANK,
Works Completed.csv,9971,Work Description,MISSING_OR_BLANK,
Works Completed.csv,9972,Work Description,MISSING_OR_BLANK,
Works Completed.csv,10273,Work Description,MISSING_OR_BLANK,
Works Completed.csv,13005,Work Description,MISSING_OR_BLANK,
Works Completed.csv,13941,Work Description,MISSING_OR_BLANK,
Works Completed.csv,16327,Work Description,MISSING_OR_BLANK,
Works Completed.csv,17974,Work Description,MISSING_OR_BLANK,
Works Completed.csv,17976,Work Description,MISSING_OR_BLANK,
Works Completed.csv,17977,Work Description,MISSING_OR_BLANK,
Works Completed.csv,17979,Work Description,MISSING_OR_BLANK,
Works Completed.csv,17984,Work Description,MISSING_OR_BLANK,
Works Completed.csv,18000,Work Description,MISSING_OR_BLANK,
Works Completed.csv,18004,Work Description,MISSING_OR_BLANK,
Works Completed.csv,18008,Work Description,MISSING_OR_BLANK,
Works Completed.csv,18015,Work Description,MISSING_OR_BLANK,
Works Completed.csv,18018,Work Description,MISSING_OR_BLANK,
Works Completed.csv,18019,Work Description,MISSING_OR_BLANK,
Works Completed.csv,18022,Work Description,MISSING_OR_BLANK,
Works Completed.csv,18027,Work Description,MISSING_OR_BLANK,
Works Completed.csv,18032,Work Description,MISSING_OR_BLANK,
Works Completed.csv,18036,Work Description,MISSING_OR_BLANK,
Works Completed.csv,18039,Work Description,MISSING_OR_BLANK,
Works Completed.csv,18041,Work Description,MISSING_OR_BLANK,
Works Completed.csv,18042,Work Description,MISSING_OR_BLANK,
Works Completed.csv,18043,Work Description,MISSING_OR_BLANK,
Works Completed.csv,18044,Work Description,MISSING_OR_BLANK,
Works Completed.csv,18520,Work Description,MISSING_OR_BLANK,
Works Completed.csv,23540,Work Description,MISSING_OR_BLANK,
Works Completed.csv,23541,Work Description,MISSING_OR_BLANK,
Works Completed.csv,27002,Work Description,MISSING_OR_BLANK, 
Works Completed.csv,27002,Hon'ble Members of Parliament,MISSING_OR_BLANK, 
Works Completed.csv,27002,Constituency,MISSING_OR_BLANK, 
Works Completed.csv,2,Image,MISSING_OR_BLANK,
Works Completed.csv,3,Image,MISSING_OR_BLANK,
Works Completed.csv,4,Image,MISSING_OR_BLANK,
Works Completed.csv,5,Image,MISSING_OR_BLANK,
Works Completed.csv,6,Image,MISSING_OR_BLANK,
Works Completed.csv,7,Image,MISSING_OR_BLANK,
Works Completed.csv,9,Image,MISSING_OR_BLANK,
Works Completed.csv,10,Image,MISSING_OR_BLANK,
Works Completed.csv,11,Image,MISSING_OR_BLANK,
Works Completed.csv,12,Image,MISSING_OR_BLANK,
Works Completed.csv,13,Image,MISSING_OR_BLANK,
Works Completed.csv,14,Image,MISSING_OR_BLANK,
Works Completed.csv,15,Image,MISSING_OR_BLANK,
Works Completed.csv,16,Image,MISSING_OR_BLANK,
Works Completed.csv,28,Image,MISSING_OR_BLANK,
Works Completed.csv,29,Image,MISSING_OR_BLANK,
Works Completed.csv,34,Image,MISSING_OR_BLANK,
Works Completed.csv,35,Image,MISSING_OR_BLANK,
Works Completed.csv,36,Image,MISSING_OR_BLANK,
Works Completed.csv,37,Image,MISSING_OR_BLANK,
Works Completed.csv,38,Image,MISSING_OR_BLANK,
Works Completed.csv,39,Image,MISSING_OR_BLANK,
Works Completed.csv,41,Image,MISSING_OR_BLANK,
Works Completed.csv,42,Image,MISSING_OR_BLANK,
Works Completed.csv,43,Image,MISSING_OR_BLANK,
Works Completed.csv,44,Image,MISSING_OR_BLANK,
Works Completed.csv,45,Image,MISSING_OR_BLANK,
Works Completed.csv,46,Image,MISSING_OR_BLANK,
Works Completed.csv,47,Image,MISSING_OR_BLANK,
Works Completed.csv,73,Image,MISSING_OR_BLANK,
Works Completed.csv,74,Image,MISSING_OR_BLANK,
Works Completed.csv,75,Image,MISSING_OR_BLANK,
Works Completed.csv,76,Image,MISSING_OR_BLANK,
Works Completed.csv,77,Image,MISSING_OR_BLANK,
Works Completed.csv,85,Image,MISSING_OR_BLANK,
Works Completed.csv,86,Image,MISSING_OR_BLANK,
Works Completed.csv,87,Image,MISSING_OR_BLANK,
Works Completed.csv,88,Image,MISSING_OR_BLANK,
Works Completed.csv,89,Image,MISSING_OR_BLANK,
Works Completed.csv,90,Image,MISSING_OR_BLANK,
Works Completed.csv,91,Image,MISSING_OR_BLANK,
Works Completed.csv,92,Image,MISSING_OR_BLANK,
Works Completed.csv,93,Image,MISSING_OR_BLANK,
Works Completed.csv,94,Image,MISSING_OR_BLANK,
Works Completed.csv,95,Image,MISSING_OR_BLANK,
Works Completed.csv,96,Image,MISSING_OR_BLANK,
Works Completed.csv,97,Image,MISSING_OR_BLANK,
Works Completed.csv,98,Image,MISSING_OR_BLANK,
Works Completed.csv,99,Image,MISSING_OR_BLANK,
Works Completed.csv,100,Image,MISSING_OR_BLANK,
Works Completed.csv,101,Image,MISSING_OR_BLANK,
Works Completed.csv,102,Image,MISSING_OR_BLANK,
Works Completed.csv,103,Image,MISSING_OR_BLANK,
Works Completed.csv,104,Image,MISSING_OR_BLANK,
Works Completed.csv,105,Image,MISSING_OR_BLANK,
Works Completed.csv,106,Image,MISSING_OR_BLANK,
Works Completed.csv,110,Image,MISSING_OR_BLANK,
Works Completed.csv,111,Image,MISSING_OR_BLANK,
Works Completed.csv,112,Image,MISSING_OR_BLANK,
Works Completed.csv,113,Image,MISSING_OR_BLANK,
Works Completed.csv,114,Image,MISSING_OR_BLANK,
Works Completed.csv,115,Image,MISSING_OR_BLANK,
Works Completed.csv,116,Image,MISSING_OR_BLANK,
Works Completed.csv,117,Image,MISSING_OR_BLANK,
Works Completed.csv,118,Image,MISSING_OR_BLANK,
Works Completed.csv,119,Image,MISSING_OR_BLANK,
Works Completed.csv,120,Image,MISSING_OR_BLANK,
Works Completed.csv,121,Image,MISSING_OR_BLANK,
Works Completed.csv,122,Image,MISSING_OR_BLANK,
Works Completed.csv,123,Image,MISSING_OR_BLANK,
Works Completed.csv,124,Image,MISSING_OR_BLANK,
Works Completed.csv,125,Image,MISSING_OR_BLANK,
Works Completed.csv,126,Image,MISSING_OR_BLANK,
Works Completed.csv,127,Image,MISSING_OR_BLANK,
Works Completed.csv,128,Image,MISSING_OR_BLANK,
Works Completed.csv,129,Image,MISSING_OR_BLANK,
Works Completed.csv,130,Image,MISSING_OR_BLANK,
Works Completed.csv,131,Image,MISSING_OR_BLANK,
Works Completed.csv,132,Image,MISSING_OR_BLANK,
Works Completed.csv,133,Image,MISSING_OR_BLANK,
Works Completed.csv,134,Image,MISSING_OR_BLANK,
Works Completed.csv,135,Image,MISSING_OR_BLANK,
Works Completed.csv,136,Image,MISSING_OR_BLANK,
Works Completed.csv,137,Image,MISSING_OR_BLANK,
Works Completed.csv,138,Image,MISSING_OR_BLANK,
Works Completed.csv,145,Image,MISSING_OR_BLANK,
Works Completed.csv,146,Image,MISSING_OR_BLANK,
Works Completed.csv,147,Image,MISSING_OR_BLANK,
Works Completed.csv,158,Image,MISSING_OR_BLANK,
Works Completed.csv,159,Image,MISSING_OR_BLANK,
Works Completed.csv,162,Image,MISSING_OR_BLANK,
Works Completed.csv,163,Image,MISSING_OR_BLANK,
Works Completed.csv,164,Image,MISSING_OR_BLANK,
Works Completed.csv,165,Image,MISSING_OR_BLANK,
Works Completed.csv,166,Image,MISSING_OR_BLANK,
Works Completed.csv,167,Image,MISSING_OR_BLANK,
Works Completed.csv,168,Image,MISSING_OR_BLANK,
Works Completed.csv,169,Image,MISSING_OR_BLANK,
Works Completed.csv,170,Image,MISSING_OR_BLANK,
Works Completed.csv,171,Image,MISSING_OR_BLANK,
Works Completed.csv,172,Image,MISSING_OR_BLANK,
Works Completed.csv,173,Image,MISSING_OR_BLANK,
Works Completed.csv,174,Image,MISSING_OR_BLANK,
Works Completed.csv,175,Image,MISSING_OR_BLANK,
Works Completed.csv,176,Image,MISSING_OR_BLANK,
Works Completed.csv,177,Image,MISSING_OR_BLANK,
Works Completed.csv,178,Image,MISSING_OR_BLANK,
Works Completed.csv,182,Image,MISSING_OR_BLANK,
Works Completed.csv,184,Image,MISSING_OR_BLANK,
Works Completed.csv,185,Image,MISSING_OR_BLANK,
Works Completed.csv,186,Image,MISSING_OR_BLANK,
Works Completed.csv,187,Image,MISSING_OR_BLANK,
Works Completed.csv,188,Image,MISSING_OR_BLANK,
Works Completed.csv,189,Image,MISSING_OR_BLANK,
Works Completed.csv,190,Image,MISSING_OR_BLANK,
Works Completed.csv,192,Image,MISSING_OR_BLANK,
Works Completed.csv,193,Image,MISSING_OR_BLANK,
Works Completed.csv,194,Image,MISSING_OR_BLANK,
Works Completed.csv,195,Image,MISSING_OR_BLANK,
Works Completed.csv,196,Image,MISSING_OR_BLANK,
Works Completed.csv,197,Image,MISSING_OR_BLANK,
Works Completed.csv,198,Image,MISSING_OR_BLANK,
Works Completed.csv,199,Image,MISSING_OR_BLANK,
Works Completed.csv,200,Image,MISSING_OR_BLANK,
Works Completed.csv,201,Image,MISSING_OR_BLANK,
Works Completed.csv,202,Image,MISSING_OR_BLANK,
Works Completed.csv,203,Image,MISSING_OR_BLANK,
Works Completed.csv,204,Image,MISSING_OR_BLANK,
Works Completed.csv,205,Image,MISSING_OR_BLANK,
Works Completed.csv,207,Image,MISSING_OR_BLANK,
Works Completed.csv,210,Image,MISSING_OR_BLANK,
Works Completed.csv,211,Image,MISSING_OR_BLANK,
Works Completed.csv,212,Image,MISSING_OR_BLANK,
Works Completed.csv,213,Image,MISSING_OR_BLANK,
Works Completed.csv,214,Image,MISSING_OR_BLANK,
Works Completed.csv,223,Image,MISSING_OR_BLANK,
Works Completed.csv,224,Image,MISSING_OR_BLANK,
Works Completed.csv,260,Image,MISSING_OR_BLANK,
Works Completed.csv,261,Image,MISSING_OR_BLANK,
Works Completed.csv,262,Image,MISSING_OR_BLANK,
Works Completed.csv,265,Image,MISSING_OR_BLANK,
Works Completed.csv,266,Image,MISSING_OR_BLANK,
Works Completed.csv,267,Image,MISSING_OR_BLANK,
Works Completed.csv,268,Image,MISSING_OR_BLANK,
Works Completed.csv,269,Image,MISSING_OR_BLANK,
Works Completed.csv,270,Image,MISSING_OR_BLANK,
Works Completed.csv,271,Image,MISSING_OR_BLANK,
Works Completed.csv,272,Image,MISSING_OR_BLANK,
Works Completed.csv,273,Image,MISSING_OR_BLANK,
Works Completed.csv,274,Image,MISSING_OR_BLANK,
Works Completed.csv,275,Image,MISSING_OR_BLANK,
Works Completed.csv,284,Image,MISSING_OR_BLANK,
Works Completed.csv,286,Image,MISSING_OR_BLANK,
Works Completed.csv,287,Image,MISSING_OR_BLANK,
Works Completed.csv,288,Image,MISSING_OR_BLANK,
Works Completed.csv,289,Image,MISSING_OR_BLANK,
Works Completed.csv,304,Image,MISSING_OR_BLANK,
Works Completed.csv,305,Image,MISSING_OR_BLANK,
Works Completed.csv,306,Image,MISSING_OR_BLANK,
Works Completed.csv,308,Image,MISSING_OR_BLANK,
Works Completed.csv,309,Image,MISSING_OR_BLANK,
Works Completed.csv,312,Image,MISSING_OR_BLANK,
Works Completed.csv,313,Image,MISSING_OR_BLANK,
Works Completed.csv,314,Image,MISSING_OR_BLANK,
Works Completed.csv,315,Image,MISSING_OR_BLANK,
Works Completed.csv,319,Image,MISSING_OR_BLANK,
Works Completed.csv,331,Image,MISSING_OR_BLANK,
Works Completed.csv,333,Image,MISSING_OR_BLANK,
Works Completed.csv,335,Image,MISSING_OR_BLANK,
Works Completed.csv,339,Image,MISSING_OR_BLANK,
Works Completed.csv,340,Image,MISSING_OR_BLANK,
Works Completed.csv,350,Image,MISSING_OR_BLANK,
Works Completed.csv,351,Image,MISSING_OR_BLANK,
Works Completed.csv,353,Image,MISSING_OR_BLANK,
Works Completed.csv,354,Image,MISSING_OR_BLANK,
Works Completed.csv,357,Image,MISSING_OR_BLANK,
Works Completed.csv,360,Image,MISSING_OR_BLANK,
Works Completed.csv,361,Image,MISSING_OR_BLANK,
Works Completed.csv,362,Image,MISSING_OR_BLANK,
Works Completed.csv,363,Image,MISSING_OR_BLANK,
Works Completed.csv,364,Image,MISSING_OR_BLANK,
Works Completed.csv,365,Image,MISSING_OR_BLANK,
Works Completed.csv,370,Image,MISSING_OR_BLANK,
Works Completed.csv,412,Image,MISSING_OR_BLANK,
Works Completed.csv,449,Image,MISSING_OR_BLANK,
Works Completed.csv,471,Image,MISSING_OR_BLANK,
Works Completed.csv,472,Image,MISSING_OR_BLANK,
Works Completed.csv,473,Image,MISSING_OR_BLANK,
Works Completed.csv,474,Image,MISSING_OR_BLANK,
Works Completed.csv,477,Image,MISSING_OR_BLANK,
Works Completed.csv,480,Image,MISSING_OR_BLANK,
Works Completed.csv,481,Image,MISSING_OR_BLANK,
Works Completed.csv,485,Image,MISSING_OR_BLANK,
Works Completed.csv,487,Image,MISSING_OR_BLANK,
Works Completed.csv,488,Image,MISSING_OR_BLANK,
Works Completed.csv,489,Image,MISSING_OR_BLANK,
Works Completed.csv,490,Image,MISSING_OR_BLANK,
Works Completed.csv,491,Image,MISSING_OR_BLANK,
Works Completed.csv,508,Image,MISSING_OR_BLANK,
Works Completed.csv,509,Image,MISSING_OR_BLANK,
Works Completed.csv,513,Image,MISSING_OR_BLANK,
Works Completed.csv,517,Image,MISSING_OR_BLANK,
Works Completed.csv,519,Image,MISSING_OR_BLANK,
Works Completed.csv,520,Image,MISSING_OR_BLANK,
Works Completed.csv,521,Image,MISSING_OR_BLANK,
Works Completed.csv,522,Image,MISSING_OR_BLANK,
Works Completed.csv,523,Image,MISSING_OR_BLANK,
Works Completed.csv,524,Image,MISSING_OR_BLANK,
Works Completed.csv,525,Image,MISSING_OR_BLANK,
Works Completed.csv,526,Image,MISSING_OR_BLANK,
Works Completed.csv,527,Image,MISSING_OR_BLANK,
Works Completed.csv,528,Image,MISSING_OR_BLANK,
Works Completed.csv,530,Image,MISSING_OR_BLANK,
Works Completed.csv,531,Image,MISSING_OR_BLANK,
Works Completed.csv,532,Image,MISSING_OR_BLANK,
Works Completed.csv,539,Image,MISSING_OR_BLANK,
Works Completed.csv,540,Image,MISSING_OR_BLANK,
Works Completed.csv,582,Image,MISSING_OR_BLANK,
Works Completed.csv,595,Image,MISSING_OR_BLANK,
Works Completed.csv,597,Image,MISSING_OR_BLANK,
Works Completed.csv,599,Image,MISSING_OR_BLANK,
Works Completed.csv,604,Image,MISSING_OR_BLANK,
Works Completed.csv,609,Image,MISSING_OR_BLANK,
Works Completed.csv,610,Image,MISSING_OR_BLANK,
Works Completed.csv,611,Image,MISSING_OR_BLANK,
Works Completed.csv,612,Image,MISSING_OR_BLANK,
Works Completed.csv,613,Image,MISSING_OR_BLANK,
Works Completed.csv,614,Image,MISSING_OR_BLANK,
Works Completed.csv,617,Image,MISSING_OR_BLANK,
Works Completed.csv,618,Image,MISSING_OR_BLANK,
Works Completed.csv,619,Image,MISSING_OR_BLANK,
Works Completed.csv,620,Image,MISSING_OR_BLANK,
Works Completed.csv,621,Image,MISSING_OR_BLANK,
Works Completed.csv,622,Image,MISSING_OR_BLANK,
Works Completed.csv,623,Image,MISSING_OR_BLANK,
Works Completed.csv,659,Image,MISSING_OR_BLANK,
Works Completed.csv,660,Image,MISSING_OR_BLANK,
Works Completed.csv,661,Image,MISSING_OR_BLANK,
Works Completed.csv,662,Image,MISSING_OR_BLANK,
Works Completed.csv,663,Image,MISSING_OR_BLANK,
Works Completed.csv,664,Image,MISSING_OR_BLANK,
Works Completed.csv,669,Image,MISSING_OR_BLANK,
Works Completed.csv,670,Image,MISSING_OR_BLANK,
Works Completed.csv,671,Image,MISSING_OR_BLANK,
Works Completed.csv,675,Image,MISSING_OR_BLANK,
Works Completed.csv,693,Image,MISSING_OR_BLANK,
Works Completed.csv,694,Image,MISSING_OR_BLANK,
Works Completed.csv,750,Image,MISSING_OR_BLANK,
Works Completed.csv,805,Image,MISSING_OR_BLANK,
Works Completed.csv,830,Image,MISSING_OR_BLANK,
Works Completed.csv,837,Image,MISSING_OR_BLANK,
Works Completed.csv,850,Image,MISSING_OR_BLANK,
Works Completed.csv,851,Image,MISSING_OR_BLANK,
Works Completed.csv,859,Image,MISSING_OR_BLANK,
Works Completed.csv,860,Image,MISSING_OR_BLANK,
Works Completed.csv,861,Image,MISSING_OR_BLANK,
Works Completed.csv,862,Image,MISSING_OR_BLANK,
Works Completed.csv,863,Image,MISSING_OR_BLANK,
Works Completed.csv,864,Image,MISSING_OR_BLANK,
Works Completed.csv,865,Image,MISSING_OR_BLANK,
Works Completed.csv,866,Image,MISSING_OR_BLANK,
Works Completed.csv,867,Image,MISSING_OR_BLANK,
Works Completed.csv,868,Image,MISSING_OR_BLANK,
Works Completed.csv,869,Image,MISSING_OR_BLANK,
Works Completed.csv,870,Image,MISSING_OR_BLANK,
Works Completed.csv,871,Image,MISSING_OR_BLANK,
Works Completed.csv,872,Image,MISSING_OR_BLANK,
Works Completed.csv,873,Image,MISSING_OR_BLANK,
Works Completed.csv,874,Image,MISSING_OR_BLANK,
Works Completed.csv,875,Image,MISSING_OR_BLANK,
Works Completed.csv,876,Image,MISSING_OR_BLANK,
Works Completed.csv,877,Image,MISSING_OR_BLANK,
Works Completed.csv,878,Image,MISSING_OR_BLANK,
Works Completed.csv,879,Image,MISSING_OR_BLANK,
Works Completed.csv,880,Image,MISSING_OR_BLANK,
Works Completed.csv,881,Image,MISSING_OR_BLANK,
Works Completed.csv,882,Image,MISSING_OR_BLANK,
Works Completed.csv,883,Image,MISSING_OR_BLANK,
Works Completed.csv,884,Image,MISSING_OR_BLANK,
Works Completed.csv,885,Image,MISSING_OR_BLANK,
Works Completed.csv,886,Image,MISSING_OR_BLANK,
Works Completed.csv,887,Image,MISSING_OR_BLANK,
Works Completed.csv,888,Image,MISSING_OR_BLANK,
Works Completed.csv,889,Image,MISSING_OR_BLANK,
Works Completed.csv,890,Image,MISSING_OR_BLANK,
Works Completed.csv,891,Image,MISSING_OR_BLANK,
Works Completed.csv,892,Image,MISSING_OR_BLANK,
Works Completed.csv,893,Image,MISSING_OR_BLANK,
Works Completed.csv,894,Image,MISSING_OR_BLANK,
Works Completed.csv,895,Image,MISSING_OR_BLANK,
Works Completed.csv,896,Image,MISSING_OR_BLANK,
Works Completed.csv,897,Image,MISSING_OR_BLANK,
Works Completed.csv,898,Image,MISSING_OR_BLANK,
Works Completed.csv,899,Image,MISSING_OR_BLANK,
Works Completed.csv,900,Image,MISSING_OR_BLANK,
Works Completed.csv,901,Image,MISSING_OR_BLANK,
Works Completed.csv,902,Image,MISSING_OR_BLANK,
Works Completed.csv,903,Image,MISSING_OR_BLANK,
Works Completed.csv,904,Image,MISSING_OR_BLANK,
Works Completed.csv,905,Image,MISSING_OR_BLANK,
Works Completed.csv,906,Image,MISSING_OR_BLANK,
Works Completed.csv,936,Image,MISSING_OR_BLANK,
Works Completed.csv,938,Image,MISSING_OR_BLANK,
Works Completed.csv,939,Image,MISSING_OR_BLANK,
Works Completed.csv,940,Image,MISSING_OR_BLANK,
Works Completed.csv,941,Image,MISSING_OR_BLANK,
Works Completed.csv,948,Image,MISSING_OR_BLANK,
Works Completed.csv,949,Image,MISSING_OR_BLANK,
Works Completed.csv,950,Image,MISSING_OR_BLANK,
Works Completed.csv,952,Image,MISSING_OR_BLANK,
Works Completed.csv,955,Image,MISSING_OR_BLANK,
Works Completed.csv,956,Image,MISSING_OR_BLANK,
Works Completed.csv,957,Image,MISSING_OR_BLANK,
Works Completed.csv,958,Image,MISSING_OR_BLANK,
Works Completed.csv,959,Image,MISSING_OR_BLANK,
Works Completed.csv,960,Image,MISSING_OR_BLANK,
Works Completed.csv,979,Image,MISSING_OR_BLANK,
Works Completed.csv,980,Image,MISSING_OR_BLANK,
Works Completed.csv,983,Image,MISSING_OR_BLANK,
Works Completed.csv,984,Image,MISSING_OR_BLANK,
Works Completed.csv,986,Image,MISSING_OR_BLANK,
Works Completed.csv,987,Image,MISSING_OR_BLANK,
Works Completed.csv,988,Image,MISSING_OR_BLANK,
Works Completed.csv,989,Image,MISSING_OR_BLANK,
Works Completed.csv,995,Image,MISSING_OR_BLANK,
Works Completed.csv,1003,Image,MISSING_OR_BLANK,
Works Completed.csv,1010,Image,MISSING_OR_BLANK,
Works Completed.csv,1017,Image,MISSING_OR_BLANK,
Works Completed.csv,1018,Image,MISSING_OR_BLANK,
Works Completed.csv,1021,Image,MISSING_OR_BLANK,
Works Completed.csv,1025,Image,MISSING_OR_BLANK,
Works Completed.csv,1026,Image,MISSING_OR_BLANK,
Works Completed.csv,1027,Image,MISSING_OR_BLANK,
Works Completed.csv,1028,Image,MISSING_OR_BLANK,
Works Completed.csv,1030,Image,MISSING_OR_BLANK,
Works Completed.csv,1033,Image,MISSING_OR_BLANK,
Works Completed.csv,1035,Image,MISSING_OR_BLANK,
Works Completed.csv,1036,Image,MISSING_OR_BLANK,
Works Completed.csv,1039,Image,MISSING_OR_BLANK,
Works Completed.csv,1049,Image,MISSING_OR_BLANK,
Works Completed.csv,1050,Image,MISSING_OR_BLANK,
Works Completed.csv,1051,Image,MISSING_OR_BLANK,
Works Completed.csv,1052,Image,MISSING_OR_BLANK,
Works Completed.csv,1053,Image,MISSING_OR_BLANK,
Works Completed.csv,1054,Image,MISSING_OR_BLANK,
Works Completed.csv,1057,Image,MISSING_OR_BLANK,
Works Completed.csv,1058,Image,MISSING_OR_BLANK,
Works Completed.csv,1059,Image,MISSING_OR_BLANK,
Works Completed.csv,1071,Image,MISSING_OR_BLANK,
Works Completed.csv,1088,Image,MISSING_OR_BLANK,
Works Completed.csv,1102,Image,MISSING_OR_BLANK,
Works Completed.csv,1104,Image,MISSING_OR_BLANK,
Works Completed.csv,1105,Image,MISSING_OR_BLANK,
Works Completed.csv,1108,Image,MISSING_OR_BLANK,
Works Completed.csv,1109,Image,MISSING_OR_BLANK,
Works Completed.csv,1110,Image,MISSING_OR_BLANK,
Works Completed.csv,1111,Image,MISSING_OR_BLANK,
Works Completed.csv,1112,Image,MISSING_OR_BLANK,
Works Completed.csv,1113,Image,MISSING_OR_BLANK,
Works Completed.csv,1114,Image,MISSING_OR_BLANK,
Works Completed.csv,1115,Image,MISSING_OR_BLANK,
Works Completed.csv,1126,Image,MISSING_OR_BLANK,
Works Completed.csv,1129,Image,MISSING_OR_BLANK,
Works Completed.csv,1139,Image,MISSING_OR_BLANK,
Works Completed.csv,1140,Image,MISSING_OR_BLANK,
Works Completed.csv,1141,Image,MISSING_OR_BLANK,
Works Completed.csv,1149,Image,MISSING_OR_BLANK,
Works Completed.csv,1150,Image,MISSING_OR_BLANK,
Works Completed.csv,1151,Image,MISSING_OR_BLANK,
Works Completed.csv,1153,Image,MISSING_OR_BLANK,
Works Completed.csv,1156,Image,MISSING_OR_BLANK,
Works Completed.csv,1160,Image,MISSING_OR_BLANK,
Works Completed.csv,1162,Image,MISSING_OR_BLANK,
Works Completed.csv,1164,Image,MISSING_OR_BLANK,
Works Completed.csv,1165,Image,MISSING_OR_BLANK,
Works Completed.csv,1166,Image,MISSING_OR_BLANK,
Works Completed.csv,1167,Image,MISSING_OR_BLANK,
Works Completed.csv,1168,Image,MISSING_OR_BLANK,
Works Completed.csv,1169,Image,MISSING_OR_BLANK,
Works Completed.csv,1170,Image,MISSING_OR_BLANK,
Works Completed.csv,1171,Image,MISSING_OR_BLANK,
Works Completed.csv,1173,Image,MISSING_OR_BLANK,
Works Completed.csv,1175,Image,MISSING_OR_BLANK,
Works Completed.csv,1176,Image,MISSING_OR_BLANK,
Works Completed.csv,1177,Image,MISSING_OR_BLANK,
Works Completed.csv,1178,Image,MISSING_OR_BLANK,
Works Completed.csv,1180,Image,MISSING_OR_BLANK,
Works Completed.csv,1181,Image,MISSING_OR_BLANK,
Works Completed.csv,1184,Image,MISSING_OR_BLANK,
Works Completed.csv,1185,Image,MISSING_OR_BLANK,
Works Completed.csv,1186,Image,MISSING_OR_BLANK,
Works Completed.csv,1187,Image,MISSING_OR_BLANK,
Works Completed.csv,1188,Image,MISSING_OR_BLANK,
Works Completed.csv,1189,Image,MISSING_OR_BLANK,
Works Completed.csv,1190,Image,MISSING_OR_BLANK,
Works Completed.csv,1191,Image,MISSING_OR_BLANK,
Works Completed.csv,1192,Image,MISSING_OR_BLANK,
Works Completed.csv,1193,Image,MISSING_OR_BLANK,
Works Completed.csv,1197,Image,MISSING_OR_BLANK,
Works Completed.csv,1198,Image,MISSING_OR_BLANK,
Works Completed.csv,1199,Image,MISSING_OR_BLANK,
Works Completed.csv,1200,Image,MISSING_OR_BLANK,
Works Completed.csv,1203,Image,MISSING_OR_BLANK,
Works Completed.csv,1204,Image,MISSING_OR_BLANK,
Works Completed.csv,1206,Image,MISSING_OR_BLANK,
Works Completed.csv,1207,Image,MISSING_OR_BLANK,
Works Completed.csv,1208,Image,MISSING_OR_BLANK,
Works Completed.csv,1209,Image,MISSING_OR_BLANK,
Works Completed.csv,1211,Image,MISSING_OR_BLANK,
Works Completed.csv,1214,Image,MISSING_OR_BLANK,
Works Completed.csv,1216,Image,MISSING_OR_BLANK,
Works Completed.csv,1217,Image,MISSING_OR_BLANK,
Works Completed.csv,1221,Image,MISSING_OR_BLANK,
Works Completed.csv,1225,Image,MISSING_OR_BLANK,
Works Completed.csv,1226,Image,MISSING_OR_BLANK,
Works Completed.csv,1228,Image,MISSING_OR_BLANK,
Works Completed.csv,1230,Image,MISSING_OR_BLANK,
Works Completed.csv,1240,Image,MISSING_OR_BLANK,
Works Completed.csv,1242,Image,MISSING_OR_BLANK,
Works Completed.csv,1244,Image,MISSING_OR_BLANK,
Works Completed.csv,1245,Image,MISSING_OR_BLANK,
Works Completed.csv,1246,Image,MISSING_OR_BLANK,
Works Completed.csv,1247,Image,MISSING_OR_BLANK,
Works Completed.csv,1249,Image,MISSING_OR_BLANK,
Works Completed.csv,1252,Image,MISSING_OR_BLANK,
Works Completed.csv,1255,Image,MISSING_OR_BLANK,
Works Completed.csv,1256,Image,MISSING_OR_BLANK,
Works Completed.csv,1259,Image,MISSING_OR_BLANK,
Works Completed.csv,1260,Image,MISSING_OR_BLANK,
Works Completed.csv,1261,Image,MISSING_OR_BLANK,
Works Completed.csv,1262,Image,MISSING_OR_BLANK,
Works Completed.csv,1263,Image,MISSING_OR_BLANK,
Works Completed.csv,1270,Image,MISSING_OR_BLANK,
Works Completed.csv,1271,Image,MISSING_OR_BLANK,
Works Completed.csv,1284,Image,MISSING_OR_BLANK,
Works Completed.csv,1288,Image,MISSING_OR_BLANK,
Works Completed.csv,1296,Image,MISSING_OR_BLANK,
Works Completed.csv,1297,Image,MISSING_OR_BLANK,
Works Completed.csv,1301,Image,MISSING_OR_BLANK,
Works Completed.csv,1302,Image,MISSING_OR_BLANK,
Works Completed.csv,1303,Image,MISSING_OR_BLANK,
Works Completed.csv,1305,Image,MISSING_OR_BLANK,
Works Completed.csv,1306,Image,MISSING_OR_BLANK,
Works Completed.csv,1307,Image,MISSING_OR_BLANK,
Works Completed.csv,1308,Image,MISSING_OR_BLANK,
Works Completed.csv,1314,Image,MISSING_OR_BLANK,
Works Completed.csv,1315,Image,MISSING_OR_BLANK,
Works Completed.csv,1316,Image,MISSING_OR_BLANK,
Works Completed.csv,1317,Image,MISSING_OR_BLANK,
Works Completed.csv,1318,Image,MISSING_OR_BLANK,
Works Completed.csv,1319,Image,MISSING_OR_BLANK,
Works Completed.csv,1324,Image,MISSING_OR_BLANK,
Works Completed.csv,1332,Image,MISSING_OR_BLANK,
Works Completed.csv,1333,Image,MISSING_OR_BLANK,
Works Completed.csv,1334,Image,MISSING_OR_BLANK,
Works Completed.csv,1350,Image,MISSING_OR_BLANK,
Works Completed.csv,1352,Image,MISSING_OR_BLANK,
Works Completed.csv,1353,Image,MISSING_OR_BLANK,
Works Completed.csv,1354,Image,MISSING_OR_BLANK,
Works Completed.csv,1355,Image,MISSING_OR_BLANK,
Works Completed.csv,1356,Image,MISSING_OR_BLANK,
Works Completed.csv,1357,Image,MISSING_OR_BLANK,
Works Completed.csv,1358,Image,MISSING_OR_BLANK,
Works Completed.csv,1359,Image,MISSING_OR_BLANK,
Works Completed.csv,1360,Image,MISSING_OR_BLANK,
Works Completed.csv,1363,Image,MISSING_OR_BLANK,
Works Completed.csv,1364,Image,MISSING_OR_BLANK,
Works Completed.csv,1366,Image,MISSING_OR_BLANK,
Works Completed.csv,1367,Image,MISSING_OR_BLANK,
Works Completed.csv,1369,Image,MISSING_OR_BLANK,
Works Completed.csv,1400,Image,MISSING_OR_BLANK,
Works Completed.csv,1402,Image,MISSING_OR_BLANK,
Works Completed.csv,1403,Image,MISSING_OR_BLANK,
Works Completed.csv,1404,Image,MISSING_OR_BLANK,
Works Completed.csv,1409,Image,MISSING_OR_BLANK,
Works Completed.csv,1410,Image,MISSING_OR_BLANK,
Works Completed.csv,1411,Image,MISSING_OR_BLANK,
Works Completed.csv,1412,Image,MISSING_OR_BLANK,
Works Completed.csv,1413,Image,MISSING_OR_BLANK,
Works Completed.csv,1425,Image,MISSING_OR_BLANK,
Works Completed.csv,1434,Image,MISSING_OR_BLANK,
Works Completed.csv,1450,Image,MISSING_OR_BLANK,
Works Completed.csv,1451,Image,MISSING_OR_BLANK,
Works Completed.csv,1452,Image,MISSING_OR_BLANK,
Works Completed.csv,1453,Image,MISSING_OR_BLANK,
Works Completed.csv,1454,Image,MISSING_OR_BLANK,
Works Completed.csv,1455,Image,MISSING_OR_BLANK,
Works Completed.csv,1456,Image,MISSING_OR_BLANK,
Works Completed.csv,1457,Image,MISSING_OR_BLANK,
Works Completed.csv,1461,Image,MISSING_OR_BLANK,
Works Completed.csv,1462,Image,MISSING_OR_BLANK,
Works Completed.csv,1463,Image,MISSING_OR_BLANK,
Works Completed.csv,1464,Image,MISSING_OR_BLANK,
Works Completed.csv,1465,Image,MISSING_OR_BLANK,
Works Completed.csv,1466,Image,MISSING_OR_BLANK,
Works Completed.csv,1467,Image,MISSING_OR_BLANK,
Works Completed.csv,1472,Image,MISSING_OR_BLANK,
Works Completed.csv,1473,Image,MISSING_OR_BLANK,
Works Completed.csv,1474,Image,MISSING_OR_BLANK,
Works Completed.csv,1475,Image,MISSING_OR_BLANK,
Works Completed.csv,1476,Image,MISSING_OR_BLANK,
Works Completed.csv,1477,Image,MISSING_OR_BLANK,
Works Completed.csv,1478,Image,MISSING_OR_BLANK,
Works Completed.csv,1479,Image,MISSING_OR_BLANK,
Works Completed.csv,1480,Image,MISSING_OR_BLANK,
Works Completed.csv,1481,Image,MISSING_OR_BLANK,
Works Completed.csv,1482,Image,MISSING_OR_BLANK,
Works Completed.csv,1483,Image,MISSING_OR_BLANK,
Works Completed.csv,1485,Image,MISSING_OR_BLANK,
Works Completed.csv,1497,Image,MISSING_OR_BLANK,
Works Completed.csv,1499,Image,MISSING_OR_BLANK,
Works Completed.csv,1500,Image,MISSING_OR_BLANK,
Works Completed.csv,1506,Image,MISSING_OR_BLANK,
Works Completed.csv,1507,Image,MISSING_OR_BLANK,
Works Completed.csv,1508,Image,MISSING_OR_BLANK,
Works Completed.csv,1510,Image,MISSING_OR_BLANK,
Works Completed.csv,1511,Image,MISSING_OR_BLANK,
Works Completed.csv,1522,Image,MISSING_OR_BLANK,
Works Completed.csv,1523,Image,MISSING_OR_BLANK,
Works Completed.csv,1524,Image,MISSING_OR_BLANK,
Works Completed.csv,1527,Image,MISSING_OR_BLANK,
Works Completed.csv,1531,Image,MISSING_OR_BLANK,
Works Completed.csv,1536,Image,MISSING_OR_BLANK,
Works Completed.csv,1540,Image,MISSING_OR_BLANK,
Works Completed.csv,1543,Image,MISSING_OR_BLANK,
Works Completed.csv,1544,Image,MISSING_OR_BLANK,
Works Completed.csv,1545,Image,MISSING_OR_BLANK,
Works Completed.csv,1546,Image,MISSING_OR_BLANK,
Works Completed.csv,1547,Image,MISSING_OR_BLANK,
Works Completed.csv,1548,Image,MISSING_OR_BLANK,
Works Completed.csv,1549,Image,MISSING_OR_BLANK,
Works Completed.csv,1550,Image,MISSING_OR_BLANK,
Works Completed.csv,1551,Image,MISSING_OR_BLANK,
Works Completed.csv,1552,Image,MISSING_OR_BLANK,
Works Completed.csv,1553,Image,MISSING_OR_BLANK,
Works Completed.csv,1554,Image,MISSING_OR_BLANK,
Works Completed.csv,1555,Image,MISSING_OR_BLANK,
Works Completed.csv,1556,Image,MISSING_OR_BLANK,
Works Completed.csv,1557,Image,MISSING_OR_BLANK,
Works Completed.csv,1558,Image,MISSING_OR_BLANK,
Works Completed.csv,1561,Image,MISSING_OR_BLANK,
Works Completed.csv,1563,Image,MISSING_OR_BLANK,
Works Completed.csv,1566,Image,MISSING_OR_BLANK,
Works Completed.csv,1574,Image,MISSING_OR_BLANK,
Works Completed.csv,1575,Image,MISSING_OR_BLANK,
Works Completed.csv,1576,Image,MISSING_OR_BLANK,
Works Completed.csv,1577,Image,MISSING_OR_BLANK,
Works Completed.csv,1578,Image,MISSING_OR_BLANK,
Works Completed.csv,1579,Image,MISSING_OR_BLANK,
Works Completed.csv,1580,Image,MISSING_OR_BLANK,
Works Completed.csv,1581,Image,MISSING_OR_BLANK,
Works Completed.csv,1582,Image,MISSING_OR_BLANK,
Works Completed.csv,1583,Image,MISSING_OR_BLANK,
Works Completed.csv,1584,Image,MISSING_OR_BLANK,
Works Completed.csv,1585,Image,MISSING_OR_BLANK,
Works Completed.csv,1586,Image,MISSING_OR_BLANK,
Works Completed.csv,1587,Image,MISSING_OR_BLANK,
Works Completed.csv,1588,Image,MISSING_OR_BLANK,
Works Completed.csv,1589,Image,MISSING_OR_BLANK,
Works Completed.csv,1590,Image,MISSING_OR_BLANK,
Works Completed.csv,1591,Image,MISSING_OR_BLANK,
Works Completed.csv,1592,Image,MISSING_OR_BLANK,
Works Completed.csv,1593,Image,MISSING_OR_BLANK,
Works Completed.csv,1595,Image,MISSING_OR_BLANK,
Works Completed.csv,1596,Image,MISSING_OR_BLANK,
Works Completed.csv,1597,Image,MISSING_OR_BLANK,
Works Completed.csv,1598,Image,MISSING_OR_BLANK,
Works Completed.csv,1599,Image,MISSING_OR_BLANK,
Works Completed.csv,1600,Image,MISSING_OR_BLANK,
Works Completed.csv,1601,Image,MISSING_OR_BLANK,
Works Completed.csv,1602,Image,MISSING_OR_BLANK,
Works Completed.csv,1603,Image,MISSING_OR_BLANK,
Works Completed.csv,1604,Image,MISSING_OR_BLANK,
Works Completed.csv,1605,Image,MISSING_OR_BLANK,
Works Completed.csv,1606,Image,MISSING_OR_BLANK,
Works Completed.csv,1607,Image,MISSING_OR_BLANK,
Works Completed.csv,1608,Image,MISSING_OR_BLANK,
Works Completed.csv,1609,Image,MISSING_OR_BLANK,
Works Completed.csv,1610,Image,MISSING_OR_BLANK,
Works Completed.csv,1611,Image,MISSING_OR_BLANK,
Works Completed.csv,1612,Image,MISSING_OR_BLANK,
Works Completed.csv,1613,Image,MISSING_OR_BLANK,
Works Completed.csv,1614,Image,MISSING_OR_BLANK,
Works Completed.csv,1615,Image,MISSING_OR_BLANK,
Works Completed.csv,1652,Image,MISSING_OR_BLANK,
Works Completed.csv,1653,Image,MISSING_OR_BLANK,
Works Completed.csv,1654,Image,MISSING_OR_BLANK,
Works Completed.csv,1655,Image,MISSING_OR_BLANK,
Works Completed.csv,1656,Image,MISSING_OR_BLANK,
Works Completed.csv,1657,Image,MISSING_OR_BLANK,
Works Completed.csv,1658,Image,MISSING_OR_BLANK,
Works Completed.csv,1659,Image,MISSING_OR_BLANK,
Works Completed.csv,1660,Image,MISSING_OR_BLANK,
Works Completed.csv,1661,Image,MISSING_OR_BLANK,
Works Completed.csv,1662,Image,MISSING_OR_BLANK,
Works Completed.csv,1663,Image,MISSING_OR_BLANK,
Works Completed.csv,1664,Image,MISSING_OR_BLANK,
Works Completed.csv,1665,Image,MISSING_OR_BLANK,
Works Completed.csv,1667,Image,MISSING_OR_BLANK,
Works Completed.csv,1668,Image,MISSING_OR_BLANK,
Works Completed.csv,1669,Image,MISSING_OR_BLANK,
Works Completed.csv,1671,Image,MISSING_OR_BLANK,
Works Completed.csv,1674,Image,MISSING_OR_BLANK,
Works Completed.csv,1681,Image,MISSING_OR_BLANK,
Works Completed.csv,1682,Image,MISSING_OR_BLANK,
Works Completed.csv,1683,Image,MISSING_OR_BLANK,
Works Completed.csv,1684,Image,MISSING_OR_BLANK,
Works Completed.csv,1685,Image,MISSING_OR_BLANK,
Works Completed.csv,1686,Image,MISSING_OR_BLANK,
Works Completed.csv,1687,Image,MISSING_OR_BLANK,
Works Completed.csv,1688,Image,MISSING_OR_BLANK,
Works Completed.csv,1689,Image,MISSING_OR_BLANK,
Works Completed.csv,1699,Image,MISSING_OR_BLANK,
Works Completed.csv,1700,Image,MISSING_OR_BLANK,
Works Completed.csv,1701,Image,MISSING_OR_BLANK,
Works Completed.csv,1702,Image,MISSING_OR_BLANK,
Works Completed.csv,1703,Image,MISSING_OR_BLANK,
Works Completed.csv,1704,Image,MISSING_OR_BLANK,
Works Completed.csv,1705,Image,MISSING_OR_BLANK,
Works Completed.csv,1706,Image,MISSING_OR_BLANK,
Works Completed.csv,1707,Image,MISSING_OR_BLANK,
Works Completed.csv,1708,Image,MISSING_OR_BLANK,
Works Completed.csv,1709,Image,MISSING_OR_BLANK,
Works Completed.csv,1710,Image,MISSING_OR_BLANK,
Works Completed.csv,1711,Image,MISSING_OR_BLANK,
Works Completed.csv,1712,Image,MISSING_OR_BLANK,
Works Completed.csv,1713,Image,MISSING_OR_BLANK,
Works Completed.csv,1714,Image,MISSING_OR_BLANK,
Works Completed.csv,1715,Image,MISSING_OR_BLANK,
Works Completed.csv,1716,Image,MISSING_OR_BLANK,
Works Completed.csv,1717,Image,MISSING_OR_BLANK,
Works Completed.csv,1718,Image,MISSING_OR_BLANK,
Works Completed.csv,1719,Image,MISSING_OR_BLANK,
Works Completed.csv,1720,Image,MISSING_OR_BLANK,
Works Completed.csv,1721,Image,MISSING_OR_BLANK,
Works Completed.csv,1723,Image,MISSING_OR_BLANK,
Works Completed.csv,1725,Image,MISSING_OR_BLANK,
Works Completed.csv,1726,Image,MISSING_OR_BLANK,
Works Completed.csv,1727,Image,MISSING_OR_BLANK,
Works Completed.csv,1729,Image,MISSING_OR_BLANK,
Works Completed.csv,1730,Image,MISSING_OR_BLANK,
Works Completed.csv,1731,Image,MISSING_OR_BLANK,
Works Completed.csv,1732,Image,MISSING_OR_BLANK,
Works Completed.csv,1733,Image,MISSING_OR_BLANK,
Works Completed.csv,1734,Image,MISSING_OR_BLANK,
Works Completed.csv,1735,Image,MISSING_OR_BLANK,
Works Completed.csv,1736,Image,MISSING_OR_BLANK,
Works Completed.csv,1737,Image,MISSING_OR_BLANK,
Works Completed.csv,1738,Image,MISSING_OR_BLANK,
Works Completed.csv,1740,Image,MISSING_OR_BLANK,
Works Completed.csv,1749,Image,MISSING_OR_BLANK,
Works Completed.csv,1750,Image,MISSING_OR_BLANK,
Works Completed.csv,1751,Image,MISSING_OR_BLANK,
Works Completed.csv,1752,Image,MISSING_OR_BLANK,
Works Completed.csv,1753,Image,MISSING_OR_BLANK,
Works Completed.csv,1754,Image,MISSING_OR_BLANK,
Works Completed.csv,1755,Image,MISSING_OR_BLANK,
Works Completed.csv,1756,Image,MISSING_OR_BLANK,
Works Completed.csv,1757,Image,MISSING_OR_BLANK,
Works Completed.csv,1758,Image,MISSING_OR_BLANK,
Works Completed.csv,1759,Image,MISSING_OR_BLANK,
Works Completed.csv,1760,Image,MISSING_OR_BLANK,
Works Completed.csv,1761,Image,MISSING_OR_BLANK,
Works Completed.csv,1762,Image,MISSING_OR_BLANK,
Works Completed.csv,1763,Image,MISSING_OR_BLANK,
Works Completed.csv,1764,Image,MISSING_OR_BLANK,
Works Completed.csv,1765,Image,MISSING_OR_BLANK,
Works Completed.csv,1767,Image,MISSING_OR_BLANK,
Works Completed.csv,1768,Image,MISSING_OR_BLANK,
Works Completed.csv,1769,Image,MISSING_OR_BLANK,
Works Completed.csv,1770,Image,MISSING_OR_BLANK,
Works Completed.csv,1771,Image,MISSING_OR_BLANK,
Works Completed.csv,1772,Image,MISSING_OR_BLANK,
Works Completed.csv,1774,Image,MISSING_OR_BLANK,
Works Completed.csv,1775,Image,MISSING_OR_BLANK,
Works Completed.csv,1776,Image,MISSING_OR_BLANK,
Works Completed.csv,1777,Image,MISSING_OR_BLANK,
Works Completed.csv,1778,Image,MISSING_OR_BLANK,
Works Completed.csv,1779,Image,MISSING_OR_BLANK,
Works Completed.csv,1780,Image,MISSING_OR_BLANK,
Works Completed.csv,1781,Image,MISSING_OR_BLANK,
Works Completed.csv,1782,Image,MISSING_OR_BLANK,
Works Completed.csv,1783,Image,MISSING_OR_BLANK,
Works Completed.csv,1784,Image,MISSING_OR_BLANK,
Works Completed.csv,1785,Image,MISSING_OR_BLANK,
Works Completed.csv,1787,Image,MISSING_OR_BLANK,
Works Completed.csv,1788,Image,MISSING_OR_BLANK,
Works Completed.csv,1789,Image,MISSING_OR_BLANK,
Works Completed.csv,1790,Image,MISSING_OR_BLANK,
Works Completed.csv,1791,Image,MISSING_OR_BLANK,
Works Completed.csv,1792,Image,MISSING_OR_BLANK,
Works Completed.csv,1794,Image,MISSING_OR_BLANK,
Works Completed.csv,1795,Image,MISSING_OR_BLANK,
Works Completed.csv,1798,Image,MISSING_OR_BLANK,
Works Completed.csv,1804,Image,MISSING_OR_BLANK,
Works Completed.csv,1805,Image,MISSING_OR_BLANK,
Works Completed.csv,1806,Image,MISSING_OR_BLANK,
Works Completed.csv,1807,Image,MISSING_OR_BLANK,
Works Completed.csv,1808,Image,MISSING_OR_BLANK,
Works Completed.csv,1809,Image,MISSING_OR_BLANK,
Works Completed.csv,1811,Image,MISSING_OR_BLANK,
Works Completed.csv,1812,Image,MISSING_OR_BLANK,
Works Completed.csv,1813,Image,MISSING_OR_BLANK,
Works Completed.csv,1814,Image,MISSING_OR_BLANK,
Works Completed.csv,1815,Image,MISSING_OR_BLANK,
Works Completed.csv,1816,Image,MISSING_OR_BLANK,
Works Completed.csv,1817,Image,MISSING_OR_BLANK,
Works Completed.csv,1821,Image,MISSING_OR_BLANK,
Works Completed.csv,1833,Image,MISSING_OR_BLANK,
Works Completed.csv,1834,Image,MISSING_OR_BLANK,
Works Completed.csv,1835,Image,MISSING_OR_BLANK,
Works Completed.csv,1836,Image,MISSING_OR_BLANK,
Works Completed.csv,1837,Image,MISSING_OR_BLANK,
Works Completed.csv,1838,Image,MISSING_OR_BLANK,
Works Completed.csv,1841,Image,MISSING_OR_BLANK,
Works Completed.csv,1848,Image,MISSING_OR_BLANK,
Works Completed.csv,1849,Image,MISSING_OR_BLANK,
Works Completed.csv,1851,Image,MISSING_OR_BLANK,
Works Completed.csv,1856,Image,MISSING_OR_BLANK,
Works Completed.csv,1858,Image,MISSING_OR_BLANK,
Works Completed.csv,1859,Image,MISSING_OR_BLANK,
Works Completed.csv,1860,Image,MISSING_OR_BLANK,
Works Completed.csv,1868,Image,MISSING_OR_BLANK,
Works Completed.csv,1873,Image,MISSING_OR_BLANK,
Works Completed.csv,1879,Image,MISSING_OR_BLANK,
Works Completed.csv,1880,Image,MISSING_OR_BLANK,
Works Completed.csv,1886,Image,MISSING_OR_BLANK,
Works Completed.csv,1888,Image,MISSING_OR_BLANK,
Works Completed.csv,1889,Image,MISSING_OR_BLANK,
Works Completed.csv,1890,Image,MISSING_OR_BLANK,
Works Completed.csv,1891,Image,MISSING_OR_BLANK,
Works Completed.csv,1892,Image,MISSING_OR_BLANK,
Works Completed.csv,1894,Image,MISSING_OR_BLANK,
Works Completed.csv,1899,Image,MISSING_OR_BLANK,
Works Completed.csv,1900,Image,MISSING_OR_BLANK,
Works Completed.csv,1901,Image,MISSING_OR_BLANK,
Works Completed.csv,1905,Image,MISSING_OR_BLANK,
Works Completed.csv,1908,Image,MISSING_OR_BLANK,
Works Completed.csv,1917,Image,MISSING_OR_BLANK,
Works Completed.csv,1922,Image,MISSING_OR_BLANK,
Works Completed.csv,1929,Image,MISSING_OR_BLANK,
Works Completed.csv,1930,Image,MISSING_OR_BLANK,
Works Completed.csv,1932,Image,MISSING_OR_BLANK,
Works Completed.csv,1933,Image,MISSING_OR_BLANK,
Works Completed.csv,1934,Image,MISSING_OR_BLANK,
Works Completed.csv,1943,Image,MISSING_OR_BLANK,
Works Completed.csv,1963,Image,MISSING_OR_BLANK,
Works Completed.csv,1971,Image,MISSING_OR_BLANK,
Works Completed.csv,1974,Image,MISSING_OR_BLANK,
Works Completed.csv,1975,Image,MISSING_OR_BLANK,
Works Completed.csv,1984,Image,MISSING_OR_BLANK,
Works Completed.csv,1987,Image,MISSING_OR_BLANK,
Works Completed.csv,1995,Image,MISSING_OR_BLANK,
Works Completed.csv,1996,Image,MISSING_OR_BLANK,
Works Completed.csv,1997,Image,MISSING_OR_BLANK,
Works Completed.csv,1999,Image,MISSING_OR_BLANK,
Works Completed.csv,2000,Image,MISSING_OR_BLANK,
Works Completed.csv,2001,Image,MISSING_OR_BLANK,
Works Completed.csv,2002,Image,MISSING_OR_BLANK,
Works Completed.csv,2003,Image,MISSING_OR_BLANK,
Works Completed.csv,2004,Image,MISSING_OR_BLANK,
Works Completed.csv,2005,Image,MISSING_OR_BLANK,
Works Completed.csv,2006,Image,MISSING_OR_BLANK,
Works Completed.csv,2007,Image,MISSING_OR_BLANK,
Works Completed.csv,2008,Image,MISSING_OR_BLANK,
Works Completed.csv,2009,Image,MISSING_OR_BLANK,
Works Completed.csv,2010,Image,MISSING_OR_BLANK,
Works Completed.csv,2011,Image,MISSING_OR_BLANK,
Works Completed.csv,2012,Image,MISSING_OR_BLANK,
Works Completed.csv,2013,Image,MISSING_OR_BLANK,
Works Completed.csv,2014,Image,MISSING_OR_BLANK,
Works Completed.csv,2015,Image,MISSING_OR_BLANK,
Works Completed.csv,2016,Image,MISSING_OR_BLANK,
Works Completed.csv,2018,Image,MISSING_OR_BLANK,
Works Completed.csv,2019,Image,MISSING_OR_BLANK,
Works Completed.csv,2020,Image,MISSING_OR_BLANK,
Works Completed.csv,2021,Image,MISSING_OR_BLANK,
Works Completed.csv,2022,Image,MISSING_OR_BLANK,
Works Completed.csv,2024,Image,MISSING_OR_BLANK,
Works Completed.csv,2025,Image,MISSING_OR_BLANK,
Works Completed.csv,2027,Image,MISSING_OR_BLANK,
Works Completed.csv,2029,Image,MISSING_OR_BLANK,
Works Completed.csv,2030,Image,MISSING_OR_BLANK,
Works Completed.csv,2031,Image,MISSING_OR_BLANK,
Works Completed.csv,2032,Image,MISSING_OR_BLANK,
Works Completed.csv,2033,Image,MISSING_OR_BLANK,
Works Completed.csv,2034,Image,MISSING_OR_BLANK,
Works Completed.csv,2035,Image,MISSING_OR_BLANK,
Works Completed.csv,2036,Image,MISSING_OR_BLANK,
Works Completed.csv,2037,Image,MISSING_OR_BLANK,
Works Completed.csv,2038,Image,MISSING_OR_BLANK,
Works Completed.csv,2039,Image,MISSING_OR_BLANK,
Works Completed.csv,2040,Image,MISSING_OR_BLANK,
Works Completed.csv,2041,Image,MISSING_OR_BLANK,
Works Completed.csv,2042,Image,MISSING_OR_BLANK,
Works Completed.csv,2043,Image,MISSING_OR_BLANK,
Works Completed.csv,2044,Image,MISSING_OR_BLANK,
Works Completed.csv,2045,Image,MISSING_OR_BLANK,
Works Completed.csv,2046,Image,MISSING_OR_BLANK,
Works Completed.csv,2047,Image,MISSING_OR_BLANK,
Works Completed.csv,2048,Image,MISSING_OR_BLANK,
Works Completed.csv,2049,Image,MISSING_OR_BLANK,
Works Completed.csv,2050,Image,MISSING_OR_BLANK,
Works Completed.csv,2051,Image,MISSING_OR_BLANK,
Works Completed.csv,2052,Image,MISSING_OR_BLANK,
Works Completed.csv,2053,Image,MISSING_OR_BLANK,
Works Completed.csv,2054,Image,MISSING_OR_BLANK,
Works Completed.csv,2055,Image,MISSING_OR_BLANK,
Works Completed.csv,2056,Image,MISSING_OR_BLANK,
Works Completed.csv,2058,Image,MISSING_OR_BLANK,
Works Completed.csv,2060,Image,MISSING_OR_BLANK,
Works Completed.csv,2061,Image,MISSING_OR_BLANK,
Works Completed.csv,2063,Image,MISSING_OR_BLANK,
Works Completed.csv,2064,Image,MISSING_OR_BLANK,
Works Completed.csv,2065,Image,MISSING_OR_BLANK,
Works Completed.csv,2066,Image,MISSING_OR_BLANK,
Works Completed.csv,2068,Image,MISSING_OR_BLANK,
Works Completed.csv,2069,Image,MISSING_OR_BLANK,
Works Completed.csv,2070,Image,MISSING_OR_BLANK,
Works Completed.csv,2072,Image,MISSING_OR_BLANK,
Works Completed.csv,2073,Image,MISSING_OR_BLANK,
Works Completed.csv,2074,Image,MISSING_OR_BLANK,
Works Completed.csv,2077,Image,MISSING_OR_BLANK,
Works Completed.csv,2080,Image,MISSING_OR_BLANK,
Works Completed.csv,2081,Image,MISSING_OR_BLANK,
Works Completed.csv,2090,Image,MISSING_OR_BLANK,
Works Completed.csv,2091,Image,MISSING_OR_BLANK,
Works Completed.csv,2092,Image,MISSING_OR_BLANK,
Works Completed.csv,2093,Image,MISSING_OR_BLANK,
Works Completed.csv,2094,Image,MISSING_OR_BLANK,
Works Completed.csv,2095,Image,MISSING_OR_BLANK,
Works Completed.csv,2096,Image,MISSING_OR_BLANK,
Works Completed.csv,2097,Image,MISSING_OR_BLANK,
Works Completed.csv,2098,Image,MISSING_OR_BLANK,
Works Completed.csv,2099,Image,MISSING_OR_BLANK,
Works Completed.csv,2100,Image,MISSING_OR_BLANK,
Works Completed.csv,2101,Image,MISSING_OR_BLANK,
Works Completed.csv,2102,Image,MISSING_OR_BLANK,
Works Completed.csv,2103,Image,MISSING_OR_BLANK,
Works Completed.csv,2104,Image,MISSING_OR_BLANK,
Works Completed.csv,2105,Image,MISSING_OR_BLANK,
Works Completed.csv,2106,Image,MISSING_OR_BLANK,
Works Completed.csv,2107,Image,MISSING_OR_BLANK,
Works Completed.csv,2108,Image,MISSING_OR_BLANK,
Works Completed.csv,2109,Image,MISSING_OR_BLANK,
Works Completed.csv,2110,Image,MISSING_OR_BLANK,
Works Completed.csv,2111,Image,MISSING_OR_BLANK,
Works Completed.csv,2112,Image,MISSING_OR_BLANK,
Works Completed.csv,2113,Image,MISSING_OR_BLANK,
Works Completed.csv,2114,Image,MISSING_OR_BLANK,
Works Completed.csv,2115,Image,MISSING_OR_BLANK,
Works Completed.csv,2116,Image,MISSING_OR_BLANK,
Works Completed.csv,2117,Image,MISSING_OR_BLANK,
Works Completed.csv,2118,Image,MISSING_OR_BLANK,
Works Completed.csv,2119,Image,MISSING_OR_BLANK,
Works Completed.csv,2120,Image,MISSING_OR_BLANK,
Works Completed.csv,2121,Image,MISSING_OR_BLANK,
Works Completed.csv,2122,Image,MISSING_OR_BLANK,
Works Completed.csv,2123,Image,MISSING_OR_BLANK,
Works Completed.csv,2124,Image,MISSING_OR_BLANK,
Works Completed.csv,2125,Image,MISSING_OR_BLANK,
Works Completed.csv,2126,Image,MISSING_OR_BLANK,
Works Completed.csv,2127,Image,MISSING_OR_BLANK,
Works Completed.csv,2128,Image,MISSING_OR_BLANK,
Works Completed.csv,2131,Image,MISSING_OR_BLANK,
Works Completed.csv,2136,Image,MISSING_OR_BLANK,
Works Completed.csv,2154,Image,MISSING_OR_BLANK,
Works Completed.csv,2155,Image,MISSING_OR_BLANK,
Works Completed.csv,2156,Image,MISSING_OR_BLANK,
Works Completed.csv,2157,Image,MISSING_OR_BLANK,
Works Completed.csv,2158,Image,MISSING_OR_BLANK,
Works Completed.csv,2159,Image,MISSING_OR_BLANK,
Works Completed.csv,2160,Image,MISSING_OR_BLANK,
Works Completed.csv,2161,Image,MISSING_OR_BLANK,
Works Completed.csv,2162,Image,MISSING_OR_BLANK,
Works Completed.csv,2163,Image,MISSING_OR_BLANK,
Works Completed.csv,2164,Image,MISSING_OR_BLANK,
Works Completed.csv,2165,Image,MISSING_OR_BLANK,
Works Completed.csv,2166,Image,MISSING_OR_BLANK,
Works Completed.csv,2167,Image,MISSING_OR_BLANK,
Works Completed.csv,2176,Image,MISSING_OR_BLANK,
Works Completed.csv,2177,Image,MISSING_OR_BLANK,
Works Completed.csv,2180,Image,MISSING_OR_BLANK,
Works Completed.csv,2187,Image,MISSING_OR_BLANK,
Works Completed.csv,2188,Image,MISSING_OR_BLANK,
Works Completed.csv,2189,Image,MISSING_OR_BLANK,
Works Completed.csv,2190,Image,MISSING_OR_BLANK,
Works Completed.csv,2191,Image,MISSING_OR_BLANK,
Works Completed.csv,2192,Image,MISSING_OR_BLANK,
Works Completed.csv,2197,Image,MISSING_OR_BLANK,
Works Completed.csv,2199,Image,MISSING_OR_BLANK,
Works Completed.csv,2202,Image,MISSING_OR_BLANK,
Works Completed.csv,2203,Image,MISSING_OR_BLANK,
Works Completed.csv,2204,Image,MISSING_OR_BLANK,
Works Completed.csv,2207,Image,MISSING_OR_BLANK,
Works Completed.csv,2211,Image,MISSING_OR_BLANK,
Works Completed.csv,2212,Image,MISSING_OR_BLANK,
Works Completed.csv,2214,Image,MISSING_OR_BLANK,
Works Completed.csv,2222,Image,MISSING_OR_BLANK,
Works Completed.csv,2223,Image,MISSING_OR_BLANK,
Works Completed.csv,2224,Image,MISSING_OR_BLANK,
Works Completed.csv,2225,Image,MISSING_OR_BLANK,
Works Completed.csv,2226,Image,MISSING_OR_BLANK,
Works Completed.csv,2227,Image,MISSING_OR_BLANK,
Works Completed.csv,2228,Image,MISSING_OR_BLANK,
Works Completed.csv,2229,Image,MISSING_OR_BLANK,
Works Completed.csv,2230,Image,MISSING_OR_BLANK,
Works Completed.csv,2231,Image,MISSING_OR_BLANK,
Works Completed.csv,2232,Image,MISSING_OR_BLANK,
Works Completed.csv,2233,Image,MISSING_OR_BLANK,
Works Completed.csv,2234,Image,MISSING_OR_BLANK,
Works Completed.csv,2235,Image,MISSING_OR_BLANK,
Works Completed.csv,2236,Image,MISSING_OR_BLANK,
Works Completed.csv,2237,Image,MISSING_OR_BLANK,
Works Completed.csv,2238,Image,MISSING_OR_BLANK,
Works Completed.csv,2239,Image,MISSING_OR_BLANK,
Works Completed.csv,2240,Image,MISSING_OR_BLANK,
Works Completed.csv,2241,Image,MISSING_OR_BLANK,
Works Completed.csv,2242,Image,MISSING_OR_BLANK,
Works Completed.csv,2243,Image,MISSING_OR_BLANK,
Works Completed.csv,2244,Image,MISSING_OR_BLANK,
Works Completed.csv,2245,Image,MISSING_OR_BLANK,
Works Completed.csv,2246,Image,MISSING_OR_BLANK,
Works Completed.csv,2247,Image,MISSING_OR_BLANK,
Works Completed.csv,2248,Image,MISSING_OR_BLANK,
Works Completed.csv,2249,Image,MISSING_OR_BLANK,
Works Completed.csv,2250,Image,MISSING_OR_BLANK,
Works Completed.csv,2251,Image,MISSING_OR_BLANK,
Works Completed.csv,2252,Image,MISSING_OR_BLANK,
Works Completed.csv,2253,Image,MISSING_OR_BLANK,
Works Completed.csv,2254,Image,MISSING_OR_BLANK,
Works Completed.csv,2256,Image,MISSING_OR_BLANK,
Works Completed.csv,2257,Image,MISSING_OR_BLANK,
Works Completed.csv,2258,Image,MISSING_OR_BLANK,
Works Completed.csv,2259,Image,MISSING_OR_BLANK,
Works Completed.csv,2262,Image,MISSING_OR_BLANK,
Works Completed.csv,2267,Image,MISSING_OR_BLANK,
Works Completed.csv,2268,Image,MISSING_OR_BLANK,
Works Completed.csv,2269,Image,MISSING_OR_BLANK,
Works Completed.csv,2270,Image,MISSING_OR_BLANK,
Works Completed.csv,2271,Image,MISSING_OR_BLANK,
Works Completed.csv,2272,Image,MISSING_OR_BLANK,
Works Completed.csv,2273,Image,MISSING_OR_BLANK,
Works Completed.csv,2274,Image,MISSING_OR_BLANK,
Works Completed.csv,2287,Image,MISSING_OR_BLANK,
Works Completed.csv,2289,Image,MISSING_OR_BLANK,
Works Completed.csv,2294,Image,MISSING_OR_BLANK,
Works Completed.csv,2295,Image,MISSING_OR_BLANK,
Works Completed.csv,2296,Image,MISSING_OR_BLANK,
Works Completed.csv,2297,Image,MISSING_OR_BLANK,
Works Completed.csv,2298,Image,MISSING_OR_BLANK,
Works Completed.csv,2299,Image,MISSING_OR_BLANK,
Works Completed.csv,2301,Image,MISSING_OR_BLANK,
Works Completed.csv,2302,Image,MISSING_OR_BLANK,
Works Completed.csv,2303,Image,MISSING_OR_BLANK,
Works Completed.csv,2304,Image,MISSING_OR_BLANK,
Works Completed.csv,2305,Image,MISSING_OR_BLANK,
Works Completed.csv,2306,Image,MISSING_OR_BLANK,
Works Completed.csv,2307,Image,MISSING_OR_BLANK,
Works Completed.csv,2308,Image,MISSING_OR_BLANK,
Works Completed.csv,2345,Image,MISSING_OR_BLANK,
Works Completed.csv,2347,Image,MISSING_OR_BLANK,
Works Completed.csv,2352,Image,MISSING_OR_BLANK,
Works Completed.csv,2353,Image,MISSING_OR_BLANK,
Works Completed.csv,2354,Image,MISSING_OR_BLANK,
Works Completed.csv,2356,Image,MISSING_OR_BLANK,
Works Completed.csv,2357,Image,MISSING_OR_BLANK,
Works Completed.csv,2364,Image,MISSING_OR_BLANK,
Works Completed.csv,2371,Image,MISSING_OR_BLANK,
Works Completed.csv,2377,Image,MISSING_OR_BLANK,
Works Completed.csv,2382,Image,MISSING_OR_BLANK,
Works Completed.csv,2383,Image,MISSING_OR_BLANK,
Works Completed.csv,2384,Image,MISSING_OR_BLANK,
Works Completed.csv,2422,Image,MISSING_OR_BLANK,
Works Completed.csv,2426,Image,MISSING_OR_BLANK,
Works Completed.csv,2427,Image,MISSING_OR_BLANK,
Works Completed.csv,2428,Image,MISSING_OR_BLANK,
Works Completed.csv,2429,Image,MISSING_OR_BLANK,
Works Completed.csv,2431,Image,MISSING_OR_BLANK,
Works Completed.csv,2432,Image,MISSING_OR_BLANK,
Works Completed.csv,2433,Image,MISSING_OR_BLANK,
Works Completed.csv,2434,Image,MISSING_OR_BLANK,
Works Completed.csv,2436,Image,MISSING_OR_BLANK,
Works Completed.csv,2439,Image,MISSING_OR_BLANK,
Works Completed.csv,2441,Image,MISSING_OR_BLANK,
Works Completed.csv,2442,Image,MISSING_OR_BLANK,
Works Completed.csv,2445,Image,MISSING_OR_BLANK,
Works Completed.csv,2452,Image,MISSING_OR_BLANK,
Works Completed.csv,2457,Image,MISSING_OR_BLANK,
Works Completed.csv,2459,Image,MISSING_OR_BLANK,
Works Completed.csv,2464,Image,MISSING_OR_BLANK,
Works Completed.csv,2469,Image,MISSING_OR_BLANK,
Works Completed.csv,2470,Image,MISSING_OR_BLANK,
Works Completed.csv,2471,Image,MISSING_OR_BLANK,
Works Completed.csv,2472,Image,MISSING_OR_BLANK,
Works Completed.csv,2473,Image,MISSING_OR_BLANK,
Works Completed.csv,2474,Image,MISSING_OR_BLANK,
Works Completed.csv,2475,Image,MISSING_OR_BLANK,
Works Completed.csv,2476,Image,MISSING_OR_BLANK,
Works Completed.csv,2477,Image,MISSING_OR_BLANK,
Works Completed.csv,2478,Image,MISSING_OR_BLANK,
Works Completed.csv,2479,Image,MISSING_OR_BLANK,
Works Completed.csv,2480,Image,MISSING_OR_BLANK,
Works Completed.csv,2481,Image,MISSING_OR_BLANK,
Works Completed.csv,2482,Image,MISSING_OR_BLANK,
Works Completed.csv,2483,Image,MISSING_OR_BLANK,
Works Completed.csv,2484,Image,MISSING_OR_BLANK,
Works Completed.csv,2485,Image,MISSING_OR_BLANK,
Works Completed.csv,2486,Image,MISSING_OR_BLANK,
Works Completed.csv,2487,Image,MISSING_OR_BLANK,
Works Completed.csv,2488,Image,MISSING_OR_BLANK,
Works Completed.csv,2489,Image,MISSING_OR_BLANK,
Works Completed.csv,2490,Image,MISSING_OR_BLANK,
Works Completed.csv,2491,Image,MISSING_OR_BLANK,
Works Completed.csv,2493,Image,MISSING_OR_BLANK,
Works Completed.csv,2494,Image,MISSING_OR_BLANK,
Works Completed.csv,2496,Image,MISSING_OR_BLANK,
Works Completed.csv,2497,Image,MISSING_OR_BLANK,
Works Completed.csv,2498,Image,MISSING_OR_BLANK,
Works Completed.csv,2499,Image,MISSING_OR_BLANK,
Works Completed.csv,2500,Image,MISSING_OR_BLANK,
Works Completed.csv,2501,Image,MISSING_OR_BLANK,
Works Completed.csv,2502,Image,MISSING_OR_BLANK,
Works Completed.csv,2504,Image,MISSING_OR_BLANK,
Works Completed.csv,2505,Image,MISSING_OR_BLANK,
Works Completed.csv,2506,Image,MISSING_OR_BLANK,
Works Completed.csv,2507,Image,MISSING_OR_BLANK,
Works Completed.csv,2508,Image,MISSING_OR_BLANK,
Works Completed.csv,2509,Image,MISSING_OR_BLANK,
Works Completed.csv,2510,Image,MISSING_OR_BLANK,
Works Completed.csv,2511,Image,MISSING_OR_BLANK,
Works Completed.csv,2512,Image,MISSING_OR_BLANK,
Works Completed.csv,2513,Image,MISSING_OR_BLANK,
Works Completed.csv,2515,Image,MISSING_OR_BLANK,
Works Completed.csv,2516,Image,MISSING_OR_BLANK,
Works Completed.csv,2517,Image,MISSING_OR_BLANK,
Works Completed.csv,2518,Image,MISSING_OR_BLANK,
Works Completed.csv,2519,Image,MISSING_OR_BLANK,
Works Completed.csv,2520,Image,MISSING_OR_BLANK,
Works Completed.csv,2521,Image,MISSING_OR_BLANK,
Works Completed.csv,2522,Image,MISSING_OR_BLANK,
Works Completed.csv,2523,Image,MISSING_OR_BLANK,
Works Completed.csv,2524,Image,MISSING_OR_BLANK,
Works Completed.csv,2525,Image,MISSING_OR_BLANK,
Works Completed.csv,2526,Image,MISSING_OR_BLANK,
Works Completed.csv,2527,Image,MISSING_OR_BLANK,
Works Completed.csv,2528,Image,MISSING_OR_BLANK,
Works Completed.csv,2529,Image,MISSING_OR_BLANK,
Works Completed.csv,2530,Image,MISSING_OR_BLANK,
Works Completed.csv,2531,Image,MISSING_OR_BLANK,
Works Completed.csv,2533,Image,MISSING_OR_BLANK,
Works Completed.csv,2534,Image,MISSING_OR_BLANK,
Works Completed.csv,2535,Image,MISSING_OR_BLANK,
Works Completed.csv,2536,Image,MISSING_OR_BLANK,
Works Completed.csv,2537,Image,MISSING_OR_BLANK,
Works Completed.csv,2538,Image,MISSING_OR_BLANK,
Works Completed.csv,2539,Image,MISSING_OR_BLANK,
Works Completed.csv,2540,Image,MISSING_OR_BLANK,
Works Completed.csv,2541,Image,MISSING_OR_BLANK,
Works Completed.csv,2542,Image,MISSING_OR_BLANK,
Works Completed.csv,2543,Image,MISSING_OR_BLANK,
Works Completed.csv,2544,Image,MISSING_OR_BLANK,
Works Completed.csv,2545,Image,MISSING_OR_BLANK,
Works Completed.csv,2546,Image,MISSING_OR_BLANK,
Works Completed.csv,2547,Image,MISSING_OR_BLANK,
Works Completed.csv,2548,Image,MISSING_OR_BLANK,
Works Completed.csv,2549,Image,MISSING_OR_BLANK,
Works Completed.csv,2550,Image,MISSING_OR_BLANK,
Works Completed.csv,2551,Image,MISSING_OR_BLANK,
Works Completed.csv,2552,Image,MISSING_OR_BLANK,
Works Completed.csv,2554,Image,MISSING_OR_BLANK,
Works Completed.csv,2560,Image,MISSING_OR_BLANK,
Works Completed.csv,2561,Image,MISSING_OR_BLANK,
Works Completed.csv,2563,Image,MISSING_OR_BLANK,
Works Completed.csv,2564,Image,MISSING_OR_BLANK,
Works Completed.csv,2565,Image,MISSING_OR_BLANK,
Works Completed.csv,2566,Image,MISSING_OR_BLANK,
Works Completed.csv,2568,Image,MISSING_OR_BLANK,
Works Completed.csv,2570,Image,MISSING_OR_BLANK,
Works Completed.csv,2594,Image,MISSING_OR_BLANK,
Works Completed.csv,2595,Image,MISSING_OR_BLANK,
Works Completed.csv,2597,Image,MISSING_OR_BLANK,
Works Completed.csv,2609,Image,MISSING_OR_BLANK,
Works Completed.csv,2610,Image,MISSING_OR_BLANK,
Works Completed.csv,2611,Image,MISSING_OR_BLANK,
Works Completed.csv,2612,Image,MISSING_OR_BLANK,
Works Completed.csv,2613,Image,MISSING_OR_BLANK,
Works Completed.csv,2614,Image,MISSING_OR_BLANK,
Works Completed.csv,2615,Image,MISSING_OR_BLANK,
Works Completed.csv,2616,Image,MISSING_OR_BLANK,
Works Completed.csv,2617,Image,MISSING_OR_BLANK,
Works Completed.csv,2618,Image,MISSING_OR_BLANK,
Works Completed.csv,2619,Image,MISSING_OR_BLANK,
Works Completed.csv,2620,Image,MISSING_OR_BLANK,
Works Completed.csv,2621,Image,MISSING_OR_BLANK,
Works Completed.csv,2623,Image,MISSING_OR_BLANK,
Works Completed.csv,2628,Image,MISSING_OR_BLANK,
Works Completed.csv,2636,Image,MISSING_OR_BLANK,
Works Completed.csv,2637,Image,MISSING_OR_BLANK,
Works Completed.csv,2638,Image,MISSING_OR_BLANK,
Works Completed.csv,2640,Image,MISSING_OR_BLANK,
Works Completed.csv,2641,Image,MISSING_OR_BLANK,
Works Completed.csv,2642,Image,MISSING_OR_BLANK,
Works Completed.csv,2645,Image,MISSING_OR_BLANK,
Works Completed.csv,2649,Image,MISSING_OR_BLANK,
Works Completed.csv,2651,Image,MISSING_OR_BLANK,
Works Completed.csv,2656,Image,MISSING_OR_BLANK,
Works Completed.csv,2657,Image,MISSING_OR_BLANK,
Works Completed.csv,2658,Image,MISSING_OR_BLANK,
Works Completed.csv,2659,Image,MISSING_OR_BLANK,
Works Completed.csv,2661,Image,MISSING_OR_BLANK,
Works Completed.csv,2662,Image,MISSING_OR_BLANK,
Works Completed.csv,2663,Image,MISSING_OR_BLANK,
Works Completed.csv,2664,Image,MISSING_OR_BLANK,
Works Completed.csv,2666,Image,MISSING_OR_BLANK,
Works Completed.csv,2668,Image,MISSING_OR_BLANK,
Works Completed.csv,2674,Image,MISSING_OR_BLANK,
Works Completed.csv,2675,Image,MISSING_OR_BLANK,
Works Completed.csv,2676,Image,MISSING_OR_BLANK,
Works Completed.csv,2678,Image,MISSING_OR_BLANK,
Works Completed.csv,2683,Image,MISSING_OR_BLANK,
Works Completed.csv,2684,Image,MISSING_OR_BLANK,
Works Completed.csv,2686,Image,MISSING_OR_BLANK,
Works Completed.csv,2704,Image,MISSING_OR_BLANK,
Works Completed.csv,2728,Image,MISSING_OR_BLANK,
Works Completed.csv,2733,Image,MISSING_OR_BLANK,
Works Completed.csv,2735,Image,MISSING_OR_BLANK,
Works Completed.csv,2738,Image,MISSING_OR_BLANK,
Works Completed.csv,2803,Image,MISSING_OR_BLANK,
Works Completed.csv,2804,Image,MISSING_OR_BLANK,
Works Completed.csv,2809,Image,MISSING_OR_BLANK,
Works Completed.csv,2812,Image,MISSING_OR_BLANK,
Works Completed.csv,2813,Image,MISSING_OR_BLANK,
Works Completed.csv,2815,Image,MISSING_OR_BLANK,
Works Completed.csv,2816,Image,MISSING_OR_BLANK,
Works Completed.csv,2817,Image,MISSING_OR_BLANK,
Works Completed.csv,2818,Image,MISSING_OR_BLANK,
Works Completed.csv,2821,Image,MISSING_OR_BLANK,
Works Completed.csv,2822,Image,MISSING_OR_BLANK,
Works Completed.csv,2823,Image,MISSING_OR_BLANK,
Works Completed.csv,2824,Image,MISSING_OR_BLANK,
Works Completed.csv,2825,Image,MISSING_OR_BLANK,
Works Completed.csv,2827,Image,MISSING_OR_BLANK,
Works Completed.csv,2828,Image,MISSING_OR_BLANK,
Works Completed.csv,2844,Image,MISSING_OR_BLANK,
Works Completed.csv,2845,Image,MISSING_OR_BLANK,
Works Completed.csv,2846,Image,MISSING_OR_BLANK,
Works Completed.csv,2847,Image,MISSING_OR_BLANK,
Works Completed.csv,2848,Image,MISSING_OR_BLANK,
Works Completed.csv,2849,Image,MISSING_OR_BLANK,
Works Completed.csv,2850,Image,MISSING_OR_BLANK,
Works Completed.csv,2851,Image,MISSING_OR_BLANK,
Works Completed.csv,2852,Image,MISSING_OR_BLANK,
Works Completed.csv,2853,Image,MISSING_OR_BLANK,
Works Completed.csv,2854,Image,MISSING_OR_BLANK,
Works Completed.csv,2855,Image,MISSING_OR_BLANK,
Works Completed.csv,2856,Image,MISSING_OR_BLANK,
Works Completed.csv,2857,Image,MISSING_OR_BLANK,
Works Completed.csv,2858,Image,MISSING_OR_BLANK,
Works Completed.csv,2859,Image,MISSING_OR_BLANK,
Works Completed.csv,2860,Image,MISSING_OR_BLANK,
Works Completed.csv,2861,Image,MISSING_OR_BLANK,
Works Completed.csv,2862,Image,MISSING_OR_BLANK,
Works Completed.csv,2863,Image,MISSING_OR_BLANK,
Works Completed.csv,2864,Image,MISSING_OR_BLANK,
Works Completed.csv,2865,Image,MISSING_OR_BLANK,
Works Completed.csv,2866,Image,MISSING_OR_BLANK,
Works Completed.csv,2867,Image,MISSING_OR_BLANK,
Works Completed.csv,2868,Image,MISSING_OR_BLANK,
Works Completed.csv,2871,Image,MISSING_OR_BLANK,
Works Completed.csv,2872,Image,MISSING_OR_BLANK,
Works Completed.csv,2873,Image,MISSING_OR_BLANK,
Works Completed.csv,2874,Image,MISSING_OR_BLANK,
Works Completed.csv,2875,Image,MISSING_OR_BLANK,
Works Completed.csv,2876,Image,MISSING_OR_BLANK,
Works Completed.csv,2877,Image,MISSING_OR_BLANK,
Works Completed.csv,2878,Image,MISSING_OR_BLANK,
Works Completed.csv,2879,Image,MISSING_OR_BLANK,
Works Completed.csv,2905,Image,MISSING_OR_BLANK,
Works Completed.csv,2906,Image,MISSING_OR_BLANK,
Works Completed.csv,2907,Image,MISSING_OR_BLANK,
Works Completed.csv,2908,Image,MISSING_OR_BLANK,
Works Completed.csv,2909,Image,MISSING_OR_BLANK,
Works Completed.csv,2910,Image,MISSING_OR_BLANK,
Works Completed.csv,2911,Image,MISSING_OR_BLANK,
Works Completed.csv,2912,Image,MISSING_OR_BLANK,
Works Completed.csv,2913,Image,MISSING_OR_BLANK,
Works Completed.csv,2914,Image,MISSING_OR_BLANK,
Works Completed.csv,2915,Image,MISSING_OR_BLANK,
Works Completed.csv,2916,Image,MISSING_OR_BLANK,
Works Completed.csv,2917,Image,MISSING_OR_BLANK,
Works Completed.csv,2918,Image,MISSING_OR_BLANK,
Works Completed.csv,2919,Image,MISSING_OR_BLANK,
Works Completed.csv,2920,Image,MISSING_OR_BLANK,
Works Completed.csv,2921,Image,MISSING_OR_BLANK,
Works Completed.csv,2922,Image,MISSING_OR_BLANK,
Works Completed.csv,2923,Image,MISSING_OR_BLANK,
Works Completed.csv,2924,Image,MISSING_OR_BLANK,
Works Completed.csv,2925,Image,MISSING_OR_BLANK,
Works Completed.csv,2926,Image,MISSING_OR_BLANK,
Works Completed.csv,2927,Image,MISSING_OR_BLANK,
Works Completed.csv,2928,Image,MISSING_OR_BLANK,
Works Completed.csv,2929,Image,MISSING_OR_BLANK,
Works Completed.csv,2930,Image,MISSING_OR_BLANK,
Works Completed.csv,2931,Image,MISSING_OR_BLANK,
Works Completed.csv,2932,Image,MISSING_OR_BLANK,
Works Completed.csv,2933,Image,MISSING_OR_BLANK,
Works Completed.csv,2934,Image,MISSING_OR_BLANK,
Works Completed.csv,2935,Image,MISSING_OR_BLANK,
Works Completed.csv,2936,Image,MISSING_OR_BLANK,
Works Completed.csv,2937,Image,MISSING_OR_BLANK,
Works Completed.csv,2938,Image,MISSING_OR_BLANK,
Works Completed.csv,2939,Image,MISSING_OR_BLANK,
Works Completed.csv,2940,Image,MISSING_OR_BLANK,
Works Completed.csv,2942,Image,MISSING_OR_BLANK,
Works Completed.csv,2950,Image,MISSING_OR_BLANK,
Works Completed.csv,2951,Image,MISSING_OR_BLANK,
Works Completed.csv,2955,Image,MISSING_OR_BLANK,
Works Completed.csv,2956,Image,MISSING_OR_BLANK,
Works Completed.csv,2958,Image,MISSING_OR_BLANK,
Works Completed.csv,2962,Image,MISSING_OR_BLANK,
Works Completed.csv,2965,Image,MISSING_OR_BLANK,
Works Completed.csv,2968,Image,MISSING_OR_BLANK,
Works Completed.csv,2970,Image,MISSING_OR_BLANK,
Works Completed.csv,2971,Image,MISSING_OR_BLANK,
Works Completed.csv,2972,Image,MISSING_OR_BLANK,
Works Completed.csv,2973,Image,MISSING_OR_BLANK,
Works Completed.csv,2975,Image,MISSING_OR_BLANK,
Works Completed.csv,2985,Image,MISSING_OR_BLANK,
Works Completed.csv,2990,Image,MISSING_OR_BLANK,
Works Completed.csv,2991,Image,MISSING_OR_BLANK,
Works Completed.csv,2996,Image,MISSING_OR_BLANK,
Works Completed.csv,2997,Image,MISSING_OR_BLANK,
Works Completed.csv,2999,Image,MISSING_OR_BLANK,
Works Completed.csv,3003,Image,MISSING_OR_BLANK,
Works Completed.csv,3004,Image,MISSING_OR_BLANK,
Works Completed.csv,3005,Image,MISSING_OR_BLANK,
Works Completed.csv,3006,Image,MISSING_OR_BLANK,
Works Completed.csv,3007,Image,MISSING_OR_BLANK,
Works Completed.csv,3008,Image,MISSING_OR_BLANK,
Works Completed.csv,3009,Image,MISSING_OR_BLANK,
Works Completed.csv,3011,Image,MISSING_OR_BLANK,
Works Completed.csv,3012,Image,MISSING_OR_BLANK,
Works Completed.csv,3013,Image,MISSING_OR_BLANK,
Works Completed.csv,3014,Image,MISSING_OR_BLANK,
Works Completed.csv,3015,Image,MISSING_OR_BLANK,
Works Completed.csv,3016,Image,MISSING_OR_BLANK,
Works Completed.csv,3017,Image,MISSING_OR_BLANK,
Works Completed.csv,3018,Image,MISSING_OR_BLANK,
Works Completed.csv,3019,Image,MISSING_OR_BLANK,
Works Completed.csv,3020,Image,MISSING_OR_BLANK,
Works Completed.csv,3021,Image,MISSING_OR_BLANK,
Works Completed.csv,3022,Image,MISSING_OR_BLANK,
Works Completed.csv,3023,Image,MISSING_OR_BLANK,
Works Completed.csv,3024,Image,MISSING_OR_BLANK,
Works Completed.csv,3025,Image,MISSING_OR_BLANK,
Works Completed.csv,3026,Image,MISSING_OR_BLANK,
Works Completed.csv,3027,Image,MISSING_OR_BLANK,
Works Completed.csv,3028,Image,MISSING_OR_BLANK,
Works Completed.csv,3029,Image,MISSING_OR_BLANK,
Works Completed.csv,3030,Image,MISSING_OR_BLANK,
Works Completed.csv,3031,Image,MISSING_OR_BLANK,
Works Completed.csv,3032,Image,MISSING_OR_BLANK,
Works Completed.csv,3033,Image,MISSING_OR_BLANK,
Works Completed.csv,3035,Image,MISSING_OR_BLANK,
Works Completed.csv,3036,Image,MISSING_OR_BLANK,
Works Completed.csv,3038,Image,MISSING_OR_BLANK,
Works Completed.csv,3039,Image,MISSING_OR_BLANK,
Works Completed.csv,3040,Image,MISSING_OR_BLANK,
Works Completed.csv,3044,Image,MISSING_OR_BLANK,
Works Completed.csv,3045,Image,MISSING_OR_BLANK,
Works Completed.csv,3049,Image,MISSING_OR_BLANK,
Works Completed.csv,3052,Image,MISSING_OR_BLANK,
Works Completed.csv,3055,Image,MISSING_OR_BLANK,
Works Completed.csv,3063,Image,MISSING_OR_BLANK,
Works Completed.csv,3094,Image,MISSING_OR_BLANK,
Works Completed.csv,3095,Image,MISSING_OR_BLANK,
Works Completed.csv,3096,Image,MISSING_OR_BLANK,
Works Completed.csv,3099,Image,MISSING_OR_BLANK,
Works Completed.csv,3101,Image,MISSING_OR_BLANK,
Works Completed.csv,3102,Image,MISSING_OR_BLANK,
Works Completed.csv,3103,Image,MISSING_OR_BLANK,
Works Completed.csv,3104,Image,MISSING_OR_BLANK,
Works Completed.csv,3106,Image,MISSING_OR_BLANK,
Works Completed.csv,3110,Image,MISSING_OR_BLANK,
Works Completed.csv,3115,Image,MISSING_OR_BLANK,
Works Completed.csv,3117,Image,MISSING_OR_BLANK,
Works Completed.csv,3119,Image,MISSING_OR_BLANK,
Works Completed.csv,3121,Image,MISSING_OR_BLANK,
Works Completed.csv,3122,Image,MISSING_OR_BLANK,
Works Completed.csv,3124,Image,MISSING_OR_BLANK,
Works Completed.csv,3126,Image,MISSING_OR_BLANK,
Works Completed.csv,3127,Image,MISSING_OR_BLANK,
Works Completed.csv,3128,Image,MISSING_OR_BLANK,
Works Completed.csv,3129,Image,MISSING_OR_BLANK,
Works Completed.csv,3130,Image,MISSING_OR_BLANK,
Works Completed.csv,3131,Image,MISSING_OR_BLANK,
Works Completed.csv,3132,Image,MISSING_OR_BLANK,
Works Completed.csv,3133,Image,MISSING_OR_BLANK,
Works Completed.csv,3134,Image,MISSING_OR_BLANK,
Works Completed.csv,3135,Image,MISSING_OR_BLANK,
Works Completed.csv,3136,Image,MISSING_OR_BLANK,
Works Completed.csv,3137,Image,MISSING_OR_BLANK,
Works Completed.csv,3138,Image,MISSING_OR_BLANK,
Works Completed.csv,3139,Image,MISSING_OR_BLANK,
Works Completed.csv,3140,Image,MISSING_OR_BLANK,
Works Completed.csv,3141,Image,MISSING_OR_BLANK,
Works Completed.csv,3142,Image,MISSING_OR_BLANK,
Works Completed.csv,3143,Image,MISSING_OR_BLANK,
Works Completed.csv,3144,Image,MISSING_OR_BLANK,
Works Completed.csv,3145,Image,MISSING_OR_BLANK,
Works Completed.csv,3146,Image,MISSING_OR_BLANK,
Works Completed.csv,3147,Image,MISSING_OR_BLANK,
Works Completed.csv,3148,Image,MISSING_OR_BLANK,
Works Completed.csv,3176,Image,MISSING_OR_BLANK,
Works Completed.csv,3177,Image,MISSING_OR_BLANK,
Works Completed.csv,3178,Image,MISSING_OR_BLANK,
Works Completed.csv,3179,Image,MISSING_OR_BLANK,
Works Completed.csv,3180,Image,MISSING_OR_BLANK,
Works Completed.csv,3181,Image,MISSING_OR_BLANK,
Works Completed.csv,3184,Image,MISSING_OR_BLANK,
Works Completed.csv,3185,Image,MISSING_OR_BLANK,
Works Completed.csv,3186,Image,MISSING_OR_BLANK,
Works Completed.csv,3188,Image,MISSING_OR_BLANK,
Works Completed.csv,3191,Image,MISSING_OR_BLANK,
Works Completed.csv,3201,Image,MISSING_OR_BLANK,
Works Completed.csv,3202,Image,MISSING_OR_BLANK,
Works Completed.csv,3203,Image,MISSING_OR_BLANK,
Works Completed.csv,3204,Image,MISSING_OR_BLANK,
Works Completed.csv,3207,Image,MISSING_OR_BLANK,
Works Completed.csv,3208,Image,MISSING_OR_BLANK,
Works Completed.csv,3210,Image,MISSING_OR_BLANK,
Works Completed.csv,3211,Image,MISSING_OR_BLANK,
Works Completed.csv,3212,Image,MISSING_OR_BLANK,
Works Completed.csv,3213,Image,MISSING_OR_BLANK,
Works Completed.csv,3214,Image,MISSING_OR_BLANK,
Works Completed.csv,3215,Image,MISSING_OR_BLANK,
Works Completed.csv,3216,Image,MISSING_OR_BLANK,
Works Completed.csv,3218,Image,MISSING_OR_BLANK,
Works Completed.csv,3225,Image,MISSING_OR_BLANK,
Works Completed.csv,3226,Image,MISSING_OR_BLANK,
Works Completed.csv,3230,Image,MISSING_OR_BLANK,
Works Completed.csv,3232,Image,MISSING_OR_BLANK,
Works Completed.csv,3236,Image,MISSING_OR_BLANK,
Works Completed.csv,3237,Image,MISSING_OR_BLANK,
Works Completed.csv,3242,Image,MISSING_OR_BLANK,
Works Completed.csv,3243,Image,MISSING_OR_BLANK,
Works Completed.csv,3244,Image,MISSING_OR_BLANK,
Works Completed.csv,3247,Image,MISSING_OR_BLANK,
Works Completed.csv,3248,Image,MISSING_OR_BLANK,
Works Completed.csv,3249,Image,MISSING_OR_BLANK,
Works Completed.csv,3250,Image,MISSING_OR_BLANK,
Works Completed.csv,3251,Image,MISSING_OR_BLANK,
Works Completed.csv,3252,Image,MISSING_OR_BLANK,
Works Completed.csv,3253,Image,MISSING_OR_BLANK,
Works Completed.csv,3254,Image,MISSING_OR_BLANK,
Works Completed.csv,3255,Image,MISSING_OR_BLANK,
Works Completed.csv,3256,Image,MISSING_OR_BLANK,
Works Completed.csv,3257,Image,MISSING_OR_BLANK,
Works Completed.csv,3258,Image,MISSING_OR_BLANK,
Works Completed.csv,3259,Image,MISSING_OR_BLANK,
Works Completed.csv,3260,Image,MISSING_OR_BLANK,
Works Completed.csv,3261,Image,MISSING_OR_BLANK,
Works Completed.csv,3262,Image,MISSING_OR_BLANK,
Works Completed.csv,3263,Image,MISSING_OR_BLANK,
Works Completed.csv,3264,Image,MISSING_OR_BLANK,
Works Completed.csv,3265,Image,MISSING_OR_BLANK,
Works Completed.csv,3266,Image,MISSING_OR_BLANK,
Works Completed.csv,3267,Image,MISSING_OR_BLANK,
Works Completed.csv,3268,Image,MISSING_OR_BLANK,
Works Completed.csv,3269,Image,MISSING_OR_BLANK,
Works Completed.csv,3270,Image,MISSING_OR_BLANK,
Works Completed.csv,3271,Image,MISSING_OR_BLANK,
Works Completed.csv,3272,Image,MISSING_OR_BLANK,
Works Completed.csv,3273,Image,MISSING_OR_BLANK,
Works Completed.csv,3274,Image,MISSING_OR_BLANK,
Works Completed.csv,3275,Image,MISSING_OR_BLANK,
Works Completed.csv,3276,Image,MISSING_OR_BLANK,
Works Completed.csv,3277,Image,MISSING_OR_BLANK,
Works Completed.csv,3278,Image,MISSING_OR_BLANK,
Works Completed.csv,3279,Image,MISSING_OR_BLANK,
Works Completed.csv,3280,Image,MISSING_OR_BLANK,
Works Completed.csv,3281,Image,MISSING_OR_BLANK,
Works Completed.csv,3282,Image,MISSING_OR_BLANK,
Works Completed.csv,3283,Image,MISSING_OR_BLANK,
Works Completed.csv,3284,Image,MISSING_OR_BLANK,
Works Completed.csv,3285,Image,MISSING_OR_BLANK,
Works Completed.csv,3286,Image,MISSING_OR_BLANK,
Works Completed.csv,3287,Image,MISSING_OR_BLANK,
Works Completed.csv,3288,Image,MISSING_OR_BLANK,
Works Completed.csv,3298,Image,MISSING_OR_BLANK,
Works Completed.csv,3299,Image,MISSING_OR_BLANK,
Works Completed.csv,3300,Image,MISSING_OR_BLANK,
Works Completed.csv,3301,Image,MISSING_OR_BLANK,
Works Completed.csv,3302,Image,MISSING_OR_BLANK,
Works Completed.csv,3303,Image,MISSING_OR_BLANK,
Works Completed.csv,3304,Image,MISSING_OR_BLANK,
Works Completed.csv,3305,Image,MISSING_OR_BLANK,
Works Completed.csv,3306,Image,MISSING_OR_BLANK,
Works Completed.csv,3307,Image,MISSING_OR_BLANK,
Works Completed.csv,3308,Image,MISSING_OR_BLANK,
Works Completed.csv,3309,Image,MISSING_OR_BLANK,
Works Completed.csv,3310,Image,MISSING_OR_BLANK,
Works Completed.csv,3312,Image,MISSING_OR_BLANK,
Works Completed.csv,3313,Image,MISSING_OR_BLANK,
Works Completed.csv,3314,Image,MISSING_OR_BLANK,
Works Completed.csv,3316,Image,MISSING_OR_BLANK,
Works Completed.csv,3317,Image,MISSING_OR_BLANK,
Works Completed.csv,3340,Image,MISSING_OR_BLANK,
Works Completed.csv,3341,Image,MISSING_OR_BLANK,
Works Completed.csv,3352,Image,MISSING_OR_BLANK,
Works Completed.csv,3355,Image,MISSING_OR_BLANK,
Works Completed.csv,3356,Image,MISSING_OR_BLANK,
Works Completed.csv,3357,Image,MISSING_OR_BLANK,
Works Completed.csv,3358,Image,MISSING_OR_BLANK,
Works Completed.csv,3359,Image,MISSING_OR_BLANK,
Works Completed.csv,3360,Image,MISSING_OR_BLANK,
Works Completed.csv,3361,Image,MISSING_OR_BLANK,
Works Completed.csv,3362,Image,MISSING_OR_BLANK,
Works Completed.csv,3363,Image,MISSING_OR_BLANK,
Works Completed.csv,3364,Image,MISSING_OR_BLANK,
Works Completed.csv,3365,Image,MISSING_OR_BLANK,
Works Completed.csv,3366,Image,MISSING_OR_BLANK,
Works Completed.csv,3367,Image,MISSING_OR_BLANK,
Works Completed.csv,3368,Image,MISSING_OR_BLANK,
Works Completed.csv,3369,Image,MISSING_OR_BLANK,
Works Completed.csv,3370,Image,MISSING_OR_BLANK,
Works Completed.csv,3371,Image,MISSING_OR_BLANK,
Works Completed.csv,3372,Image,MISSING_OR_BLANK,
Works Completed.csv,3373,Image,MISSING_OR_BLANK,
Works Completed.csv,3376,Image,MISSING_OR_BLANK,
Works Completed.csv,3377,Image,MISSING_OR_BLANK,
Works Completed.csv,3378,Image,MISSING_OR_BLANK,
Works Completed.csv,3379,Image,MISSING_OR_BLANK,
Works Completed.csv,3380,Image,MISSING_OR_BLANK,
Works Completed.csv,3382,Image,MISSING_OR_BLANK,
Works Completed.csv,3383,Image,MISSING_OR_BLANK,
Works Completed.csv,3384,Image,MISSING_OR_BLANK,
Works Completed.csv,3385,Image,MISSING_OR_BLANK,
Works Completed.csv,3386,Image,MISSING_OR_BLANK,
Works Completed.csv,3387,Image,MISSING_OR_BLANK,
Works Completed.csv,3388,Image,MISSING_OR_BLANK,
Works Completed.csv,3390,Image,MISSING_OR_BLANK,
Works Completed.csv,3392,Image,MISSING_OR_BLANK,
Works Completed.csv,3394,Image,MISSING_OR_BLANK,
Works Completed.csv,3395,Image,MISSING_OR_BLANK,
Works Completed.csv,3396,Image,MISSING_OR_BLANK,
Works Completed.csv,3397,Image,MISSING_OR_BLANK,
Works Completed.csv,3398,Image,MISSING_OR_BLANK,
Works Completed.csv,3399,Image,MISSING_OR_BLANK,
Works Completed.csv,3400,Image,MISSING_OR_BLANK,
Works Completed.csv,3401,Image,MISSING_OR_BLANK,
Works Completed.csv,3403,Image,MISSING_OR_BLANK,
Works Completed.csv,3404,Image,MISSING_OR_BLANK,
Works Completed.csv,3405,Image,MISSING_OR_BLANK,
Works Completed.csv,3406,Image,MISSING_OR_BLANK,
Works Completed.csv,3412,Image,MISSING_OR_BLANK,
Works Completed.csv,3413,Image,MISSING_OR_BLANK,
Works Completed.csv,3414,Image,MISSING_OR_BLANK,
Works Completed.csv,3418,Image,MISSING_OR_BLANK,
Works Completed.csv,3421,Image,MISSING_OR_BLANK,
Works Completed.csv,3422,Image,MISSING_OR_BLANK,
Works Completed.csv,3423,Image,MISSING_OR_BLANK,
Works Completed.csv,3424,Image,MISSING_OR_BLANK,
Works Completed.csv,3425,Image,MISSING_OR_BLANK,
Works Completed.csv,3426,Image,MISSING_OR_BLANK,
Works Completed.csv,3427,Image,MISSING_OR_BLANK,
Works Completed.csv,3436,Image,MISSING_OR_BLANK,
Works Completed.csv,3437,Image,MISSING_OR_BLANK,
Works Completed.csv,3438,Image,MISSING_OR_BLANK,
Works Completed.csv,3439,Image,MISSING_OR_BLANK,
Works Completed.csv,3440,Image,MISSING_OR_BLANK,
Works Completed.csv,3446,Image,MISSING_OR_BLANK,
Works Completed.csv,3449,Image,MISSING_OR_BLANK,
Works Completed.csv,3455,Image,MISSING_OR_BLANK,
Works Completed.csv,3456,Image,MISSING_OR_BLANK,
Works Completed.csv,3457,Image,MISSING_OR_BLANK,
Works Completed.csv,3458,Image,MISSING_OR_BLANK,
Works Completed.csv,3459,Image,MISSING_OR_BLANK,
Works Completed.csv,3460,Image,MISSING_OR_BLANK,
Works Completed.csv,3461,Image,MISSING_OR_BLANK,
Works Completed.csv,3462,Image,MISSING_OR_BLANK,
Works Completed.csv,3465,Image,MISSING_OR_BLANK,
Works Completed.csv,3466,Image,MISSING_OR_BLANK,
Works Completed.csv,3467,Image,MISSING_OR_BLANK,
Works Completed.csv,3468,Image,MISSING_OR_BLANK,
Works Completed.csv,3469,Image,MISSING_OR_BLANK,
Works Completed.csv,3471,Image,MISSING_OR_BLANK,
Works Completed.csv,3472,Image,MISSING_OR_BLANK,
Works Completed.csv,3474,Image,MISSING_OR_BLANK,
Works Completed.csv,3475,Image,MISSING_OR_BLANK,
Works Completed.csv,3477,Image,MISSING_OR_BLANK,
Works Completed.csv,3478,Image,MISSING_OR_BLANK,
Works Completed.csv,3480,Image,MISSING_OR_BLANK,
Works Completed.csv,3481,Image,MISSING_OR_BLANK,
Works Completed.csv,3482,Image,MISSING_OR_BLANK,
Works Completed.csv,3484,Image,MISSING_OR_BLANK,
Works Completed.csv,3485,Image,MISSING_OR_BLANK,
Works Completed.csv,3486,Image,MISSING_OR_BLANK,
Works Completed.csv,3489,Image,MISSING_OR_BLANK,
Works Completed.csv,3491,Image,MISSING_OR_BLANK,
Works Completed.csv,3493,Image,MISSING_OR_BLANK,
Works Completed.csv,3494,Image,MISSING_OR_BLANK,
Works Completed.csv,3520,Image,MISSING_OR_BLANK,
Works Completed.csv,3523,Image,MISSING_OR_BLANK,
Works Completed.csv,3526,Image,MISSING_OR_BLANK,
Works Completed.csv,3529,Image,MISSING_OR_BLANK,
Works Completed.csv,3532,Image,MISSING_OR_BLANK,
Works Completed.csv,3534,Image,MISSING_OR_BLANK,
Works Completed.csv,3535,Image,MISSING_OR_BLANK,
Works Completed.csv,3538,Image,MISSING_OR_BLANK,
Works Completed.csv,3540,Image,MISSING_OR_BLANK,
Works Completed.csv,3541,Image,MISSING_OR_BLANK,
Works Completed.csv,3542,Image,MISSING_OR_BLANK,
Works Completed.csv,3543,Image,MISSING_OR_BLANK,
Works Completed.csv,3544,Image,MISSING_OR_BLANK,
Works Completed.csv,3546,Image,MISSING_OR_BLANK,
Works Completed.csv,3549,Image,MISSING_OR_BLANK,
Works Completed.csv,3554,Image,MISSING_OR_BLANK,
Works Completed.csv,3564,Image,MISSING_OR_BLANK,
Works Completed.csv,3565,Image,MISSING_OR_BLANK,
Works Completed.csv,3566,Image,MISSING_OR_BLANK,
Works Completed.csv,3568,Image,MISSING_OR_BLANK,
Works Completed.csv,3570,Image,MISSING_OR_BLANK,
Works Completed.csv,3572,Image,MISSING_OR_BLANK,
Works Completed.csv,3574,Image,MISSING_OR_BLANK,
Works Completed.csv,3575,Image,MISSING_OR_BLANK,
Works Completed.csv,3576,Image,MISSING_OR_BLANK,
Works Completed.csv,3577,Image,MISSING_OR_BLANK,
Works Completed.csv,3579,Image,MISSING_OR_BLANK,
Works Completed.csv,3581,Image,MISSING_OR_BLANK,
Works Completed.csv,3583,Image,MISSING_OR_BLANK,
Works Completed.csv,3585,Image,MISSING_OR_BLANK,
Works Completed.csv,3586,Image,MISSING_OR_BLANK,
Works Completed.csv,3587,Image,MISSING_OR_BLANK,
Works Completed.csv,3589,Image,MISSING_OR_BLANK,
Works Completed.csv,3591,Image,MISSING_OR_BLANK,
Works Completed.csv,3592,Image,MISSING_OR_BLANK,
Works Completed.csv,3600,Image,MISSING_OR_BLANK,
Works Completed.csv,3601,Image,MISSING_OR_BLANK,
Works Completed.csv,3602,Image,MISSING_OR_BLANK,
Works Completed.csv,3603,Image,MISSING_OR_BLANK,
Works Completed.csv,3604,Image,MISSING_OR_BLANK,
Works Completed.csv,3607,Image,MISSING_OR_BLANK,
Works Completed.csv,3608,Image,MISSING_OR_BLANK,
Works Completed.csv,3611,Image,MISSING_OR_BLANK,
Works Completed.csv,3613,Image,MISSING_OR_BLANK,
Works Completed.csv,3614,Image,MISSING_OR_BLANK,
Works Completed.csv,3615,Image,MISSING_OR_BLANK,
Works Completed.csv,3616,Image,MISSING_OR_BLANK,
Works Completed.csv,3618,Image,MISSING_OR_BLANK,
Works Completed.csv,3620,Image,MISSING_OR_BLANK,
Works Completed.csv,3621,Image,MISSING_OR_BLANK,
Works Completed.csv,3623,Image,MISSING_OR_BLANK,
Works Completed.csv,3624,Image,MISSING_OR_BLANK,
Works Completed.csv,3626,Image,MISSING_OR_BLANK,
Works Completed.csv,3627,Image,MISSING_OR_BLANK,
Works Completed.csv,3628,Image,MISSING_OR_BLANK,
Works Completed.csv,3650,Image,MISSING_OR_BLANK,
Works Completed.csv,3651,Image,MISSING_OR_BLANK,
Works Completed.csv,3656,Image,MISSING_OR_BLANK,
Works Completed.csv,3657,Image,MISSING_OR_BLANK,
Works Completed.csv,3659,Image,MISSING_OR_BLANK,
Works Completed.csv,3660,Image,MISSING_OR_BLANK,
Works Completed.csv,3663,Image,MISSING_OR_BLANK,
Works Completed.csv,3664,Image,MISSING_OR_BLANK,
Works Completed.csv,3668,Image,MISSING_OR_BLANK,
Works Completed.csv,3677,Image,MISSING_OR_BLANK,
Works Completed.csv,3678,Image,MISSING_OR_BLANK,
Works Completed.csv,3713,Image,MISSING_OR_BLANK,
Works Completed.csv,3718,Image,MISSING_OR_BLANK,
Works Completed.csv,3733,Image,MISSING_OR_BLANK,
Works Completed.csv,3746,Image,MISSING_OR_BLANK,
Works Completed.csv,3756,Image,MISSING_OR_BLANK,
Works Completed.csv,3761,Image,MISSING_OR_BLANK,
Works Completed.csv,3791,Image,MISSING_OR_BLANK,
Works Completed.csv,3797,Image,MISSING_OR_BLANK,
Works Completed.csv,3807,Image,MISSING_OR_BLANK,
Works Completed.csv,3808,Image,MISSING_OR_BLANK,
Works Completed.csv,3809,Image,MISSING_OR_BLANK,
Works Completed.csv,3811,Image,MISSING_OR_BLANK,
Works Completed.csv,3812,Image,MISSING_OR_BLANK,
Works Completed.csv,3813,Image,MISSING_OR_BLANK,
Works Completed.csv,3814,Image,MISSING_OR_BLANK,
Works Completed.csv,3815,Image,MISSING_OR_BLANK,
Works Completed.csv,3817,Image,MISSING_OR_BLANK,
Works Completed.csv,3818,Image,MISSING_OR_BLANK,
Works Completed.csv,3823,Image,MISSING_OR_BLANK,
Works Completed.csv,3827,Image,MISSING_OR_BLANK,
Works Completed.csv,3858,Image,MISSING_OR_BLANK,
Works Completed.csv,3859,Image,MISSING_OR_BLANK,
Works Completed.csv,3867,Image,MISSING_OR_BLANK,
Works Completed.csv,3868,Image,MISSING_OR_BLANK,
Works Completed.csv,3869,Image,MISSING_OR_BLANK,
Works Completed.csv,3870,Image,MISSING_OR_BLANK,
Works Completed.csv,3871,Image,MISSING_OR_BLANK,
Works Completed.csv,3885,Image,MISSING_OR_BLANK,
Works Completed.csv,3886,Image,MISSING_OR_BLANK,
Works Completed.csv,3887,Image,MISSING_OR_BLANK,
Works Completed.csv,3888,Image,MISSING_OR_BLANK,
Works Completed.csv,3889,Image,MISSING_OR_BLANK,
Works Completed.csv,3890,Image,MISSING_OR_BLANK,
Works Completed.csv,3891,Image,MISSING_OR_BLANK,
Works Completed.csv,3892,Image,MISSING_OR_BLANK,
Works Completed.csv,3893,Image,MISSING_OR_BLANK,
Works Completed.csv,3894,Image,MISSING_OR_BLANK,
Works Completed.csv,3895,Image,MISSING_OR_BLANK,
Works Completed.csv,3896,Image,MISSING_OR_BLANK,
Works Completed.csv,3897,Image,MISSING_OR_BLANK,
Works Completed.csv,3898,Image,MISSING_OR_BLANK,
Works Completed.csv,3899,Image,MISSING_OR_BLANK,
Works Completed.csv,3900,Image,MISSING_OR_BLANK,
Works Completed.csv,3901,Image,MISSING_OR_BLANK,
Works Completed.csv,3902,Image,MISSING_OR_BLANK,
Works Completed.csv,3925,Image,MISSING_OR_BLANK,
Works Completed.csv,3928,Image,MISSING_OR_BLANK,
Works Completed.csv,3929,Image,MISSING_OR_BLANK,
Works Completed.csv,3981,Image,MISSING_OR_BLANK,
Works Completed.csv,3982,Image,MISSING_OR_BLANK,
Works Completed.csv,3983,Image,MISSING_OR_BLANK,
Works Completed.csv,4012,Image,MISSING_OR_BLANK,
Works Completed.csv,4014,Image,MISSING_OR_BLANK,
Works Completed.csv,4016,Image,MISSING_OR_BLANK,
Works Completed.csv,4017,Image,MISSING_OR_BLANK,
Works Completed.csv,4022,Image,MISSING_OR_BLANK,
Works Completed.csv,4024,Image,MISSING_OR_BLANK,
Works Completed.csv,4025,Image,MISSING_OR_BLANK,
Works Completed.csv,4046,Image,MISSING_OR_BLANK,
Works Completed.csv,4047,Image,MISSING_OR_BLANK,
Works Completed.csv,4048,Image,MISSING_OR_BLANK,
Works Completed.csv,4050,Image,MISSING_OR_BLANK,
Works Completed.csv,4051,Image,MISSING_OR_BLANK,
Works Completed.csv,4052,Image,MISSING_OR_BLANK,
Works Completed.csv,4053,Image,MISSING_OR_BLANK,
Works Completed.csv,4054,Image,MISSING_OR_BLANK,
Works Completed.csv,4056,Image,MISSING_OR_BLANK,
Works Completed.csv,4057,Image,MISSING_OR_BLANK,
Works Completed.csv,4058,Image,MISSING_OR_BLANK,
Works Completed.csv,4060,Image,MISSING_OR_BLANK,
Works Completed.csv,4061,Image,MISSING_OR_BLANK,
Works Completed.csv,4062,Image,MISSING_OR_BLANK,
Works Completed.csv,4063,Image,MISSING_OR_BLANK,
Works Completed.csv,4068,Image,MISSING_OR_BLANK,
Works Completed.csv,4069,Image,MISSING_OR_BLANK,
Works Completed.csv,4073,Image,MISSING_OR_BLANK,
Works Completed.csv,4082,Image,MISSING_OR_BLANK,
Works Completed.csv,4091,Image,MISSING_OR_BLANK,
Works Completed.csv,4092,Image,MISSING_OR_BLANK,
Works Completed.csv,4093,Image,MISSING_OR_BLANK,
Works Completed.csv,4094,Image,MISSING_OR_BLANK,
Works Completed.csv,4095,Image,MISSING_OR_BLANK,
Works Completed.csv,4101,Image,MISSING_OR_BLANK,
Works Completed.csv,4104,Image,MISSING_OR_BLANK,
Works Completed.csv,4105,Image,MISSING_OR_BLANK,
Works Completed.csv,4109,Image,MISSING_OR_BLANK,
Works Completed.csv,4110,Image,MISSING_OR_BLANK,
Works Completed.csv,4112,Image,MISSING_OR_BLANK,
Works Completed.csv,4113,Image,MISSING_OR_BLANK,
Works Completed.csv,4114,Image,MISSING_OR_BLANK,
Works Completed.csv,4123,Image,MISSING_OR_BLANK,
Works Completed.csv,4127,Image,MISSING_OR_BLANK,
Works Completed.csv,4132,Image,MISSING_OR_BLANK,
Works Completed.csv,4144,Image,MISSING_OR_BLANK,
Works Completed.csv,4148,Image,MISSING_OR_BLANK,
Works Completed.csv,4150,Image,MISSING_OR_BLANK,
Works Completed.csv,4152,Image,MISSING_OR_BLANK,
Works Completed.csv,4154,Image,MISSING_OR_BLANK,
Works Completed.csv,4156,Image,MISSING_OR_BLANK,
Works Completed.csv,4157,Image,MISSING_OR_BLANK,
Works Completed.csv,4158,Image,MISSING_OR_BLANK,
Works Completed.csv,4159,Image,MISSING_OR_BLANK,
Works Completed.csv,4160,Image,MISSING_OR_BLANK,
Works Completed.csv,4161,Image,MISSING_OR_BLANK,
Works Completed.csv,4163,Image,MISSING_OR_BLANK,
Works Completed.csv,4168,Image,MISSING_OR_BLANK,
Works Completed.csv,4171,Image,MISSING_OR_BLANK,
Works Completed.csv,4172,Image,MISSING_OR_BLANK,
Works Completed.csv,4173,Image,MISSING_OR_BLANK,
Works Completed.csv,4182,Image,MISSING_OR_BLANK,
Works Completed.csv,4184,Image,MISSING_OR_BLANK,
Works Completed.csv,4185,Image,MISSING_OR_BLANK,
Works Completed.csv,4186,Image,MISSING_OR_BLANK,
Works Completed.csv,4188,Image,MISSING_OR_BLANK,
Works Completed.csv,4194,Image,MISSING_OR_BLANK,
Works Completed.csv,4198,Image,MISSING_OR_BLANK,
Works Completed.csv,4205,Image,MISSING_OR_BLANK,
Works Completed.csv,4207,Image,MISSING_OR_BLANK,
Works Completed.csv,4213,Image,MISSING_OR_BLANK,
Works Completed.csv,4214,Image,MISSING_OR_BLANK,
Works Completed.csv,4216,Image,MISSING_OR_BLANK,
Works Completed.csv,4217,Image,MISSING_OR_BLANK,
Works Completed.csv,4218,Image,MISSING_OR_BLANK,
Works Completed.csv,4228,Image,MISSING_OR_BLANK,
Works Completed.csv,4233,Image,MISSING_OR_BLANK,
Works Completed.csv,4241,Image,MISSING_OR_BLANK,
Works Completed.csv,4245,Image,MISSING_OR_BLANK,
Works Completed.csv,4249,Image,MISSING_OR_BLANK,
Works Completed.csv,4255,Image,MISSING_OR_BLANK,
Works Completed.csv,4266,Image,MISSING_OR_BLANK,
Works Completed.csv,4275,Image,MISSING_OR_BLANK,
Works Completed.csv,4294,Image,MISSING_OR_BLANK,
Works Completed.csv,4299,Image,MISSING_OR_BLANK,
Works Completed.csv,4311,Image,MISSING_OR_BLANK,
Works Completed.csv,4313,Image,MISSING_OR_BLANK,
Works Completed.csv,4319,Image,MISSING_OR_BLANK,
Works Completed.csv,4321,Image,MISSING_OR_BLANK,
Works Completed.csv,4322,Image,MISSING_OR_BLANK,
Works Completed.csv,4335,Image,MISSING_OR_BLANK,
Works Completed.csv,4336,Image,MISSING_OR_BLANK,
Works Completed.csv,4337,Image,MISSING_OR_BLANK,
Works Completed.csv,4338,Image,MISSING_OR_BLANK,
Works Completed.csv,4339,Image,MISSING_OR_BLANK,
Works Completed.csv,4340,Image,MISSING_OR_BLANK,
Works Completed.csv,4341,Image,MISSING_OR_BLANK,
Works Completed.csv,4342,Image,MISSING_OR_BLANK,
Works Completed.csv,4343,Image,MISSING_OR_BLANK,
Works Completed.csv,4344,Image,MISSING_OR_BLANK,
Works Completed.csv,4345,Image,MISSING_OR_BLANK,
Works Completed.csv,4346,Image,MISSING_OR_BLANK,
Works Completed.csv,4347,Image,MISSING_OR_BLANK,
Works Completed.csv,4348,Image,MISSING_OR_BLANK,
Works Completed.csv,4349,Image,MISSING_OR_BLANK,
Works Completed.csv,4350,Image,MISSING_OR_BLANK,
Works Completed.csv,4351,Image,MISSING_OR_BLANK,
Works Completed.csv,4352,Image,MISSING_OR_BLANK,
Works Completed.csv,4353,Image,MISSING_OR_BLANK,
Works Completed.csv,4354,Image,MISSING_OR_BLANK,
Works Completed.csv,4355,Image,MISSING_OR_BLANK,
Works Completed.csv,4361,Image,MISSING_OR_BLANK,
Works Completed.csv,4377,Image,MISSING_OR_BLANK,
Works Completed.csv,4379,Image,MISSING_OR_BLANK,
Works Completed.csv,4380,Image,MISSING_OR_BLANK,
Works Completed.csv,4381,Image,MISSING_OR_BLANK,
Works Completed.csv,4382,Image,MISSING_OR_BLANK,
Works Completed.csv,4383,Image,MISSING_OR_BLANK,
Works Completed.csv,4384,Image,MISSING_OR_BLANK,
Works Completed.csv,4385,Image,MISSING_OR_BLANK,
Works Completed.csv,4387,Image,MISSING_OR_BLANK,
Works Completed.csv,4413,Image,MISSING_OR_BLANK,
Works Completed.csv,4415,Image,MISSING_OR_BLANK,
Works Completed.csv,4416,Image,MISSING_OR_BLANK,
Works Completed.csv,4417,Image,MISSING_OR_BLANK,
Works Completed.csv,4418,Image,MISSING_OR_BLANK,
Works Completed.csv,4420,Image,MISSING_OR_BLANK,
Works Completed.csv,4421,Image,MISSING_OR_BLANK,
Works Completed.csv,4422,Image,MISSING_OR_BLANK,
Works Completed.csv,4423,Image,MISSING_OR_BLANK,
Works Completed.csv,4424,Image,MISSING_OR_BLANK,
Works Completed.csv,4426,Image,MISSING_OR_BLANK,
Works Completed.csv,4427,Image,MISSING_OR_BLANK,
Works Completed.csv,4428,Image,MISSING_OR_BLANK,
Works Completed.csv,4429,Image,MISSING_OR_BLANK,
Works Completed.csv,4430,Image,MISSING_OR_BLANK,
Works Completed.csv,4437,Image,MISSING_OR_BLANK,
Works Completed.csv,4459,Image,MISSING_OR_BLANK,
Works Completed.csv,4460,Image,MISSING_OR_BLANK,
Works Completed.csv,4470,Image,MISSING_OR_BLANK,
Works Completed.csv,4474,Image,MISSING_OR_BLANK,
Works Completed.csv,4475,Image,MISSING_OR_BLANK,
Works Completed.csv,4476,Image,MISSING_OR_BLANK,
Works Completed.csv,4477,Image,MISSING_OR_BLANK,
Works Completed.csv,4479,Image,MISSING_OR_BLANK,
Works Completed.csv,4480,Image,MISSING_OR_BLANK,
Works Completed.csv,4481,Image,MISSING_OR_BLANK,
Works Completed.csv,4482,Image,MISSING_OR_BLANK,
Works Completed.csv,4483,Image,MISSING_OR_BLANK,
Works Completed.csv,4487,Image,MISSING_OR_BLANK,
Works Completed.csv,4488,Image,MISSING_OR_BLANK,
Works Completed.csv,4489,Image,MISSING_OR_BLANK,
Works Completed.csv,4490,Image,MISSING_OR_BLANK,
Works Completed.csv,4494,Image,MISSING_OR_BLANK,
Works Completed.csv,4502,Image,MISSING_OR_BLANK,
Works Completed.csv,4504,Image,MISSING_OR_BLANK,
Works Completed.csv,4510,Image,MISSING_OR_BLANK,
Works Completed.csv,4512,Image,MISSING_OR_BLANK,
Works Completed.csv,4513,Image,MISSING_OR_BLANK,
Works Completed.csv,4519,Image,MISSING_OR_BLANK,
Works Completed.csv,4523,Image,MISSING_OR_BLANK,
Works Completed.csv,4525,Image,MISSING_OR_BLANK,
Works Completed.csv,4526,Image,MISSING_OR_BLANK,
Works Completed.csv,4527,Image,MISSING_OR_BLANK,
Works Completed.csv,4528,Image,MISSING_OR_BLANK,
Works Completed.csv,4529,Image,MISSING_OR_BLANK,
Works Completed.csv,4537,Image,MISSING_OR_BLANK,
Works Completed.csv,4538,Image,MISSING_OR_BLANK,
Works Completed.csv,4541,Image,MISSING_OR_BLANK,
Works Completed.csv,4542,Image,MISSING_OR_BLANK,
Works Completed.csv,4546,Image,MISSING_OR_BLANK,
Works Completed.csv,4560,Image,MISSING_OR_BLANK,
Works Completed.csv,4569,Image,MISSING_OR_BLANK,
Works Completed.csv,4573,Image,MISSING_OR_BLANK,
Works Completed.csv,4581,Image,MISSING_OR_BLANK,
Works Completed.csv,4582,Image,MISSING_OR_BLANK,
Works Completed.csv,4583,Image,MISSING_OR_BLANK,
Works Completed.csv,4584,Image,MISSING_OR_BLANK,
Works Completed.csv,4585,Image,MISSING_OR_BLANK,
Works Completed.csv,4586,Image,MISSING_OR_BLANK,
Works Completed.csv,4587,Image,MISSING_OR_BLANK,
Works Completed.csv,4588,Image,MISSING_OR_BLANK,
Works Completed.csv,4589,Image,MISSING_OR_BLANK,
Works Completed.csv,4614,Image,MISSING_OR_BLANK,
Works Completed.csv,4616,Image,MISSING_OR_BLANK,
Works Completed.csv,4619,Image,MISSING_OR_BLANK,
Works Completed.csv,4622,Image,MISSING_OR_BLANK,
Works Completed.csv,4642,Image,MISSING_OR_BLANK,
Works Completed.csv,4715,Image,MISSING_OR_BLANK,
Works Completed.csv,4720,Image,MISSING_OR_BLANK,
Works Completed.csv,4723,Image,MISSING_OR_BLANK,
Works Completed.csv,4724,Image,MISSING_OR_BLANK,
Works Completed.csv,4725,Image,MISSING_OR_BLANK,
Works Completed.csv,4726,Image,MISSING_OR_BLANK,
Works Completed.csv,4727,Image,MISSING_OR_BLANK,
Works Completed.csv,4728,Image,MISSING_OR_BLANK,
Works Completed.csv,4745,Image,MISSING_OR_BLANK,
Works Completed.csv,4746,Image,MISSING_OR_BLANK,
Works Completed.csv,4747,Image,MISSING_OR_BLANK,
Works Completed.csv,4748,Image,MISSING_OR_BLANK,
Works Completed.csv,4749,Image,MISSING_OR_BLANK,
Works Completed.csv,4750,Image,MISSING_OR_BLANK,
Works Completed.csv,4754,Image,MISSING_OR_BLANK,
Works Completed.csv,4756,Image,MISSING_OR_BLANK,
Works Completed.csv,4758,Image,MISSING_OR_BLANK,
Works Completed.csv,4761,Image,MISSING_OR_BLANK,
Works Completed.csv,4769,Image,MISSING_OR_BLANK,
Works Completed.csv,4771,Image,MISSING_OR_BLANK,
Works Completed.csv,4773,Image,MISSING_OR_BLANK,
Works Completed.csv,4774,Image,MISSING_OR_BLANK,
Works Completed.csv,4775,Image,MISSING_OR_BLANK,
Works Completed.csv,4776,Image,MISSING_OR_BLANK,
Works Completed.csv,4777,Image,MISSING_OR_BLANK,
Works Completed.csv,4779,Image,MISSING_OR_BLANK,
Works Completed.csv,4781,Image,MISSING_OR_BLANK,
Works Completed.csv,4784,Image,MISSING_OR_BLANK,
Works Completed.csv,4786,Image,MISSING_OR_BLANK,
Works Completed.csv,4789,Image,MISSING_OR_BLANK,
Works Completed.csv,4790,Image,MISSING_OR_BLANK,
Works Completed.csv,4791,Image,MISSING_OR_BLANK,
Works Completed.csv,4792,Image,MISSING_OR_BLANK,
Works Completed.csv,4793,Image,MISSING_OR_BLANK,
Works Completed.csv,4794,Image,MISSING_OR_BLANK,
Works Completed.csv,4795,Image,MISSING_OR_BLANK,
Works Completed.csv,4796,Image,MISSING_OR_BLANK,
Works Completed.csv,4797,Image,MISSING_OR_BLANK,
Works Completed.csv,4798,Image,MISSING_OR_BLANK,
Works Completed.csv,4799,Image,MISSING_OR_BLANK,
Works Completed.csv,4800,Image,MISSING_OR_BLANK,
Works Completed.csv,4802,Image,MISSING_OR_BLANK,
Works Completed.csv,4803,Image,MISSING_OR_BLANK,
Works Completed.csv,4804,Image,MISSING_OR_BLANK,
Works Completed.csv,4805,Image,MISSING_OR_BLANK,
Works Completed.csv,4807,Image,MISSING_OR_BLANK,
Works Completed.csv,4808,Image,MISSING_OR_BLANK,
Works Completed.csv,4809,Image,MISSING_OR_BLANK,
Works Completed.csv,4810,Image,MISSING_OR_BLANK,
Works Completed.csv,4811,Image,MISSING_OR_BLANK,
Works Completed.csv,4812,Image,MISSING_OR_BLANK,
Works Completed.csv,4813,Image,MISSING_OR_BLANK,
Works Completed.csv,4814,Image,MISSING_OR_BLANK,
Works Completed.csv,4815,Image,MISSING_OR_BLANK,
Works Completed.csv,4816,Image,MISSING_OR_BLANK,
Works Completed.csv,4817,Image,MISSING_OR_BLANK,
Works Completed.csv,4820,Image,MISSING_OR_BLANK,
Works Completed.csv,4821,Image,MISSING_OR_BLANK,
Works Completed.csv,4825,Image,MISSING_OR_BLANK,
Works Completed.csv,4832,Image,MISSING_OR_BLANK,
Works Completed.csv,4834,Image,MISSING_OR_BLANK,
Works Completed.csv,4835,Image,MISSING_OR_BLANK,
Works Completed.csv,4837,Image,MISSING_OR_BLANK,
Works Completed.csv,4839,Image,MISSING_OR_BLANK,
Works Completed.csv,4840,Image,MISSING_OR_BLANK,
Works Completed.csv,4841,Image,MISSING_OR_BLANK,
Works Completed.csv,4843,Image,MISSING_OR_BLANK,
Works Completed.csv,4845,Image,MISSING_OR_BLANK,
Works Completed.csv,4848,Image,MISSING_OR_BLANK,
Works Completed.csv,4849,Image,MISSING_OR_BLANK,
Works Completed.csv,4850,Image,MISSING_OR_BLANK,
Works Completed.csv,4851,Image,MISSING_OR_BLANK,
Works Completed.csv,4853,Image,MISSING_OR_BLANK,
Works Completed.csv,4854,Image,MISSING_OR_BLANK,
Works Completed.csv,4856,Image,MISSING_OR_BLANK,
Works Completed.csv,4858,Image,MISSING_OR_BLANK,
Works Completed.csv,4859,Image,MISSING_OR_BLANK,
Works Completed.csv,4872,Image,MISSING_OR_BLANK,
Works Completed.csv,4874,Image,MISSING_OR_BLANK,
Works Completed.csv,4875,Image,MISSING_OR_BLANK,
Works Completed.csv,4879,Image,MISSING_OR_BLANK,
Works Completed.csv,4901,Image,MISSING_OR_BLANK,
Works Completed.csv,4902,Image,MISSING_OR_BLANK,
Works Completed.csv,4903,Image,MISSING_OR_BLANK,
Works Completed.csv,4904,Image,MISSING_OR_BLANK,
Works Completed.csv,4905,Image,MISSING_OR_BLANK,
Works Completed.csv,4906,Image,MISSING_OR_BLANK,
Works Completed.csv,4909,Image,MISSING_OR_BLANK,
Works Completed.csv,4912,Image,MISSING_OR_BLANK,
Works Completed.csv,4913,Image,MISSING_OR_BLANK,
Works Completed.csv,4914,Image,MISSING_OR_BLANK,
Works Completed.csv,4916,Image,MISSING_OR_BLANK,
Works Completed.csv,4920,Image,MISSING_OR_BLANK,
Works Completed.csv,4924,Image,MISSING_OR_BLANK,
Works Completed.csv,4927,Image,MISSING_OR_BLANK,
Works Completed.csv,4940,Image,MISSING_OR_BLANK,
Works Completed.csv,4943,Image,MISSING_OR_BLANK,
Works Completed.csv,4944,Image,MISSING_OR_BLANK,
Works Completed.csv,4945,Image,MISSING_OR_BLANK,
Works Completed.csv,4946,Image,MISSING_OR_BLANK,
Works Completed.csv,4947,Image,MISSING_OR_BLANK,
Works Completed.csv,4948,Image,MISSING_OR_BLANK,
Works Completed.csv,4949,Image,MISSING_OR_BLANK,
Works Completed.csv,4950,Image,MISSING_OR_BLANK,
Works Completed.csv,4951,Image,MISSING_OR_BLANK,
Works Completed.csv,4952,Image,MISSING_OR_BLANK,
Works Completed.csv,4953,Image,MISSING_OR_BLANK,
Works Completed.csv,4954,Image,MISSING_OR_BLANK,
Works Completed.csv,4955,Image,MISSING_OR_BLANK,
Works Completed.csv,4956,Image,MISSING_OR_BLANK,
Works Completed.csv,4958,Image,MISSING_OR_BLANK,
Works Completed.csv,4959,Image,MISSING_OR_BLANK,
Works Completed.csv,4964,Image,MISSING_OR_BLANK,
Works Completed.csv,4965,Image,MISSING_OR_BLANK,
Works Completed.csv,4974,Image,MISSING_OR_BLANK,
Works Completed.csv,4977,Image,MISSING_OR_BLANK,
Works Completed.csv,4978,Image,MISSING_OR_BLANK,
Works Completed.csv,4989,Image,MISSING_OR_BLANK,
Works Completed.csv,4996,Image,MISSING_OR_BLANK,
Works Completed.csv,4997,Image,MISSING_OR_BLANK,
Works Completed.csv,4998,Image,MISSING_OR_BLANK,
Works Completed.csv,5004,Image,MISSING_OR_BLANK,
Works Completed.csv,5031,Image,MISSING_OR_BLANK,
Works Completed.csv,5033,Image,MISSING_OR_BLANK,
Works Completed.csv,5035,Image,MISSING_OR_BLANK,
Works Completed.csv,5036,Image,MISSING_OR_BLANK,
Works Completed.csv,5037,Image,MISSING_OR_BLANK,
Works Completed.csv,5038,Image,MISSING_OR_BLANK,
Works Completed.csv,5039,Image,MISSING_OR_BLANK,
Works Completed.csv,5040,Image,MISSING_OR_BLANK,
Works Completed.csv,5041,Image,MISSING_OR_BLANK,
Works Completed.csv,5042,Image,MISSING_OR_BLANK,
Works Completed.csv,5044,Image,MISSING_OR_BLANK,
Works Completed.csv,5045,Image,MISSING_OR_BLANK,
Works Completed.csv,5046,Image,MISSING_OR_BLANK,
Works Completed.csv,5047,Image,MISSING_OR_BLANK,
Works Completed.csv,5048,Image,MISSING_OR_BLANK,
Works Completed.csv,5050,Image,MISSING_OR_BLANK,
Works Completed.csv,5051,Image,MISSING_OR_BLANK,
Works Completed.csv,5052,Image,MISSING_OR_BLANK,
Works Completed.csv,5053,Image,MISSING_OR_BLANK,
Works Completed.csv,5077,Image,MISSING_OR_BLANK,
Works Completed.csv,5078,Image,MISSING_OR_BLANK,
Works Completed.csv,5080,Image,MISSING_OR_BLANK,
Works Completed.csv,5081,Image,MISSING_OR_BLANK,
Works Completed.csv,5082,Image,MISSING_OR_BLANK,
Works Completed.csv,5085,Image,MISSING_OR_BLANK,
Works Completed.csv,5087,Image,MISSING_OR_BLANK,
Works Completed.csv,5088,Image,MISSING_OR_BLANK,
Works Completed.csv,5090,Image,MISSING_OR_BLANK,
Works Completed.csv,5091,Image,MISSING_OR_BLANK,
Works Completed.csv,5092,Image,MISSING_OR_BLANK,
Works Completed.csv,5093,Image,MISSING_OR_BLANK,
Works Completed.csv,5094,Image,MISSING_OR_BLANK,
Works Completed.csv,5095,Image,MISSING_OR_BLANK,
Works Completed.csv,5096,Image,MISSING_OR_BLANK,
Works Completed.csv,5097,Image,MISSING_OR_BLANK,
Works Completed.csv,5098,Image,MISSING_OR_BLANK,
Works Completed.csv,5099,Image,MISSING_OR_BLANK,
Works Completed.csv,5100,Image,MISSING_OR_BLANK,
Works Completed.csv,5101,Image,MISSING_OR_BLANK,
Works Completed.csv,5102,Image,MISSING_OR_BLANK,
Works Completed.csv,5103,Image,MISSING_OR_BLANK,
Works Completed.csv,5104,Image,MISSING_OR_BLANK,
Works Completed.csv,5105,Image,MISSING_OR_BLANK,
Works Completed.csv,5106,Image,MISSING_OR_BLANK,
Works Completed.csv,5107,Image,MISSING_OR_BLANK,
Works Completed.csv,5108,Image,MISSING_OR_BLANK,
Works Completed.csv,5109,Image,MISSING_OR_BLANK,
Works Completed.csv,5110,Image,MISSING_OR_BLANK,
Works Completed.csv,5111,Image,MISSING_OR_BLANK,
Works Completed.csv,5112,Image,MISSING_OR_BLANK,
Works Completed.csv,5113,Image,MISSING_OR_BLANK,
Works Completed.csv,5114,Image,MISSING_OR_BLANK,
Works Completed.csv,5115,Image,MISSING_OR_BLANK,
Works Completed.csv,5116,Image,MISSING_OR_BLANK,
Works Completed.csv,5117,Image,MISSING_OR_BLANK,
Works Completed.csv,5118,Image,MISSING_OR_BLANK,
Works Completed.csv,5119,Image,MISSING_OR_BLANK,
Works Completed.csv,5120,Image,MISSING_OR_BLANK,
Works Completed.csv,5121,Image,MISSING_OR_BLANK,
Works Completed.csv,5122,Image,MISSING_OR_BLANK,
Works Completed.csv,5123,Image,MISSING_OR_BLANK,
Works Completed.csv,5124,Image,MISSING_OR_BLANK,
Works Completed.csv,5125,Image,MISSING_OR_BLANK,
Works Completed.csv,5126,Image,MISSING_OR_BLANK,
Works Completed.csv,5127,Image,MISSING_OR_BLANK,
Works Completed.csv,5128,Image,MISSING_OR_BLANK,
Works Completed.csv,5131,Image,MISSING_OR_BLANK,
Works Completed.csv,5133,Image,MISSING_OR_BLANK,
Works Completed.csv,5134,Image,MISSING_OR_BLANK,
Works Completed.csv,5135,Image,MISSING_OR_BLANK,
Works Completed.csv,5136,Image,MISSING_OR_BLANK,
Works Completed.csv,5138,Image,MISSING_OR_BLANK,
Works Completed.csv,5139,Image,MISSING_OR_BLANK,
Works Completed.csv,5140,Image,MISSING_OR_BLANK,
Works Completed.csv,5141,Image,MISSING_OR_BLANK,
Works Completed.csv,5142,Image,MISSING_OR_BLANK,
Works Completed.csv,5144,Image,MISSING_OR_BLANK,
Works Completed.csv,5145,Image,MISSING_OR_BLANK,
Works Completed.csv,5146,Image,MISSING_OR_BLANK,
Works Completed.csv,5147,Image,MISSING_OR_BLANK,
Works Completed.csv,5148,Image,MISSING_OR_BLANK,
Works Completed.csv,5149,Image,MISSING_OR_BLANK,
Works Completed.csv,5150,Image,MISSING_OR_BLANK,
Works Completed.csv,5151,Image,MISSING_OR_BLANK,
Works Completed.csv,5152,Image,MISSING_OR_BLANK,
Works Completed.csv,5153,Image,MISSING_OR_BLANK,
Works Completed.csv,5154,Image,MISSING_OR_BLANK,
Works Completed.csv,5155,Image,MISSING_OR_BLANK,
Works Completed.csv,5156,Image,MISSING_OR_BLANK,
Works Completed.csv,5157,Image,MISSING_OR_BLANK,
Works Completed.csv,5158,Image,MISSING_OR_BLANK,
Works Completed.csv,5162,Image,MISSING_OR_BLANK,
Works Completed.csv,5163,Image,MISSING_OR_BLANK,
Works Completed.csv,5164,Image,MISSING_OR_BLANK,
Works Completed.csv,5165,Image,MISSING_OR_BLANK,
Works Completed.csv,5166,Image,MISSING_OR_BLANK,
Works Completed.csv,5167,Image,MISSING_OR_BLANK,
Works Completed.csv,5168,Image,MISSING_OR_BLANK,
Works Completed.csv,5169,Image,MISSING_OR_BLANK,
Works Completed.csv,5170,Image,MISSING_OR_BLANK,
Works Completed.csv,5171,Image,MISSING_OR_BLANK,
Works Completed.csv,5173,Image,MISSING_OR_BLANK,
Works Completed.csv,5174,Image,MISSING_OR_BLANK,
Works Completed.csv,5175,Image,MISSING_OR_BLANK,
Works Completed.csv,5176,Image,MISSING_OR_BLANK,
Works Completed.csv,5177,Image,MISSING_OR_BLANK,
Works Completed.csv,5178,Image,MISSING_OR_BLANK,
Works Completed.csv,5179,Image,MISSING_OR_BLANK,
Works Completed.csv,5180,Image,MISSING_OR_BLANK,
Works Completed.csv,5181,Image,MISSING_OR_BLANK,
Works Completed.csv,5182,Image,MISSING_OR_BLANK,
Works Completed.csv,5184,Image,MISSING_OR_BLANK,
Works Completed.csv,5185,Image,MISSING_OR_BLANK,
Works Completed.csv,5186,Image,MISSING_OR_BLANK,
Works Completed.csv,5194,Image,MISSING_OR_BLANK,
Works Completed.csv,5195,Image,MISSING_OR_BLANK,
Works Completed.csv,5197,Image,MISSING_OR_BLANK,
Works Completed.csv,5198,Image,MISSING_OR_BLANK,
Works Completed.csv,5200,Image,MISSING_OR_BLANK,
Works Completed.csv,5201,Image,MISSING_OR_BLANK,
Works Completed.csv,5202,Image,MISSING_OR_BLANK,
Works Completed.csv,5203,Image,MISSING_OR_BLANK,
Works Completed.csv,5204,Image,MISSING_OR_BLANK,
Works Completed.csv,5205,Image,MISSING_OR_BLANK,
Works Completed.csv,5206,Image,MISSING_OR_BLANK,
Works Completed.csv,5207,Image,MISSING_OR_BLANK,
Works Completed.csv,5208,Image,MISSING_OR_BLANK,
Works Completed.csv,5209,Image,MISSING_OR_BLANK,
Works Completed.csv,5210,Image,MISSING_OR_BLANK,
Works Completed.csv,5211,Image,MISSING_OR_BLANK,
Works Completed.csv,5213,Image,MISSING_OR_BLANK,
Works Completed.csv,5214,Image,MISSING_OR_BLANK,
Works Completed.csv,5215,Image,MISSING_OR_BLANK,
Works Completed.csv,5216,Image,MISSING_OR_BLANK,
Works Completed.csv,5217,Image,MISSING_OR_BLANK,
Works Completed.csv,5218,Image,MISSING_OR_BLANK,
Works Completed.csv,5219,Image,MISSING_OR_BLANK,
Works Completed.csv,5220,Image,MISSING_OR_BLANK,
Works Completed.csv,5221,Image,MISSING_OR_BLANK,
Works Completed.csv,5222,Image,MISSING_OR_BLANK,
Works Completed.csv,5223,Image,MISSING_OR_BLANK,
Works Completed.csv,5224,Image,MISSING_OR_BLANK,
Works Completed.csv,5225,Image,MISSING_OR_BLANK,
Works Completed.csv,5226,Image,MISSING_OR_BLANK,
Works Completed.csv,5227,Image,MISSING_OR_BLANK,
Works Completed.csv,5229,Image,MISSING_OR_BLANK,
Works Completed.csv,5232,Image,MISSING_OR_BLANK,
Works Completed.csv,5233,Image,MISSING_OR_BLANK,
Works Completed.csv,5237,Image,MISSING_OR_BLANK,
Works Completed.csv,5250,Image,MISSING_OR_BLANK,
Works Completed.csv,5258,Image,MISSING_OR_BLANK,
Works Completed.csv,5260,Image,MISSING_OR_BLANK,
Works Completed.csv,5265,Image,MISSING_OR_BLANK,
Works Completed.csv,5277,Image,MISSING_OR_BLANK,
Works Completed.csv,5278,Image,MISSING_OR_BLANK,
Works Completed.csv,5279,Image,MISSING_OR_BLANK,
Works Completed.csv,5280,Image,MISSING_OR_BLANK,
Works Completed.csv,5281,Image,MISSING_OR_BLANK,
Works Completed.csv,5282,Image,MISSING_OR_BLANK,
Works Completed.csv,5283,Image,MISSING_OR_BLANK,
Works Completed.csv,5284,Image,MISSING_OR_BLANK,
Works Completed.csv,5285,Image,MISSING_OR_BLANK,
Works Completed.csv,5286,Image,MISSING_OR_BLANK,
Works Completed.csv,5287,Image,MISSING_OR_BLANK,
Works Completed.csv,5288,Image,MISSING_OR_BLANK,
Works Completed.csv,5289,Image,MISSING_OR_BLANK,
Works Completed.csv,5290,Image,MISSING_OR_BLANK,
Works Completed.csv,5291,Image,MISSING_OR_BLANK,
Works Completed.csv,5292,Image,MISSING_OR_BLANK,
Works Completed.csv,5293,Image,MISSING_OR_BLANK,
Works Completed.csv,5294,Image,MISSING_OR_BLANK,
Works Completed.csv,5295,Image,MISSING_OR_BLANK,
Works Completed.csv,5296,Image,MISSING_OR_BLANK,
Works Completed.csv,5297,Image,MISSING_OR_BLANK,
Works Completed.csv,5298,Image,MISSING_OR_BLANK,
Works Completed.csv,5299,Image,MISSING_OR_BLANK,
Works Completed.csv,5300,Image,MISSING_OR_BLANK,
Works Completed.csv,5301,Image,MISSING_OR_BLANK,
Works Completed.csv,5302,Image,MISSING_OR_BLANK,
Works Completed.csv,5303,Image,MISSING_OR_BLANK,
Works Completed.csv,5304,Image,MISSING_OR_BLANK,
Works Completed.csv,5305,Image,MISSING_OR_BLANK,
Works Completed.csv,5306,Image,MISSING_OR_BLANK,
Works Completed.csv,5307,Image,MISSING_OR_BLANK,
Works Completed.csv,5309,Image,MISSING_OR_BLANK,
Works Completed.csv,5310,Image,MISSING_OR_BLANK,
Works Completed.csv,5311,Image,MISSING_OR_BLANK,
Works Completed.csv,5312,Image,MISSING_OR_BLANK,
Works Completed.csv,5313,Image,MISSING_OR_BLANK,
Works Completed.csv,5315,Image,MISSING_OR_BLANK,
Works Completed.csv,5320,Image,MISSING_OR_BLANK,
Works Completed.csv,5333,Image,MISSING_OR_BLANK,
Works Completed.csv,5334,Image,MISSING_OR_BLANK,
Works Completed.csv,5351,Image,MISSING_OR_BLANK,
Works Completed.csv,5353,Image,MISSING_OR_BLANK,
Works Completed.csv,5354,Image,MISSING_OR_BLANK,
Works Completed.csv,5355,Image,MISSING_OR_BLANK,
Works Completed.csv,5356,Image,MISSING_OR_BLANK,
Works Completed.csv,5357,Image,MISSING_OR_BLANK,
Works Completed.csv,5358,Image,MISSING_OR_BLANK,
Works Completed.csv,5359,Image,MISSING_OR_BLANK,
Works Completed.csv,5360,Image,MISSING_OR_BLANK,
Works Completed.csv,5361,Image,MISSING_OR_BLANK,
Works Completed.csv,5362,Image,MISSING_OR_BLANK,
Works Completed.csv,5363,Image,MISSING_OR_BLANK,
Works Completed.csv,5364,Image,MISSING_OR_BLANK,
Works Completed.csv,5365,Image,MISSING_OR_BLANK,
Works Completed.csv,5366,Image,MISSING_OR_BLANK,
Works Completed.csv,5367,Image,MISSING_OR_BLANK,
Works Completed.csv,5368,Image,MISSING_OR_BLANK,
Works Completed.csv,5369,Image,MISSING_OR_BLANK,
Works Completed.csv,5370,Image,MISSING_OR_BLANK,
Works Completed.csv,5371,Image,MISSING_OR_BLANK,
Works Completed.csv,5372,Image,MISSING_OR_BLANK,
Works Completed.csv,5373,Image,MISSING_OR_BLANK,
Works Completed.csv,5374,Image,MISSING_OR_BLANK,
Works Completed.csv,5375,Image,MISSING_OR_BLANK,
Works Completed.csv,5376,Image,MISSING_OR_BLANK,
Works Completed.csv,5377,Image,MISSING_OR_BLANK,
Works Completed.csv,5378,Image,MISSING_OR_BLANK,
Works Completed.csv,5379,Image,MISSING_OR_BLANK,
Works Completed.csv,5380,Image,MISSING_OR_BLANK,
Works Completed.csv,5381,Image,MISSING_OR_BLANK,
Works Completed.csv,5382,Image,MISSING_OR_BLANK,
Works Completed.csv,5383,Image,MISSING_OR_BLANK,
Works Completed.csv,5385,Image,MISSING_OR_BLANK,
Works Completed.csv,5386,Image,MISSING_OR_BLANK,
Works Completed.csv,5387,Image,MISSING_OR_BLANK,
Works Completed.csv,5390,Image,MISSING_OR_BLANK,
Works Completed.csv,5391,Image,MISSING_OR_BLANK,
Works Completed.csv,5392,Image,MISSING_OR_BLANK,
Works Completed.csv,5393,Image,MISSING_OR_BLANK,
Works Completed.csv,5394,Image,MISSING_OR_BLANK,
Works Completed.csv,5395,Image,MISSING_OR_BLANK,
Works Completed.csv,5396,Image,MISSING_OR_BLANK,
Works Completed.csv,5397,Image,MISSING_OR_BLANK,
Works Completed.csv,5398,Image,MISSING_OR_BLANK,
Works Completed.csv,5399,Image,MISSING_OR_BLANK,
Works Completed.csv,5400,Image,MISSING_OR_BLANK,
Works Completed.csv,5401,Image,MISSING_OR_BLANK,
Works Completed.csv,5402,Image,MISSING_OR_BLANK,
Works Completed.csv,5404,Image,MISSING_OR_BLANK,
Works Completed.csv,5405,Image,MISSING_OR_BLANK,
Works Completed.csv,5406,Image,MISSING_OR_BLANK,
Works Completed.csv,5407,Image,MISSING_OR_BLANK,
Works Completed.csv,5408,Image,MISSING_OR_BLANK,
Works Completed.csv,5410,Image,MISSING_OR_BLANK,
Works Completed.csv,5434,Image,MISSING_OR_BLANK,
Works Completed.csv,5435,Image,MISSING_OR_BLANK,
Works Completed.csv,5442,Image,MISSING_OR_BLANK,
Works Completed.csv,5443,Image,MISSING_OR_BLANK,
Works Completed.csv,5447,Image,MISSING_OR_BLANK,
Works Completed.csv,5448,Image,MISSING_OR_BLANK,
Works Completed.csv,5449,Image,MISSING_OR_BLANK,
Works Completed.csv,5450,Image,MISSING_OR_BLANK,
Works Completed.csv,5452,Image,MISSING_OR_BLANK,
Works Completed.csv,5564,Image,MISSING_OR_BLANK,
Works Completed.csv,5565,Image,MISSING_OR_BLANK,
Works Completed.csv,5566,Image,MISSING_OR_BLANK,
Works Completed.csv,5568,Image,MISSING_OR_BLANK,
Works Completed.csv,5572,Image,MISSING_OR_BLANK,
Works Completed.csv,5578,Image,MISSING_OR_BLANK,
Works Completed.csv,5579,Image,MISSING_OR_BLANK,
Works Completed.csv,5581,Image,MISSING_OR_BLANK,
Works Completed.csv,5613,Image,MISSING_OR_BLANK,
Works Completed.csv,5616,Image,MISSING_OR_BLANK,
Works Completed.csv,5626,Image,MISSING_OR_BLANK,
Works Completed.csv,5630,Image,MISSING_OR_BLANK,
Works Completed.csv,5632,Image,MISSING_OR_BLANK,
Works Completed.csv,5656,Image,MISSING_OR_BLANK,
Works Completed.csv,5657,Image,MISSING_OR_BLANK,
Works Completed.csv,5734,Image,MISSING_OR_BLANK,
Works Completed.csv,5735,Image,MISSING_OR_BLANK,
Works Completed.csv,5736,Image,MISSING_OR_BLANK,
Works Completed.csv,5738,Image,MISSING_OR_BLANK,
Works Completed.csv,5742,Image,MISSING_OR_BLANK,
Works Completed.csv,5743,Image,MISSING_OR_BLANK,
Works Completed.csv,5744,Image,MISSING_OR_BLANK,
Works Completed.csv,5745,Image,MISSING_OR_BLANK,
Works Completed.csv,5746,Image,MISSING_OR_BLANK,
Works Completed.csv,5747,Image,MISSING_OR_BLANK,
Works Completed.csv,5748,Image,MISSING_OR_BLANK,
Works Completed.csv,5753,Image,MISSING_OR_BLANK,
Works Completed.csv,5754,Image,MISSING_OR_BLANK,
Works Completed.csv,5756,Image,MISSING_OR_BLANK,
Works Completed.csv,5757,Image,MISSING_OR_BLANK,
Works Completed.csv,5758,Image,MISSING_OR_BLANK,
Works Completed.csv,5759,Image,MISSING_OR_BLANK,
Works Completed.csv,5760,Image,MISSING_OR_BLANK,
Works Completed.csv,5761,Image,MISSING_OR_BLANK,
Works Completed.csv,5762,Image,MISSING_OR_BLANK,
Works Completed.csv,5763,Image,MISSING_OR_BLANK,
Works Completed.csv,5764,Image,MISSING_OR_BLANK,
Works Completed.csv,5765,Image,MISSING_OR_BLANK,
Works Completed.csv,5766,Image,MISSING_OR_BLANK,
Works Completed.csv,5767,Image,MISSING_OR_BLANK,
Works Completed.csv,5768,Image,MISSING_OR_BLANK,
Works Completed.csv,5769,Image,MISSING_OR_BLANK,
Works Completed.csv,5770,Image,MISSING_OR_BLANK,
Works Completed.csv,5771,Image,MISSING_OR_BLANK,
Works Completed.csv,5772,Image,MISSING_OR_BLANK,
Works Completed.csv,5773,Image,MISSING_OR_BLANK,
Works Completed.csv,5774,Image,MISSING_OR_BLANK,
Works Completed.csv,5775,Image,MISSING_OR_BLANK,
Works Completed.csv,5776,Image,MISSING_OR_BLANK,
Works Completed.csv,5777,Image,MISSING_OR_BLANK,
Works Completed.csv,5778,Image,MISSING_OR_BLANK,
Works Completed.csv,5779,Image,MISSING_OR_BLANK,
Works Completed.csv,5780,Image,MISSING_OR_BLANK,
Works Completed.csv,5781,Image,MISSING_OR_BLANK,
Works Completed.csv,5782,Image,MISSING_OR_BLANK,
Works Completed.csv,5783,Image,MISSING_OR_BLANK,
Works Completed.csv,5784,Image,MISSING_OR_BLANK,
Works Completed.csv,5785,Image,MISSING_OR_BLANK,
Works Completed.csv,5786,Image,MISSING_OR_BLANK,
Works Completed.csv,5787,Image,MISSING_OR_BLANK,
Works Completed.csv,5788,Image,MISSING_OR_BLANK,
Works Completed.csv,5789,Image,MISSING_OR_BLANK,
Works Completed.csv,5790,Image,MISSING_OR_BLANK,
Works Completed.csv,5791,Image,MISSING_OR_BLANK,
Works Completed.csv,5814,Image,MISSING_OR_BLANK,
Works Completed.csv,5827,Image,MISSING_OR_BLANK,
Works Completed.csv,5832,Image,MISSING_OR_BLANK,
Works Completed.csv,5833,Image,MISSING_OR_BLANK,
Works Completed.csv,5834,Image,MISSING_OR_BLANK,
Works Completed.csv,5835,Image,MISSING_OR_BLANK,
Works Completed.csv,5836,Image,MISSING_OR_BLANK,
Works Completed.csv,5837,Image,MISSING_OR_BLANK,
Works Completed.csv,5838,Image,MISSING_OR_BLANK,
Works Completed.csv,5839,Image,MISSING_OR_BLANK,
Works Completed.csv,5840,Image,MISSING_OR_BLANK,
Works Completed.csv,5841,Image,MISSING_OR_BLANK,
Works Completed.csv,5842,Image,MISSING_OR_BLANK,
Works Completed.csv,5843,Image,MISSING_OR_BLANK,
Works Completed.csv,5844,Image,MISSING_OR_BLANK,
Works Completed.csv,5845,Image,MISSING_OR_BLANK,
Works Completed.csv,5846,Image,MISSING_OR_BLANK,
Works Completed.csv,5847,Image,MISSING_OR_BLANK,
Works Completed.csv,5848,Image,MISSING_OR_BLANK,
Works Completed.csv,5849,Image,MISSING_OR_BLANK,
Works Completed.csv,5850,Image,MISSING_OR_BLANK,
Works Completed.csv,5851,Image,MISSING_OR_BLANK,
Works Completed.csv,5852,Image,MISSING_OR_BLANK,
Works Completed.csv,5853,Image,MISSING_OR_BLANK,
Works Completed.csv,5854,Image,MISSING_OR_BLANK,
Works Completed.csv,5855,Image,MISSING_OR_BLANK,
Works Completed.csv,5856,Image,MISSING_OR_BLANK,
Works Completed.csv,5857,Image,MISSING_OR_BLANK,
Works Completed.csv,5858,Image,MISSING_OR_BLANK,
Works Completed.csv,5872,Image,MISSING_OR_BLANK,
Works Completed.csv,5877,Image,MISSING_OR_BLANK,
Works Completed.csv,5878,Image,MISSING_OR_BLANK,
Works Completed.csv,5880,Image,MISSING_OR_BLANK,
Works Completed.csv,5882,Image,MISSING_OR_BLANK,
Works Completed.csv,5883,Image,MISSING_OR_BLANK,
Works Completed.csv,5884,Image,MISSING_OR_BLANK,
Works Completed.csv,5885,Image,MISSING_OR_BLANK,
Works Completed.csv,5886,Image,MISSING_OR_BLANK,
Works Completed.csv,5887,Image,MISSING_OR_BLANK,
Works Completed.csv,5888,Image,MISSING_OR_BLANK,
Works Completed.csv,5889,Image,MISSING_OR_BLANK,
Works Completed.csv,5890,Image,MISSING_OR_BLANK,
Works Completed.csv,5891,Image,MISSING_OR_BLANK,
Works Completed.csv,5892,Image,MISSING_OR_BLANK,
Works Completed.csv,5893,Image,MISSING_OR_BLANK,
Works Completed.csv,5894,Image,MISSING_OR_BLANK,
Works Completed.csv,5895,Image,MISSING_OR_BLANK,
Works Completed.csv,5896,Image,MISSING_OR_BLANK,
Works Completed.csv,5898,Image,MISSING_OR_BLANK,
Works Completed.csv,5900,Image,MISSING_OR_BLANK,
Works Completed.csv,5901,Image,MISSING_OR_BLANK,
Works Completed.csv,5902,Image,MISSING_OR_BLANK,
Works Completed.csv,5903,Image,MISSING_OR_BLANK,
Works Completed.csv,5905,Image,MISSING_OR_BLANK,
Works Completed.csv,5906,Image,MISSING_OR_BLANK,
Works Completed.csv,5913,Image,MISSING_OR_BLANK,
Works Completed.csv,5914,Image,MISSING_OR_BLANK,
Works Completed.csv,5915,Image,MISSING_OR_BLANK,
Works Completed.csv,5916,Image,MISSING_OR_BLANK,
Works Completed.csv,5917,Image,MISSING_OR_BLANK,
Works Completed.csv,5918,Image,MISSING_OR_BLANK,
Works Completed.csv,5919,Image,MISSING_OR_BLANK,
Works Completed.csv,5920,Image,MISSING_OR_BLANK,
Works Completed.csv,5921,Image,MISSING_OR_BLANK,
Works Completed.csv,5922,Image,MISSING_OR_BLANK,
Works Completed.csv,5923,Image,MISSING_OR_BLANK,
Works Completed.csv,5924,Image,MISSING_OR_BLANK,
Works Completed.csv,5925,Image,MISSING_OR_BLANK,
Works Completed.csv,5926,Image,MISSING_OR_BLANK,
Works Completed.csv,5927,Image,MISSING_OR_BLANK,
Works Completed.csv,5929,Image,MISSING_OR_BLANK,
Works Completed.csv,5931,Image,MISSING_OR_BLANK,
Works Completed.csv,5932,Image,MISSING_OR_BLANK,
Works Completed.csv,5934,Image,MISSING_OR_BLANK,
Works Completed.csv,5939,Image,MISSING_OR_BLANK,
Works Completed.csv,5940,Image,MISSING_OR_BLANK,
Works Completed.csv,5941,Image,MISSING_OR_BLANK,
Works Completed.csv,5942,Image,MISSING_OR_BLANK,
Works Completed.csv,5943,Image,MISSING_OR_BLANK,
Works Completed.csv,5944,Image,MISSING_OR_BLANK,
Works Completed.csv,5945,Image,MISSING_OR_BLANK,
Works Completed.csv,5946,Image,MISSING_OR_BLANK,
Works Completed.csv,5950,Image,MISSING_OR_BLANK,
Works Completed.csv,5951,Image,MISSING_OR_BLANK,
Works Completed.csv,5952,Image,MISSING_OR_BLANK,
Works Completed.csv,5953,Image,MISSING_OR_BLANK,
Works Completed.csv,5961,Image,MISSING_OR_BLANK,
Works Completed.csv,5973,Image,MISSING_OR_BLANK,
Works Completed.csv,5974,Image,MISSING_OR_BLANK,
Works Completed.csv,5976,Image,MISSING_OR_BLANK,
Works Completed.csv,5977,Image,MISSING_OR_BLANK,
Works Completed.csv,5979,Image,MISSING_OR_BLANK,
Works Completed.csv,5980,Image,MISSING_OR_BLANK,
Works Completed.csv,5981,Image,MISSING_OR_BLANK,
Works Completed.csv,5982,Image,MISSING_OR_BLANK,
Works Completed.csv,5983,Image,MISSING_OR_BLANK,
Works Completed.csv,5984,Image,MISSING_OR_BLANK,
Works Completed.csv,5985,Image,MISSING_OR_BLANK,
Works Completed.csv,5986,Image,MISSING_OR_BLANK,
Works Completed.csv,5987,Image,MISSING_OR_BLANK,
Works Completed.csv,5988,Image,MISSING_OR_BLANK,
Works Completed.csv,5989,Image,MISSING_OR_BLANK,
Works Completed.csv,5990,Image,MISSING_OR_BLANK,
Works Completed.csv,5991,Image,MISSING_OR_BLANK,
Works Completed.csv,5992,Image,MISSING_OR_BLANK,
Works Completed.csv,5993,Image,MISSING_OR_BLANK,
Works Completed.csv,5994,Image,MISSING_OR_BLANK,
Works Completed.csv,5995,Image,MISSING_OR_BLANK,
Works Completed.csv,5996,Image,MISSING_OR_BLANK,
Works Completed.csv,5997,Image,MISSING_OR_BLANK,
Works Completed.csv,5998,Image,MISSING_OR_BLANK,
Works Completed.csv,6017,Image,MISSING_OR_BLANK,
Works Completed.csv,6022,Image,MISSING_OR_BLANK,
Works Completed.csv,6065,Image,MISSING_OR_BLANK,
Works Completed.csv,6072,Image,MISSING_OR_BLANK,
Works Completed.csv,6073,Image,MISSING_OR_BLANK,
Works Completed.csv,6076,Image,MISSING_OR_BLANK,
Works Completed.csv,6082,Image,MISSING_OR_BLANK,
Works Completed.csv,6090,Image,MISSING_OR_BLANK,
Works Completed.csv,6114,Image,MISSING_OR_BLANK,
Works Completed.csv,6116,Image,MISSING_OR_BLANK,
Works Completed.csv,6124,Image,MISSING_OR_BLANK,
Works Completed.csv,6127,Image,MISSING_OR_BLANK,
Works Completed.csv,6128,Image,MISSING_OR_BLANK,
Works Completed.csv,6129,Image,MISSING_OR_BLANK,
Works Completed.csv,6130,Image,MISSING_OR_BLANK,
Works Completed.csv,6131,Image,MISSING_OR_BLANK,
Works Completed.csv,6132,Image,MISSING_OR_BLANK,
Works Completed.csv,6133,Image,MISSING_OR_BLANK,
Works Completed.csv,6134,Image,MISSING_OR_BLANK,
Works Completed.csv,6135,Image,MISSING_OR_BLANK,
Works Completed.csv,6136,Image,MISSING_OR_BLANK,
Works Completed.csv,6137,Image,MISSING_OR_BLANK,
Works Completed.csv,6138,Image,MISSING_OR_BLANK,
Works Completed.csv,6139,Image,MISSING_OR_BLANK,
Works Completed.csv,6140,Image,MISSING_OR_BLANK,
Works Completed.csv,6141,Image,MISSING_OR_BLANK,
Works Completed.csv,6142,Image,MISSING_OR_BLANK,
Works Completed.csv,6143,Image,MISSING_OR_BLANK,
Works Completed.csv,6144,Image,MISSING_OR_BLANK,
Works Completed.csv,6145,Image,MISSING_OR_BLANK,
Works Completed.csv,6147,Image,MISSING_OR_BLANK,
Works Completed.csv,6148,Image,MISSING_OR_BLANK,
Works Completed.csv,6149,Image,MISSING_OR_BLANK,
Works Completed.csv,6150,Image,MISSING_OR_BLANK,
Works Completed.csv,6151,Image,MISSING_OR_BLANK,
Works Completed.csv,6152,Image,MISSING_OR_BLANK,
Works Completed.csv,6153,Image,MISSING_OR_BLANK,
Works Completed.csv,6154,Image,MISSING_OR_BLANK,
Works Completed.csv,6155,Image,MISSING_OR_BLANK,
Works Completed.csv,6160,Image,MISSING_OR_BLANK,
Works Completed.csv,6163,Image,MISSING_OR_BLANK,
Works Completed.csv,6166,Image,MISSING_OR_BLANK,
Works Completed.csv,6192,Image,MISSING_OR_BLANK,
Works Completed.csv,6197,Image,MISSING_OR_BLANK,
Works Completed.csv,6199,Image,MISSING_OR_BLANK,
Works Completed.csv,6200,Image,MISSING_OR_BLANK,
Works Completed.csv,6201,Image,MISSING_OR_BLANK,
Works Completed.csv,6202,Image,MISSING_OR_BLANK,
Works Completed.csv,6203,Image,MISSING_OR_BLANK,
Works Completed.csv,6204,Image,MISSING_OR_BLANK,
Works Completed.csv,6205,Image,MISSING_OR_BLANK,
Works Completed.csv,6206,Image,MISSING_OR_BLANK,
Works Completed.csv,6207,Image,MISSING_OR_BLANK,
Works Completed.csv,6208,Image,MISSING_OR_BLANK,
Works Completed.csv,6209,Image,MISSING_OR_BLANK,
Works Completed.csv,6210,Image,MISSING_OR_BLANK,
Works Completed.csv,6211,Image,MISSING_OR_BLANK,
Works Completed.csv,6212,Image,MISSING_OR_BLANK,
Works Completed.csv,6214,Image,MISSING_OR_BLANK,
Works Completed.csv,6229,Image,MISSING_OR_BLANK,
Works Completed.csv,6232,Image,MISSING_OR_BLANK,
Works Completed.csv,6246,Image,MISSING_OR_BLANK,
Works Completed.csv,6247,Image,MISSING_OR_BLANK,
Works Completed.csv,6248,Image,MISSING_OR_BLANK,
Works Completed.csv,6249,Image,MISSING_OR_BLANK,
Works Completed.csv,6251,Image,MISSING_OR_BLANK,
Works Completed.csv,6252,Image,MISSING_OR_BLANK,
Works Completed.csv,6253,Image,MISSING_OR_BLANK,
Works Completed.csv,6254,Image,MISSING_OR_BLANK,
Works Completed.csv,6255,Image,MISSING_OR_BLANK,
Works Completed.csv,6256,Image,MISSING_OR_BLANK,
Works Completed.csv,6259,Image,MISSING_OR_BLANK,
Works Completed.csv,6260,Image,MISSING_OR_BLANK,
Works Completed.csv,6261,Image,MISSING_OR_BLANK,
Works Completed.csv,6262,Image,MISSING_OR_BLANK,
Works Completed.csv,6264,Image,MISSING_OR_BLANK,
Works Completed.csv,6265,Image,MISSING_OR_BLANK,
Works Completed.csv,6266,Image,MISSING_OR_BLANK,
Works Completed.csv,6267,Image,MISSING_OR_BLANK,
Works Completed.csv,6268,Image,MISSING_OR_BLANK,
Works Completed.csv,6271,Image,MISSING_OR_BLANK,
Works Completed.csv,6273,Image,MISSING_OR_BLANK,
Works Completed.csv,6278,Image,MISSING_OR_BLANK,
Works Completed.csv,6279,Image,MISSING_OR_BLANK,
Works Completed.csv,6312,Image,MISSING_OR_BLANK,
Works Completed.csv,6313,Image,MISSING_OR_BLANK,
Works Completed.csv,6320,Image,MISSING_OR_BLANK,
Works Completed.csv,6321,Image,MISSING_OR_BLANK,
Works Completed.csv,6322,Image,MISSING_OR_BLANK,
Works Completed.csv,6323,Image,MISSING_OR_BLANK,
Works Completed.csv,6325,Image,MISSING_OR_BLANK,
Works Completed.csv,6365,Image,MISSING_OR_BLANK,
Works Completed.csv,6366,Image,MISSING_OR_BLANK,
Works Completed.csv,6370,Image,MISSING_OR_BLANK,
Works Completed.csv,6373,Image,MISSING_OR_BLANK,
Works Completed.csv,6375,Image,MISSING_OR_BLANK,
Works Completed.csv,6379,Image,MISSING_OR_BLANK,
Works Completed.csv,6382,Image,MISSING_OR_BLANK,
Works Completed.csv,6383,Image,MISSING_OR_BLANK,
Works Completed.csv,6384,Image,MISSING_OR_BLANK,
Works Completed.csv,6385,Image,MISSING_OR_BLANK,
Works Completed.csv,6407,Image,MISSING_OR_BLANK,
Works Completed.csv,6413,Image,MISSING_OR_BLANK,
Works Completed.csv,6414,Image,MISSING_OR_BLANK,
Works Completed.csv,6415,Image,MISSING_OR_BLANK,
Works Completed.csv,6417,Image,MISSING_OR_BLANK,
Works Completed.csv,6418,Image,MISSING_OR_BLANK,
Works Completed.csv,6419,Image,MISSING_OR_BLANK,
Works Completed.csv,6420,Image,MISSING_OR_BLANK,
Works Completed.csv,6421,Image,MISSING_OR_BLANK,
Works Completed.csv,6422,Image,MISSING_OR_BLANK,
Works Completed.csv,6423,Image,MISSING_OR_BLANK,
Works Completed.csv,6424,Image,MISSING_OR_BLANK,
Works Completed.csv,6457,Image,MISSING_OR_BLANK,
Works Completed.csv,6458,Image,MISSING_OR_BLANK,
Works Completed.csv,6460,Image,MISSING_OR_BLANK,
Works Completed.csv,6461,Image,MISSING_OR_BLANK,
Works Completed.csv,6462,Image,MISSING_OR_BLANK,
Works Completed.csv,6463,Image,MISSING_OR_BLANK,
Works Completed.csv,6464,Image,MISSING_OR_BLANK,
Works Completed.csv,6465,Image,MISSING_OR_BLANK,
Works Completed.csv,6466,Image,MISSING_OR_BLANK,
Works Completed.csv,6467,Image,MISSING_OR_BLANK,
Works Completed.csv,6469,Image,MISSING_OR_BLANK,
Works Completed.csv,6470,Image,MISSING_OR_BLANK,
Works Completed.csv,6471,Image,MISSING_OR_BLANK,
Works Completed.csv,6473,Image,MISSING_OR_BLANK,
Works Completed.csv,6475,Image,MISSING_OR_BLANK,
Works Completed.csv,6476,Image,MISSING_OR_BLANK,
Works Completed.csv,6478,Image,MISSING_OR_BLANK,
Works Completed.csv,6479,Image,MISSING_OR_BLANK,
Works Completed.csv,6480,Image,MISSING_OR_BLANK,
Works Completed.csv,6483,Image,MISSING_OR_BLANK,
Works Completed.csv,6489,Image,MISSING_OR_BLANK,
Works Completed.csv,6492,Image,MISSING_OR_BLANK,
Works Completed.csv,6496,Image,MISSING_OR_BLANK,
Works Completed.csv,6500,Image,MISSING_OR_BLANK,
Works Completed.csv,6505,Image,MISSING_OR_BLANK,
Works Completed.csv,6508,Image,MISSING_OR_BLANK,
Works Completed.csv,6511,Image,MISSING_OR_BLANK,
Works Completed.csv,6513,Image,MISSING_OR_BLANK,
Works Completed.csv,6516,Image,MISSING_OR_BLANK,
Works Completed.csv,6546,Image,MISSING_OR_BLANK,
Works Completed.csv,6558,Image,MISSING_OR_BLANK,
Works Completed.csv,6560,Image,MISSING_OR_BLANK,
Works Completed.csv,6561,Image,MISSING_OR_BLANK,
Works Completed.csv,6562,Image,MISSING_OR_BLANK,
Works Completed.csv,6566,Image,MISSING_OR_BLANK,
Works Completed.csv,6578,Image,MISSING_OR_BLANK,
Works Completed.csv,6579,Image,MISSING_OR_BLANK,
Works Completed.csv,6580,Image,MISSING_OR_BLANK,
Works Completed.csv,6581,Image,MISSING_OR_BLANK,
Works Completed.csv,6582,Image,MISSING_OR_BLANK,
Works Completed.csv,6583,Image,MISSING_OR_BLANK,
Works Completed.csv,6586,Image,MISSING_OR_BLANK,
Works Completed.csv,6589,Image,MISSING_OR_BLANK,
Works Completed.csv,6593,Image,MISSING_OR_BLANK,
Works Completed.csv,6604,Image,MISSING_OR_BLANK,
Works Completed.csv,6612,Image,MISSING_OR_BLANK,
Works Completed.csv,6616,Image,MISSING_OR_BLANK,
Works Completed.csv,6618,Image,MISSING_OR_BLANK,
Works Completed.csv,6619,Image,MISSING_OR_BLANK,
Works Completed.csv,6620,Image,MISSING_OR_BLANK,
Works Completed.csv,6621,Image,MISSING_OR_BLANK,
Works Completed.csv,6624,Image,MISSING_OR_BLANK,
Works Completed.csv,6625,Image,MISSING_OR_BLANK,
Works Completed.csv,6626,Image,MISSING_OR_BLANK,
Works Completed.csv,6627,Image,MISSING_OR_BLANK,
Works Completed.csv,6628,Image,MISSING_OR_BLANK,
Works Completed.csv,6629,Image,MISSING_OR_BLANK,
Works Completed.csv,6630,Image,MISSING_OR_BLANK,
Works Completed.csv,6631,Image,MISSING_OR_BLANK,
Works Completed.csv,6641,Image,MISSING_OR_BLANK,
Works Completed.csv,6652,Image,MISSING_OR_BLANK,
Works Completed.csv,6653,Image,MISSING_OR_BLANK,
Works Completed.csv,6654,Image,MISSING_OR_BLANK,
Works Completed.csv,6655,Image,MISSING_OR_BLANK,
Works Completed.csv,6656,Image,MISSING_OR_BLANK,
Works Completed.csv,6657,Image,MISSING_OR_BLANK,
Works Completed.csv,6658,Image,MISSING_OR_BLANK,
Works Completed.csv,6660,Image,MISSING_OR_BLANK,
Works Completed.csv,6661,Image,MISSING_OR_BLANK,
Works Completed.csv,6662,Image,MISSING_OR_BLANK,
Works Completed.csv,6663,Image,MISSING_OR_BLANK,
Works Completed.csv,6664,Image,MISSING_OR_BLANK,
Works Completed.csv,6665,Image,MISSING_OR_BLANK,
Works Completed.csv,6667,Image,MISSING_OR_BLANK,
Works Completed.csv,6670,Image,MISSING_OR_BLANK,
Works Completed.csv,6672,Image,MISSING_OR_BLANK,
Works Completed.csv,6673,Image,MISSING_OR_BLANK,
Works Completed.csv,6674,Image,MISSING_OR_BLANK,
Works Completed.csv,6675,Image,MISSING_OR_BLANK,
Works Completed.csv,6676,Image,MISSING_OR_BLANK,
Works Completed.csv,6677,Image,MISSING_OR_BLANK,
Works Completed.csv,6678,Image,MISSING_OR_BLANK,
Works Completed.csv,6679,Image,MISSING_OR_BLANK,
Works Completed.csv,6680,Image,MISSING_OR_BLANK,
Works Completed.csv,6681,Image,MISSING_OR_BLANK,
Works Completed.csv,6682,Image,MISSING_OR_BLANK,
Works Completed.csv,6683,Image,MISSING_OR_BLANK,
Works Completed.csv,6684,Image,MISSING_OR_BLANK,
Works Completed.csv,6685,Image,MISSING_OR_BLANK,
Works Completed.csv,6686,Image,MISSING_OR_BLANK,
Works Completed.csv,6688,Image,MISSING_OR_BLANK,
Works Completed.csv,6690,Image,MISSING_OR_BLANK,
Works Completed.csv,6691,Image,MISSING_OR_BLANK,
Works Completed.csv,6695,Image,MISSING_OR_BLANK,
Works Completed.csv,6700,Image,MISSING_OR_BLANK,
Works Completed.csv,6706,Image,MISSING_OR_BLANK,
Works Completed.csv,6707,Image,MISSING_OR_BLANK,
Works Completed.csv,6710,Image,MISSING_OR_BLANK,
Works Completed.csv,6722,Image,MISSING_OR_BLANK,
Works Completed.csv,6748,Image,MISSING_OR_BLANK,
Works Completed.csv,6756,Image,MISSING_OR_BLANK,
Works Completed.csv,6757,Image,MISSING_OR_BLANK,
Works Completed.csv,6758,Image,MISSING_OR_BLANK,
Works Completed.csv,6760,Image,MISSING_OR_BLANK,
Works Completed.csv,6761,Image,MISSING_OR_BLANK,
Works Completed.csv,6762,Image,MISSING_OR_BLANK,
Works Completed.csv,6763,Image,MISSING_OR_BLANK,
Works Completed.csv,6764,Image,MISSING_OR_BLANK,
Works Completed.csv,6765,Image,MISSING_OR_BLANK,
Works Completed.csv,6772,Image,MISSING_OR_BLANK,
Works Completed.csv,6773,Image,MISSING_OR_BLANK,
Works Completed.csv,6774,Image,MISSING_OR_BLANK,
Works Completed.csv,6780,Image,MISSING_OR_BLANK,
Works Completed.csv,6781,Image,MISSING_OR_BLANK,
Works Completed.csv,6783,Image,MISSING_OR_BLANK,
Works Completed.csv,6784,Image,MISSING_OR_BLANK,
Works Completed.csv,6788,Image,MISSING_OR_BLANK,
Works Completed.csv,6789,Image,MISSING_OR_BLANK,
Works Completed.csv,6791,Image,MISSING_OR_BLANK,
Works Completed.csv,6795,Image,MISSING_OR_BLANK,
Works Completed.csv,6803,Image,MISSING_OR_BLANK,
Works Completed.csv,6822,Image,MISSING_OR_BLANK,
Works Completed.csv,6823,Image,MISSING_OR_BLANK,
Works Completed.csv,6830,Image,MISSING_OR_BLANK,
Works Completed.csv,6832,Image,MISSING_OR_BLANK,
Works Completed.csv,6837,Image,MISSING_OR_BLANK,
Works Completed.csv,6838,Image,MISSING_OR_BLANK,
Works Completed.csv,6839,Image,MISSING_OR_BLANK,
Works Completed.csv,6840,Image,MISSING_OR_BLANK,
Works Completed.csv,6841,Image,MISSING_OR_BLANK,
Works Completed.csv,6842,Image,MISSING_OR_BLANK,
Works Completed.csv,6844,Image,MISSING_OR_BLANK,
Works Completed.csv,6845,Image,MISSING_OR_BLANK,
Works Completed.csv,6846,Image,MISSING_OR_BLANK,
Works Completed.csv,6848,Image,MISSING_OR_BLANK,
Works Completed.csv,6849,Image,MISSING_OR_BLANK,
Works Completed.csv,6850,Image,MISSING_OR_BLANK,
Works Completed.csv,6851,Image,MISSING_OR_BLANK,
Works Completed.csv,6861,Image,MISSING_OR_BLANK,
Works Completed.csv,6862,Image,MISSING_OR_BLANK,
Works Completed.csv,6866,Image,MISSING_OR_BLANK,
Works Completed.csv,6867,Image,MISSING_OR_BLANK,
Works Completed.csv,6868,Image,MISSING_OR_BLANK,
Works Completed.csv,6870,Image,MISSING_OR_BLANK,
Works Completed.csv,6871,Image,MISSING_OR_BLANK,
Works Completed.csv,6880,Image,MISSING_OR_BLANK,
Works Completed.csv,6883,Image,MISSING_OR_BLANK,
Works Completed.csv,6884,Image,MISSING_OR_BLANK,
Works Completed.csv,6885,Image,MISSING_OR_BLANK,
Works Completed.csv,6886,Image,MISSING_OR_BLANK,
Works Completed.csv,6887,Image,MISSING_OR_BLANK,
Works Completed.csv,6888,Image,MISSING_OR_BLANK,
Works Completed.csv,6889,Image,MISSING_OR_BLANK,
Works Completed.csv,6890,Image,MISSING_OR_BLANK,
Works Completed.csv,6891,Image,MISSING_OR_BLANK,
Works Completed.csv,6892,Image,MISSING_OR_BLANK,
Works Completed.csv,6898,Image,MISSING_OR_BLANK,
Works Completed.csv,6899,Image,MISSING_OR_BLANK,
Works Completed.csv,6900,Image,MISSING_OR_BLANK,
Works Completed.csv,6901,Image,MISSING_OR_BLANK,
Works Completed.csv,6902,Image,MISSING_OR_BLANK,
Works Completed.csv,6911,Image,MISSING_OR_BLANK,
Works Completed.csv,6918,Image,MISSING_OR_BLANK,
Works Completed.csv,6919,Image,MISSING_OR_BLANK,
Works Completed.csv,6921,Image,MISSING_OR_BLANK,
Works Completed.csv,6926,Image,MISSING_OR_BLANK,
Works Completed.csv,6927,Image,MISSING_OR_BLANK,
Works Completed.csv,6928,Image,MISSING_OR_BLANK,
Works Completed.csv,6929,Image,MISSING_OR_BLANK,
Works Completed.csv,6930,Image,MISSING_OR_BLANK,
Works Completed.csv,6931,Image,MISSING_OR_BLANK,
Works Completed.csv,6932,Image,MISSING_OR_BLANK,
Works Completed.csv,6934,Image,MISSING_OR_BLANK,
Works Completed.csv,6936,Image,MISSING_OR_BLANK,
Works Completed.csv,6938,Image,MISSING_OR_BLANK,
Works Completed.csv,6939,Image,MISSING_OR_BLANK,
Works Completed.csv,6940,Image,MISSING_OR_BLANK,
Works Completed.csv,6941,Image,MISSING_OR_BLANK,
Works Completed.csv,6942,Image,MISSING_OR_BLANK,
Works Completed.csv,6943,Image,MISSING_OR_BLANK,
Works Completed.csv,6944,Image,MISSING_OR_BLANK,
Works Completed.csv,6957,Image,MISSING_OR_BLANK,
Works Completed.csv,6962,Image,MISSING_OR_BLANK,
Works Completed.csv,6968,Image,MISSING_OR_BLANK,
Works Completed.csv,6969,Image,MISSING_OR_BLANK,
Works Completed.csv,6974,Image,MISSING_OR_BLANK,
Works Completed.csv,6975,Image,MISSING_OR_BLANK,
Works Completed.csv,6985,Image,MISSING_OR_BLANK,
Works Completed.csv,6997,Image,MISSING_OR_BLANK,
Works Completed.csv,6998,Image,MISSING_OR_BLANK,
Works Completed.csv,6999,Image,MISSING_OR_BLANK,
Works Completed.csv,7001,Image,MISSING_OR_BLANK,
Works Completed.csv,7002,Image,MISSING_OR_BLANK,
Works Completed.csv,7003,Image,MISSING_OR_BLANK,
Works Completed.csv,7004,Image,MISSING_OR_BLANK,
Works Completed.csv,7008,Image,MISSING_OR_BLANK,
Works Completed.csv,7010,Image,MISSING_OR_BLANK,
Works Completed.csv,7011,Image,MISSING_OR_BLANK,
Works Completed.csv,7020,Image,MISSING_OR_BLANK,
Works Completed.csv,7023,Image,MISSING_OR_BLANK,
Works Completed.csv,7034,Image,MISSING_OR_BLANK,
Works Completed.csv,7035,Image,MISSING_OR_BLANK,
Works Completed.csv,7037,Image,MISSING_OR_BLANK,
Works Completed.csv,7038,Image,MISSING_OR_BLANK,
Works Completed.csv,7040,Image,MISSING_OR_BLANK,
Works Completed.csv,7044,Image,MISSING_OR_BLANK,
Works Completed.csv,7045,Image,MISSING_OR_BLANK,
Works Completed.csv,7046,Image,MISSING_OR_BLANK,
Works Completed.csv,7047,Image,MISSING_OR_BLANK,
Works Completed.csv,7050,Image,MISSING_OR_BLANK,
Works Completed.csv,7051,Image,MISSING_OR_BLANK,
Works Completed.csv,7053,Image,MISSING_OR_BLANK,
Works Completed.csv,7054,Image,MISSING_OR_BLANK,
Works Completed.csv,7066,Image,MISSING_OR_BLANK,
Works Completed.csv,7071,Image,MISSING_OR_BLANK,
Works Completed.csv,7073,Image,MISSING_OR_BLANK,
Works Completed.csv,7075,Image,MISSING_OR_BLANK,
Works Completed.csv,7077,Image,MISSING_OR_BLANK,
Works Completed.csv,7078,Image,MISSING_OR_BLANK,
Works Completed.csv,7083,Image,MISSING_OR_BLANK,
Works Completed.csv,7085,Image,MISSING_OR_BLANK,
Works Completed.csv,7101,Image,MISSING_OR_BLANK,
Works Completed.csv,7102,Image,MISSING_OR_BLANK,
Works Completed.csv,7104,Image,MISSING_OR_BLANK,
Works Completed.csv,7105,Image,MISSING_OR_BLANK,
Works Completed.csv,7107,Image,MISSING_OR_BLANK,
Works Completed.csv,7110,Image,MISSING_OR_BLANK,
Works Completed.csv,7115,Image,MISSING_OR_BLANK,
Works Completed.csv,7117,Image,MISSING_OR_BLANK,
Works Completed.csv,7122,Image,MISSING_OR_BLANK,
Works Completed.csv,7124,Image,MISSING_OR_BLANK,
Works Completed.csv,7126,Image,MISSING_OR_BLANK,
Works Completed.csv,7127,Image,MISSING_OR_BLANK,
Works Completed.csv,7128,Image,MISSING_OR_BLANK,
Works Completed.csv,7134,Image,MISSING_OR_BLANK,
Works Completed.csv,7139,Image,MISSING_OR_BLANK,
Works Completed.csv,7140,Image,MISSING_OR_BLANK,
Works Completed.csv,7142,Image,MISSING_OR_BLANK,
Works Completed.csv,7143,Image,MISSING_OR_BLANK,
Works Completed.csv,7144,Image,MISSING_OR_BLANK,
Works Completed.csv,7147,Image,MISSING_OR_BLANK,
Works Completed.csv,7149,Image,MISSING_OR_BLANK,
Works Completed.csv,7158,Image,MISSING_OR_BLANK,
Works Completed.csv,7159,Image,MISSING_OR_BLANK,
Works Completed.csv,7160,Image,MISSING_OR_BLANK,
Works Completed.csv,7161,Image,MISSING_OR_BLANK,
Works Completed.csv,7167,Image,MISSING_OR_BLANK,
Works Completed.csv,7169,Image,MISSING_OR_BLANK,
Works Completed.csv,7170,Image,MISSING_OR_BLANK,
Works Completed.csv,7171,Image,MISSING_OR_BLANK,
Works Completed.csv,7172,Image,MISSING_OR_BLANK,
Works Completed.csv,7173,Image,MISSING_OR_BLANK,
Works Completed.csv,7174,Image,MISSING_OR_BLANK,
Works Completed.csv,7175,Image,MISSING_OR_BLANK,
Works Completed.csv,7176,Image,MISSING_OR_BLANK,
Works Completed.csv,7177,Image,MISSING_OR_BLANK,
Works Completed.csv,7178,Image,MISSING_OR_BLANK,
Works Completed.csv,7180,Image,MISSING_OR_BLANK,
Works Completed.csv,7181,Image,MISSING_OR_BLANK,
Works Completed.csv,7182,Image,MISSING_OR_BLANK,
Works Completed.csv,7183,Image,MISSING_OR_BLANK,
Works Completed.csv,7184,Image,MISSING_OR_BLANK,
Works Completed.csv,7189,Image,MISSING_OR_BLANK,
Works Completed.csv,7192,Image,MISSING_OR_BLANK,
Works Completed.csv,7193,Image,MISSING_OR_BLANK,
Works Completed.csv,7194,Image,MISSING_OR_BLANK,
Works Completed.csv,7195,Image,MISSING_OR_BLANK,
Works Completed.csv,7196,Image,MISSING_OR_BLANK,
Works Completed.csv,7203,Image,MISSING_OR_BLANK,
Works Completed.csv,7206,Image,MISSING_OR_BLANK,
Works Completed.csv,7215,Image,MISSING_OR_BLANK,
Works Completed.csv,7218,Image,MISSING_OR_BLANK,
Works Completed.csv,7219,Image,MISSING_OR_BLANK,
Works Completed.csv,7225,Image,MISSING_OR_BLANK,
Works Completed.csv,7226,Image,MISSING_OR_BLANK,
Works Completed.csv,7233,Image,MISSING_OR_BLANK,
Works Completed.csv,7234,Image,MISSING_OR_BLANK,
Works Completed.csv,7236,Image,MISSING_OR_BLANK,
Works Completed.csv,7237,Image,MISSING_OR_BLANK,
Works Completed.csv,7238,Image,MISSING_OR_BLANK,
Works Completed.csv,7239,Image,MISSING_OR_BLANK,
Works Completed.csv,7240,Image,MISSING_OR_BLANK,
Works Completed.csv,7241,Image,MISSING_OR_BLANK,
Works Completed.csv,7242,Image,MISSING_OR_BLANK,
Works Completed.csv,7243,Image,MISSING_OR_BLANK,
Works Completed.csv,7244,Image,MISSING_OR_BLANK,
Works Completed.csv,7245,Image,MISSING_OR_BLANK,
Works Completed.csv,7246,Image,MISSING_OR_BLANK,
Works Completed.csv,7247,Image,MISSING_OR_BLANK,
Works Completed.csv,7248,Image,MISSING_OR_BLANK,
Works Completed.csv,7249,Image,MISSING_OR_BLANK,
Works Completed.csv,7250,Image,MISSING_OR_BLANK,
Works Completed.csv,7251,Image,MISSING_OR_BLANK,
Works Completed.csv,7252,Image,MISSING_OR_BLANK,
Works Completed.csv,7253,Image,MISSING_OR_BLANK,
Works Completed.csv,7254,Image,MISSING_OR_BLANK,
Works Completed.csv,7255,Image,MISSING_OR_BLANK,
Works Completed.csv,7256,Image,MISSING_OR_BLANK,
Works Completed.csv,7257,Image,MISSING_OR_BLANK,
Works Completed.csv,7258,Image,MISSING_OR_BLANK,
Works Completed.csv,7259,Image,MISSING_OR_BLANK,
Works Completed.csv,7260,Image,MISSING_OR_BLANK,
Works Completed.csv,7261,Image,MISSING_OR_BLANK,
Works Completed.csv,7262,Image,MISSING_OR_BLANK,
Works Completed.csv,7263,Image,MISSING_OR_BLANK,
Works Completed.csv,7264,Image,MISSING_OR_BLANK,
Works Completed.csv,7265,Image,MISSING_OR_BLANK,
Works Completed.csv,7266,Image,MISSING_OR_BLANK,
Works Completed.csv,7267,Image,MISSING_OR_BLANK,
Works Completed.csv,7268,Image,MISSING_OR_BLANK,
Works Completed.csv,7269,Image,MISSING_OR_BLANK,
Works Completed.csv,7270,Image,MISSING_OR_BLANK,
Works Completed.csv,7271,Image,MISSING_OR_BLANK,
Works Completed.csv,7272,Image,MISSING_OR_BLANK,
Works Completed.csv,7273,Image,MISSING_OR_BLANK,
Works Completed.csv,7274,Image,MISSING_OR_BLANK,
Works Completed.csv,7303,Image,MISSING_OR_BLANK,
Works Completed.csv,7305,Image,MISSING_OR_BLANK,
Works Completed.csv,7308,Image,MISSING_OR_BLANK,
Works Completed.csv,7383,Image,MISSING_OR_BLANK,
Works Completed.csv,7390,Image,MISSING_OR_BLANK,
Works Completed.csv,7393,Image,MISSING_OR_BLANK,
Works Completed.csv,7419,Image,MISSING_OR_BLANK,
Works Completed.csv,7420,Image,MISSING_OR_BLANK,
Works Completed.csv,7422,Image,MISSING_OR_BLANK,
Works Completed.csv,7429,Image,MISSING_OR_BLANK,
Works Completed.csv,7430,Image,MISSING_OR_BLANK,
Works Completed.csv,7431,Image,MISSING_OR_BLANK,
Works Completed.csv,7432,Image,MISSING_OR_BLANK,
Works Completed.csv,7433,Image,MISSING_OR_BLANK,
Works Completed.csv,7434,Image,MISSING_OR_BLANK,
Works Completed.csv,7435,Image,MISSING_OR_BLANK,
Works Completed.csv,7455,Image,MISSING_OR_BLANK,
Works Completed.csv,7478,Image,MISSING_OR_BLANK,
Works Completed.csv,7479,Image,MISSING_OR_BLANK,
Works Completed.csv,7484,Image,MISSING_OR_BLANK,
Works Completed.csv,7486,Image,MISSING_OR_BLANK,
Works Completed.csv,7488,Image,MISSING_OR_BLANK,
Works Completed.csv,7489,Image,MISSING_OR_BLANK,
Works Completed.csv,7490,Image,MISSING_OR_BLANK,
Works Completed.csv,7491,Image,MISSING_OR_BLANK,
Works Completed.csv,7492,Image,MISSING_OR_BLANK,
Works Completed.csv,7494,Image,MISSING_OR_BLANK,
Works Completed.csv,7497,Image,MISSING_OR_BLANK,
Works Completed.csv,7498,Image,MISSING_OR_BLANK,
Works Completed.csv,7499,Image,MISSING_OR_BLANK,
Works Completed.csv,7500,Image,MISSING_OR_BLANK,
Works Completed.csv,7501,Image,MISSING_OR_BLANK,
Works Completed.csv,7502,Image,MISSING_OR_BLANK,
Works Completed.csv,7504,Image,MISSING_OR_BLANK,
Works Completed.csv,7505,Image,MISSING_OR_BLANK,
Works Completed.csv,7506,Image,MISSING_OR_BLANK,
Works Completed.csv,7507,Image,MISSING_OR_BLANK,
Works Completed.csv,7508,Image,MISSING_OR_BLANK,
Works Completed.csv,7509,Image,MISSING_OR_BLANK,
Works Completed.csv,7510,Image,MISSING_OR_BLANK,
Works Completed.csv,7511,Image,MISSING_OR_BLANK,
Works Completed.csv,7512,Image,MISSING_OR_BLANK,
Works Completed.csv,7514,Image,MISSING_OR_BLANK,
Works Completed.csv,7516,Image,MISSING_OR_BLANK,
Works Completed.csv,7520,Image,MISSING_OR_BLANK,
Works Completed.csv,7522,Image,MISSING_OR_BLANK,
Works Completed.csv,7524,Image,MISSING_OR_BLANK,
Works Completed.csv,7525,Image,MISSING_OR_BLANK,
Works Completed.csv,7527,Image,MISSING_OR_BLANK,
Works Completed.csv,7528,Image,MISSING_OR_BLANK,
Works Completed.csv,7530,Image,MISSING_OR_BLANK,
Works Completed.csv,7542,Image,MISSING_OR_BLANK,
Works Completed.csv,7543,Image,MISSING_OR_BLANK,
Works Completed.csv,7544,Image,MISSING_OR_BLANK,
Works Completed.csv,7547,Image,MISSING_OR_BLANK,
Works Completed.csv,7566,Image,MISSING_OR_BLANK,
Works Completed.csv,7578,Image,MISSING_OR_BLANK,
Works Completed.csv,7579,Image,MISSING_OR_BLANK,
Works Completed.csv,7580,Image,MISSING_OR_BLANK,
Works Completed.csv,7582,Image,MISSING_OR_BLANK,
Works Completed.csv,7592,Image,MISSING_OR_BLANK,
Works Completed.csv,7641,Image,MISSING_OR_BLANK,
Works Completed.csv,7643,Image,MISSING_OR_BLANK,
Works Completed.csv,7647,Image,MISSING_OR_BLANK,
Works Completed.csv,7650,Image,MISSING_OR_BLANK,
Works Completed.csv,7651,Image,MISSING_OR_BLANK,
Works Completed.csv,7652,Image,MISSING_OR_BLANK,
Works Completed.csv,7654,Image,MISSING_OR_BLANK,
Works Completed.csv,7655,Image,MISSING_OR_BLANK,
Works Completed.csv,7656,Image,MISSING_OR_BLANK,
Works Completed.csv,7657,Image,MISSING_OR_BLANK,
Works Completed.csv,7658,Image,MISSING_OR_BLANK,
Works Completed.csv,7659,Image,MISSING_OR_BLANK,
Works Completed.csv,7660,Image,MISSING_OR_BLANK,
Works Completed.csv,7661,Image,MISSING_OR_BLANK,
Works Completed.csv,7662,Image,MISSING_OR_BLANK,
Works Completed.csv,7663,Image,MISSING_OR_BLANK,
Works Completed.csv,7683,Image,MISSING_OR_BLANK,
Works Completed.csv,7690,Image,MISSING_OR_BLANK,
Works Completed.csv,7692,Image,MISSING_OR_BLANK,
Works Completed.csv,7693,Image,MISSING_OR_BLANK,
Works Completed.csv,7694,Image,MISSING_OR_BLANK,
Works Completed.csv,7696,Image,MISSING_OR_BLANK,
Works Completed.csv,7697,Image,MISSING_OR_BLANK,
Works Completed.csv,7698,Image,MISSING_OR_BLANK,
Works Completed.csv,7699,Image,MISSING_OR_BLANK,
Works Completed.csv,7700,Image,MISSING_OR_BLANK,
Works Completed.csv,7707,Image,MISSING_OR_BLANK,
Works Completed.csv,7716,Image,MISSING_OR_BLANK,
Works Completed.csv,7717,Image,MISSING_OR_BLANK,
Works Completed.csv,7718,Image,MISSING_OR_BLANK,
Works Completed.csv,7719,Image,MISSING_OR_BLANK,
Works Completed.csv,7720,Image,MISSING_OR_BLANK,
Works Completed.csv,7721,Image,MISSING_OR_BLANK,
Works Completed.csv,7722,Image,MISSING_OR_BLANK,
Works Completed.csv,7723,Image,MISSING_OR_BLANK,
Works Completed.csv,7724,Image,MISSING_OR_BLANK,
Works Completed.csv,7725,Image,MISSING_OR_BLANK,
Works Completed.csv,7726,Image,MISSING_OR_BLANK,
Works Completed.csv,7727,Image,MISSING_OR_BLANK,
Works Completed.csv,7728,Image,MISSING_OR_BLANK,
Works Completed.csv,7729,Image,MISSING_OR_BLANK,
Works Completed.csv,7743,Image,MISSING_OR_BLANK,
Works Completed.csv,7752,Image,MISSING_OR_BLANK,
Works Completed.csv,7753,Image,MISSING_OR_BLANK,
Works Completed.csv,7754,Image,MISSING_OR_BLANK,
Works Completed.csv,7755,Image,MISSING_OR_BLANK,
Works Completed.csv,7756,Image,MISSING_OR_BLANK,
Works Completed.csv,7757,Image,MISSING_OR_BLANK,
Works Completed.csv,7758,Image,MISSING_OR_BLANK,
Works Completed.csv,7759,Image,MISSING_OR_BLANK,
Works Completed.csv,7760,Image,MISSING_OR_BLANK,
Works Completed.csv,7761,Image,MISSING_OR_BLANK,
Works Completed.csv,7762,Image,MISSING_OR_BLANK,
Works Completed.csv,7763,Image,MISSING_OR_BLANK,
Works Completed.csv,7764,Image,MISSING_OR_BLANK,
Works Completed.csv,7766,Image,MISSING_OR_BLANK,
Works Completed.csv,7774,Image,MISSING_OR_BLANK,
Works Completed.csv,7781,Image,MISSING_OR_BLANK,
Works Completed.csv,7782,Image,MISSING_OR_BLANK,
Works Completed.csv,7784,Image,MISSING_OR_BLANK,
Works Completed.csv,7785,Image,MISSING_OR_BLANK,
Works Completed.csv,7788,Image,MISSING_OR_BLANK,
Works Completed.csv,7789,Image,MISSING_OR_BLANK,
Works Completed.csv,7791,Image,MISSING_OR_BLANK,
Works Completed.csv,7794,Image,MISSING_OR_BLANK,
Works Completed.csv,7795,Image,MISSING_OR_BLANK,
Works Completed.csv,7796,Image,MISSING_OR_BLANK,
Works Completed.csv,7798,Image,MISSING_OR_BLANK,
Works Completed.csv,7799,Image,MISSING_OR_BLANK,
Works Completed.csv,7800,Image,MISSING_OR_BLANK,
Works Completed.csv,7805,Image,MISSING_OR_BLANK,
Works Completed.csv,7806,Image,MISSING_OR_BLANK,
Works Completed.csv,7808,Image,MISSING_OR_BLANK,
Works Completed.csv,7809,Image,MISSING_OR_BLANK,
Works Completed.csv,7811,Image,MISSING_OR_BLANK,
Works Completed.csv,7813,Image,MISSING_OR_BLANK,
Works Completed.csv,7816,Image,MISSING_OR_BLANK,
Works Completed.csv,7819,Image,MISSING_OR_BLANK,
Works Completed.csv,7854,Image,MISSING_OR_BLANK,
Works Completed.csv,7860,Image,MISSING_OR_BLANK,
Works Completed.csv,7862,Image,MISSING_OR_BLANK,
Works Completed.csv,7864,Image,MISSING_OR_BLANK,
Works Completed.csv,7865,Image,MISSING_OR_BLANK,
Works Completed.csv,7867,Image,MISSING_OR_BLANK,
Works Completed.csv,7870,Image,MISSING_OR_BLANK,
Works Completed.csv,7873,Image,MISSING_OR_BLANK,
Works Completed.csv,7874,Image,MISSING_OR_BLANK,
Works Completed.csv,7877,Image,MISSING_OR_BLANK,
Works Completed.csv,7878,Image,MISSING_OR_BLANK,
Works Completed.csv,7879,Image,MISSING_OR_BLANK,
Works Completed.csv,7880,Image,MISSING_OR_BLANK,
Works Completed.csv,7881,Image,MISSING_OR_BLANK,
Works Completed.csv,7884,Image,MISSING_OR_BLANK,
Works Completed.csv,7885,Image,MISSING_OR_BLANK,
Works Completed.csv,7888,Image,MISSING_OR_BLANK,
Works Completed.csv,7889,Image,MISSING_OR_BLANK,
Works Completed.csv,7891,Image,MISSING_OR_BLANK,
Works Completed.csv,7894,Image,MISSING_OR_BLANK,
Works Completed.csv,7895,Image,MISSING_OR_BLANK,
Works Completed.csv,7904,Image,MISSING_OR_BLANK,
Works Completed.csv,7905,Image,MISSING_OR_BLANK,
Works Completed.csv,7906,Image,MISSING_OR_BLANK,
Works Completed.csv,7907,Image,MISSING_OR_BLANK,
Works Completed.csv,7913,Image,MISSING_OR_BLANK,
Works Completed.csv,7938,Image,MISSING_OR_BLANK,
Works Completed.csv,7942,Image,MISSING_OR_BLANK,
Works Completed.csv,7951,Image,MISSING_OR_BLANK,
Works Completed.csv,7952,Image,MISSING_OR_BLANK,
Works Completed.csv,7953,Image,MISSING_OR_BLANK,
Works Completed.csv,7962,Image,MISSING_OR_BLANK,
Works Completed.csv,7963,Image,MISSING_OR_BLANK,
Works Completed.csv,7973,Image,MISSING_OR_BLANK,
Works Completed.csv,7974,Image,MISSING_OR_BLANK,
Works Completed.csv,7976,Image,MISSING_OR_BLANK,
Works Completed.csv,7977,Image,MISSING_OR_BLANK,
Works Completed.csv,7979,Image,MISSING_OR_BLANK,
Works Completed.csv,7982,Image,MISSING_OR_BLANK,
Works Completed.csv,7985,Image,MISSING_OR_BLANK,
Works Completed.csv,7987,Image,MISSING_OR_BLANK,
Works Completed.csv,8019,Image,MISSING_OR_BLANK,
Works Completed.csv,8023,Image,MISSING_OR_BLANK,
Works Completed.csv,8024,Image,MISSING_OR_BLANK,
Works Completed.csv,8026,Image,MISSING_OR_BLANK,
Works Completed.csv,8027,Image,MISSING_OR_BLANK,
Works Completed.csv,8028,Image,MISSING_OR_BLANK,
Works Completed.csv,8041,Image,MISSING_OR_BLANK,
Works Completed.csv,8047,Image,MISSING_OR_BLANK,
Works Completed.csv,8049,Image,MISSING_OR_BLANK,
Works Completed.csv,8054,Image,MISSING_OR_BLANK,
Works Completed.csv,8055,Image,MISSING_OR_BLANK,
Works Completed.csv,8056,Image,MISSING_OR_BLANK,
Works Completed.csv,8057,Image,MISSING_OR_BLANK,
Works Completed.csv,8058,Image,MISSING_OR_BLANK,
Works Completed.csv,8061,Image,MISSING_OR_BLANK,
Works Completed.csv,8062,Image,MISSING_OR_BLANK,
Works Completed.csv,8065,Image,MISSING_OR_BLANK,
Works Completed.csv,8066,Image,MISSING_OR_BLANK,
Works Completed.csv,8067,Image,MISSING_OR_BLANK,
Works Completed.csv,8068,Image,MISSING_OR_BLANK,
Works Completed.csv,8069,Image,MISSING_OR_BLANK,
Works Completed.csv,8070,Image,MISSING_OR_BLANK,
Works Completed.csv,8071,Image,MISSING_OR_BLANK,
Works Completed.csv,8072,Image,MISSING_OR_BLANK,
Works Completed.csv,8073,Image,MISSING_OR_BLANK,
Works Completed.csv,8074,Image,MISSING_OR_BLANK,
Works Completed.csv,8075,Image,MISSING_OR_BLANK,
Works Completed.csv,8076,Image,MISSING_OR_BLANK,
Works Completed.csv,8077,Image,MISSING_OR_BLANK,
Works Completed.csv,8078,Image,MISSING_OR_BLANK,
Works Completed.csv,8079,Image,MISSING_OR_BLANK,
Works Completed.csv,8080,Image,MISSING_OR_BLANK,
Works Completed.csv,8081,Image,MISSING_OR_BLANK,
Works Completed.csv,8082,Image,MISSING_OR_BLANK,
Works Completed.csv,8083,Image,MISSING_OR_BLANK,
Works Completed.csv,8086,Image,MISSING_OR_BLANK,
Works Completed.csv,8089,Image,MISSING_OR_BLANK,
Works Completed.csv,8092,Image,MISSING_OR_BLANK,
Works Completed.csv,8093,Image,MISSING_OR_BLANK,
Works Completed.csv,8094,Image,MISSING_OR_BLANK,
Works Completed.csv,8097,Image,MISSING_OR_BLANK,
Works Completed.csv,8101,Image,MISSING_OR_BLANK,
Works Completed.csv,8102,Image,MISSING_OR_BLANK,
Works Completed.csv,8117,Image,MISSING_OR_BLANK,
Works Completed.csv,8126,Image,MISSING_OR_BLANK,
Works Completed.csv,8136,Image,MISSING_OR_BLANK,
Works Completed.csv,8151,Image,MISSING_OR_BLANK,
Works Completed.csv,8154,Image,MISSING_OR_BLANK,
Works Completed.csv,8161,Image,MISSING_OR_BLANK,
Works Completed.csv,8162,Image,MISSING_OR_BLANK,
Works Completed.csv,8166,Image,MISSING_OR_BLANK,
Works Completed.csv,8176,Image,MISSING_OR_BLANK,
Works Completed.csv,8178,Image,MISSING_OR_BLANK,
Works Completed.csv,8180,Image,MISSING_OR_BLANK,
Works Completed.csv,8181,Image,MISSING_OR_BLANK,
Works Completed.csv,8184,Image,MISSING_OR_BLANK,
Works Completed.csv,8186,Image,MISSING_OR_BLANK,
Works Completed.csv,8187,Image,MISSING_OR_BLANK,
Works Completed.csv,8188,Image,MISSING_OR_BLANK,
Works Completed.csv,8191,Image,MISSING_OR_BLANK,
Works Completed.csv,8192,Image,MISSING_OR_BLANK,
Works Completed.csv,8193,Image,MISSING_OR_BLANK,
Works Completed.csv,8194,Image,MISSING_OR_BLANK,
Works Completed.csv,8195,Image,MISSING_OR_BLANK,
Works Completed.csv,8199,Image,MISSING_OR_BLANK,
Works Completed.csv,8204,Image,MISSING_OR_BLANK,
Works Completed.csv,8209,Image,MISSING_OR_BLANK,
Works Completed.csv,8211,Image,MISSING_OR_BLANK,
Works Completed.csv,8212,Image,MISSING_OR_BLANK,
Works Completed.csv,8214,Image,MISSING_OR_BLANK,
Works Completed.csv,8220,Image,MISSING_OR_BLANK,
Works Completed.csv,8224,Image,MISSING_OR_BLANK,
Works Completed.csv,8228,Image,MISSING_OR_BLANK,
Works Completed.csv,8231,Image,MISSING_OR_BLANK,
Works Completed.csv,8232,Image,MISSING_OR_BLANK,
Works Completed.csv,8246,Image,MISSING_OR_BLANK,
Works Completed.csv,8254,Image,MISSING_OR_BLANK,
Works Completed.csv,8255,Image,MISSING_OR_BLANK,
Works Completed.csv,8256,Image,MISSING_OR_BLANK,
Works Completed.csv,8259,Image,MISSING_OR_BLANK,
Works Completed.csv,8265,Image,MISSING_OR_BLANK,
Works Completed.csv,8266,Image,MISSING_OR_BLANK,
Works Completed.csv,8267,Image,MISSING_OR_BLANK,
Works Completed.csv,8268,Image,MISSING_OR_BLANK,
Works Completed.csv,8294,Image,MISSING_OR_BLANK,
Works Completed.csv,8297,Image,MISSING_OR_BLANK,
Works Completed.csv,8301,Image,MISSING_OR_BLANK,
Works Completed.csv,8302,Image,MISSING_OR_BLANK,
Works Completed.csv,8304,Image,MISSING_OR_BLANK,
Works Completed.csv,8306,Image,MISSING_OR_BLANK,
Works Completed.csv,8309,Image,MISSING_OR_BLANK,
Works Completed.csv,8310,Image,MISSING_OR_BLANK,
Works Completed.csv,8311,Image,MISSING_OR_BLANK,
Works Completed.csv,8313,Image,MISSING_OR_BLANK,
Works Completed.csv,8330,Image,MISSING_OR_BLANK,
Works Completed.csv,8331,Image,MISSING_OR_BLANK,
Works Completed.csv,8335,Image,MISSING_OR_BLANK,
Works Completed.csv,8336,Image,MISSING_OR_BLANK,
Works Completed.csv,8338,Image,MISSING_OR_BLANK,
Works Completed.csv,8341,Image,MISSING_OR_BLANK,
Works Completed.csv,8342,Image,MISSING_OR_BLANK,
Works Completed.csv,8343,Image,MISSING_OR_BLANK,
Works Completed.csv,8344,Image,MISSING_OR_BLANK,
Works Completed.csv,8345,Image,MISSING_OR_BLANK,
Works Completed.csv,8346,Image,MISSING_OR_BLANK,
Works Completed.csv,8348,Image,MISSING_OR_BLANK,
Works Completed.csv,8349,Image,MISSING_OR_BLANK,
Works Completed.csv,8350,Image,MISSING_OR_BLANK,
Works Completed.csv,8351,Image,MISSING_OR_BLANK,
Works Completed.csv,8352,Image,MISSING_OR_BLANK,
Works Completed.csv,8353,Image,MISSING_OR_BLANK,
Works Completed.csv,8355,Image,MISSING_OR_BLANK,
Works Completed.csv,8356,Image,MISSING_OR_BLANK,
Works Completed.csv,8357,Image,MISSING_OR_BLANK,
Works Completed.csv,8358,Image,MISSING_OR_BLANK,
Works Completed.csv,8359,Image,MISSING_OR_BLANK,
Works Completed.csv,8360,Image,MISSING_OR_BLANK,
Works Completed.csv,8361,Image,MISSING_OR_BLANK,
Works Completed.csv,8362,Image,MISSING_OR_BLANK,
Works Completed.csv,8371,Image,MISSING_OR_BLANK,
Works Completed.csv,8374,Image,MISSING_OR_BLANK,
Works Completed.csv,8393,Image,MISSING_OR_BLANK,
Works Completed.csv,8394,Image,MISSING_OR_BLANK,
Works Completed.csv,8395,Image,MISSING_OR_BLANK,
Works Completed.csv,8402,Image,MISSING_OR_BLANK,
Works Completed.csv,8405,Image,MISSING_OR_BLANK,
Works Completed.csv,8407,Image,MISSING_OR_BLANK,
Works Completed.csv,8412,Image,MISSING_OR_BLANK,
Works Completed.csv,8417,Image,MISSING_OR_BLANK,
Works Completed.csv,8422,Image,MISSING_OR_BLANK,
Works Completed.csv,8431,Image,MISSING_OR_BLANK,
Works Completed.csv,8433,Image,MISSING_OR_BLANK,
Works Completed.csv,8435,Image,MISSING_OR_BLANK,
Works Completed.csv,8436,Image,MISSING_OR_BLANK,
Works Completed.csv,8440,Image,MISSING_OR_BLANK,
Works Completed.csv,8441,Image,MISSING_OR_BLANK,
Works Completed.csv,8442,Image,MISSING_OR_BLANK,
Works Completed.csv,8443,Image,MISSING_OR_BLANK,
Works Completed.csv,8449,Image,MISSING_OR_BLANK,
Works Completed.csv,8450,Image,MISSING_OR_BLANK,
Works Completed.csv,8451,Image,MISSING_OR_BLANK,
Works Completed.csv,8452,Image,MISSING_OR_BLANK,
Works Completed.csv,8454,Image,MISSING_OR_BLANK,
Works Completed.csv,8455,Image,MISSING_OR_BLANK,
Works Completed.csv,8456,Image,MISSING_OR_BLANK,
Works Completed.csv,8457,Image,MISSING_OR_BLANK,
Works Completed.csv,8459,Image,MISSING_OR_BLANK,
Works Completed.csv,8461,Image,MISSING_OR_BLANK,
Works Completed.csv,8494,Image,MISSING_OR_BLANK,
Works Completed.csv,8506,Image,MISSING_OR_BLANK,
Works Completed.csv,8508,Image,MISSING_OR_BLANK,
Works Completed.csv,8512,Image,MISSING_OR_BLANK,
Works Completed.csv,8513,Image,MISSING_OR_BLANK,
Works Completed.csv,8514,Image,MISSING_OR_BLANK,
Works Completed.csv,8515,Image,MISSING_OR_BLANK,
Works Completed.csv,8516,Image,MISSING_OR_BLANK,
Works Completed.csv,8517,Image,MISSING_OR_BLANK,
Works Completed.csv,8519,Image,MISSING_OR_BLANK,
Works Completed.csv,8520,Image,MISSING_OR_BLANK,
Works Completed.csv,8521,Image,MISSING_OR_BLANK,
Works Completed.csv,8522,Image,MISSING_OR_BLANK,
Works Completed.csv,8524,Image,MISSING_OR_BLANK,
Works Completed.csv,8526,Image,MISSING_OR_BLANK,
Works Completed.csv,8529,Image,MISSING_OR_BLANK,
Works Completed.csv,8548,Image,MISSING_OR_BLANK,
Works Completed.csv,8550,Image,MISSING_OR_BLANK,
Works Completed.csv,8551,Image,MISSING_OR_BLANK,
Works Completed.csv,8552,Image,MISSING_OR_BLANK,
Works Completed.csv,8553,Image,MISSING_OR_BLANK,
Works Completed.csv,8558,Image,MISSING_OR_BLANK,
Works Completed.csv,8560,Image,MISSING_OR_BLANK,
Works Completed.csv,8561,Image,MISSING_OR_BLANK,
Works Completed.csv,8562,Image,MISSING_OR_BLANK,
Works Completed.csv,8564,Image,MISSING_OR_BLANK,
Works Completed.csv,8565,Image,MISSING_OR_BLANK,
Works Completed.csv,8567,Image,MISSING_OR_BLANK,
Works Completed.csv,8568,Image,MISSING_OR_BLANK,
Works Completed.csv,8569,Image,MISSING_OR_BLANK,
Works Completed.csv,8571,Image,MISSING_OR_BLANK,
Works Completed.csv,8573,Image,MISSING_OR_BLANK,
Works Completed.csv,8574,Image,MISSING_OR_BLANK,
Works Completed.csv,8577,Image,MISSING_OR_BLANK,
Works Completed.csv,8578,Image,MISSING_OR_BLANK,
Works Completed.csv,8579,Image,MISSING_OR_BLANK,
Works Completed.csv,8580,Image,MISSING_OR_BLANK,
Works Completed.csv,8581,Image,MISSING_OR_BLANK,
Works Completed.csv,8582,Image,MISSING_OR_BLANK,
Works Completed.csv,8583,Image,MISSING_OR_BLANK,
Works Completed.csv,8584,Image,MISSING_OR_BLANK,
Works Completed.csv,8585,Image,MISSING_OR_BLANK,
Works Completed.csv,8586,Image,MISSING_OR_BLANK,
Works Completed.csv,8587,Image,MISSING_OR_BLANK,
Works Completed.csv,8590,Image,MISSING_OR_BLANK,
Works Completed.csv,8594,Image,MISSING_OR_BLANK,
Works Completed.csv,8606,Image,MISSING_OR_BLANK,
Works Completed.csv,8613,Image,MISSING_OR_BLANK,
Works Completed.csv,8614,Image,MISSING_OR_BLANK,
Works Completed.csv,8615,Image,MISSING_OR_BLANK,
Works Completed.csv,8616,Image,MISSING_OR_BLANK,
Works Completed.csv,8621,Image,MISSING_OR_BLANK,
Works Completed.csv,8623,Image,MISSING_OR_BLANK,
Works Completed.csv,8624,Image,MISSING_OR_BLANK,
Works Completed.csv,8626,Image,MISSING_OR_BLANK,
Works Completed.csv,8627,Image,MISSING_OR_BLANK,
Works Completed.csv,8634,Image,MISSING_OR_BLANK,
Works Completed.csv,8636,Image,MISSING_OR_BLANK,
Works Completed.csv,8637,Image,MISSING_OR_BLANK,
Works Completed.csv,8638,Image,MISSING_OR_BLANK,
Works Completed.csv,8639,Image,MISSING_OR_BLANK,
Works Completed.csv,8642,Image,MISSING_OR_BLANK,
Works Completed.csv,8648,Image,MISSING_OR_BLANK,
Works Completed.csv,8649,Image,MISSING_OR_BLANK,
Works Completed.csv,8650,Image,MISSING_OR_BLANK,
Works Completed.csv,8651,Image,MISSING_OR_BLANK,
Works Completed.csv,8656,Image,MISSING_OR_BLANK,
Works Completed.csv,8665,Image,MISSING_OR_BLANK,
Works Completed.csv,8674,Image,MISSING_OR_BLANK,
Works Completed.csv,8675,Image,MISSING_OR_BLANK,
Works Completed.csv,8676,Image,MISSING_OR_BLANK,
Works Completed.csv,8677,Image,MISSING_OR_BLANK,
Works Completed.csv,8696,Image,MISSING_OR_BLANK,
Works Completed.csv,8697,Image,MISSING_OR_BLANK,
Works Completed.csv,8707,Image,MISSING_OR_BLANK,
Works Completed.csv,8715,Image,MISSING_OR_BLANK,
Works Completed.csv,8716,Image,MISSING_OR_BLANK,
Works Completed.csv,8721,Image,MISSING_OR_BLANK,
Works Completed.csv,8723,Image,MISSING_OR_BLANK,
Works Completed.csv,8729,Image,MISSING_OR_BLANK,
Works Completed.csv,8730,Image,MISSING_OR_BLANK,
Works Completed.csv,8732,Image,MISSING_OR_BLANK,
Works Completed.csv,8734,Image,MISSING_OR_BLANK,
Works Completed.csv,8736,Image,MISSING_OR_BLANK,
Works Completed.csv,8738,Image,MISSING_OR_BLANK,
Works Completed.csv,8739,Image,MISSING_OR_BLANK,
Works Completed.csv,8740,Image,MISSING_OR_BLANK,
Works Completed.csv,8741,Image,MISSING_OR_BLANK,
Works Completed.csv,8742,Image,MISSING_OR_BLANK,
Works Completed.csv,8743,Image,MISSING_OR_BLANK,
Works Completed.csv,8744,Image,MISSING_OR_BLANK,
Works Completed.csv,8745,Image,MISSING_OR_BLANK,
Works Completed.csv,8746,Image,MISSING_OR_BLANK,
Works Completed.csv,8747,Image,MISSING_OR_BLANK,
Works Completed.csv,8748,Image,MISSING_OR_BLANK,
Works Completed.csv,8749,Image,MISSING_OR_BLANK,
Works Completed.csv,8750,Image,MISSING_OR_BLANK,
Works Completed.csv,8751,Image,MISSING_OR_BLANK,
Works Completed.csv,8752,Image,MISSING_OR_BLANK,
Works Completed.csv,8753,Image,MISSING_OR_BLANK,
Works Completed.csv,8754,Image,MISSING_OR_BLANK,
Works Completed.csv,8755,Image,MISSING_OR_BLANK,
Works Completed.csv,8756,Image,MISSING_OR_BLANK,
Works Completed.csv,8757,Image,MISSING_OR_BLANK,
Works Completed.csv,8759,Image,MISSING_OR_BLANK,
Works Completed.csv,8760,Image,MISSING_OR_BLANK,
Works Completed.csv,8762,Image,MISSING_OR_BLANK,
Works Completed.csv,8763,Image,MISSING_OR_BLANK,
Works Completed.csv,8774,Image,MISSING_OR_BLANK,
Works Completed.csv,8799,Image,MISSING_OR_BLANK,
Works Completed.csv,8801,Image,MISSING_OR_BLANK,
Works Completed.csv,8802,Image,MISSING_OR_BLANK,
Works Completed.csv,8803,Image,MISSING_OR_BLANK,
Works Completed.csv,8804,Image,MISSING_OR_BLANK,
Works Completed.csv,8806,Image,MISSING_OR_BLANK,
Works Completed.csv,8808,Image,MISSING_OR_BLANK,
Works Completed.csv,8809,Image,MISSING_OR_BLANK,
Works Completed.csv,8810,Image,MISSING_OR_BLANK,
Works Completed.csv,8813,Image,MISSING_OR_BLANK,
Works Completed.csv,8818,Image,MISSING_OR_BLANK,
Works Completed.csv,8824,Image,MISSING_OR_BLANK,
Works Completed.csv,8825,Image,MISSING_OR_BLANK,
Works Completed.csv,8826,Image,MISSING_OR_BLANK,
Works Completed.csv,8829,Image,MISSING_OR_BLANK,
Works Completed.csv,8830,Image,MISSING_OR_BLANK,
Works Completed.csv,8832,Image,MISSING_OR_BLANK,
Works Completed.csv,8833,Image,MISSING_OR_BLANK,
Works Completed.csv,8834,Image,MISSING_OR_BLANK,
Works Completed.csv,8835,Image,MISSING_OR_BLANK,
Works Completed.csv,8836,Image,MISSING_OR_BLANK,
Works Completed.csv,8837,Image,MISSING_OR_BLANK,
Works Completed.csv,8838,Image,MISSING_OR_BLANK,
Works Completed.csv,8839,Image,MISSING_OR_BLANK,
Works Completed.csv,8840,Image,MISSING_OR_BLANK,
Works Completed.csv,8841,Image,MISSING_OR_BLANK,
Works Completed.csv,8842,Image,MISSING_OR_BLANK,
Works Completed.csv,8843,Image,MISSING_OR_BLANK,
Works Completed.csv,8844,Image,MISSING_OR_BLANK,
Works Completed.csv,8845,Image,MISSING_OR_BLANK,
Works Completed.csv,8846,Image,MISSING_OR_BLANK,
Works Completed.csv,8847,Image,MISSING_OR_BLANK,
Works Completed.csv,8848,Image,MISSING_OR_BLANK,
Works Completed.csv,8849,Image,MISSING_OR_BLANK,
Works Completed.csv,8851,Image,MISSING_OR_BLANK,
Works Completed.csv,8852,Image,MISSING_OR_BLANK,
Works Completed.csv,8853,Image,MISSING_OR_BLANK,
Works Completed.csv,8854,Image,MISSING_OR_BLANK,
Works Completed.csv,8855,Image,MISSING_OR_BLANK,
Works Completed.csv,8856,Image,MISSING_OR_BLANK,
Works Completed.csv,8858,Image,MISSING_OR_BLANK,
Works Completed.csv,8865,Image,MISSING_OR_BLANK,
Works Completed.csv,8868,Image,MISSING_OR_BLANK,
Works Completed.csv,8869,Image,MISSING_OR_BLANK,
Works Completed.csv,8870,Image,MISSING_OR_BLANK,
Works Completed.csv,8878,Image,MISSING_OR_BLANK,
Works Completed.csv,8885,Image,MISSING_OR_BLANK,
Works Completed.csv,8890,Image,MISSING_OR_BLANK,
Works Completed.csv,8893,Image,MISSING_OR_BLANK,
Works Completed.csv,8894,Image,MISSING_OR_BLANK,
Works Completed.csv,8895,Image,MISSING_OR_BLANK,
Works Completed.csv,8922,Image,MISSING_OR_BLANK,
Works Completed.csv,8924,Image,MISSING_OR_BLANK,
Works Completed.csv,8926,Image,MISSING_OR_BLANK,
Works Completed.csv,8929,Image,MISSING_OR_BLANK,
Works Completed.csv,8930,Image,MISSING_OR_BLANK,
Works Completed.csv,8931,Image,MISSING_OR_BLANK,
Works Completed.csv,8935,Image,MISSING_OR_BLANK,
Works Completed.csv,8939,Image,MISSING_OR_BLANK,
Works Completed.csv,8941,Image,MISSING_OR_BLANK,
Works Completed.csv,8942,Image,MISSING_OR_BLANK,
Works Completed.csv,8943,Image,MISSING_OR_BLANK,
Works Completed.csv,8944,Image,MISSING_OR_BLANK,
Works Completed.csv,8945,Image,MISSING_OR_BLANK,
Works Completed.csv,8946,Image,MISSING_OR_BLANK,
Works Completed.csv,8947,Image,MISSING_OR_BLANK,
Works Completed.csv,8948,Image,MISSING_OR_BLANK,
Works Completed.csv,8950,Image,MISSING_OR_BLANK,
Works Completed.csv,8951,Image,MISSING_OR_BLANK,
Works Completed.csv,8953,Image,MISSING_OR_BLANK,
Works Completed.csv,8954,Image,MISSING_OR_BLANK,
Works Completed.csv,8955,Image,MISSING_OR_BLANK,
Works Completed.csv,8966,Image,MISSING_OR_BLANK,
Works Completed.csv,8974,Image,MISSING_OR_BLANK,
Works Completed.csv,8988,Image,MISSING_OR_BLANK,
Works Completed.csv,8996,Image,MISSING_OR_BLANK,
Works Completed.csv,9013,Image,MISSING_OR_BLANK,
Works Completed.csv,9024,Image,MISSING_OR_BLANK,
Works Completed.csv,9035,Image,MISSING_OR_BLANK,
Works Completed.csv,9043,Image,MISSING_OR_BLANK,
Works Completed.csv,9061,Image,MISSING_OR_BLANK,
Works Completed.csv,9073,Image,MISSING_OR_BLANK,
Works Completed.csv,9092,Image,MISSING_OR_BLANK,
Works Completed.csv,9093,Image,MISSING_OR_BLANK,
Works Completed.csv,9094,Image,MISSING_OR_BLANK,
Works Completed.csv,9097,Image,MISSING_OR_BLANK,
Works Completed.csv,9118,Image,MISSING_OR_BLANK,
Works Completed.csv,9122,Image,MISSING_OR_BLANK,
Works Completed.csv,9126,Image,MISSING_OR_BLANK,
Works Completed.csv,9132,Image,MISSING_OR_BLANK,
Works Completed.csv,9133,Image,MISSING_OR_BLANK,
Works Completed.csv,9142,Image,MISSING_OR_BLANK,
Works Completed.csv,9144,Image,MISSING_OR_BLANK,
Works Completed.csv,9163,Image,MISSING_OR_BLANK,
Works Completed.csv,9164,Image,MISSING_OR_BLANK,
Works Completed.csv,9167,Image,MISSING_OR_BLANK,
Works Completed.csv,9168,Image,MISSING_OR_BLANK,
Works Completed.csv,9169,Image,MISSING_OR_BLANK,
Works Completed.csv,9170,Image,MISSING_OR_BLANK,
Works Completed.csv,9171,Image,MISSING_OR_BLANK,
Works Completed.csv,9172,Image,MISSING_OR_BLANK,
Works Completed.csv,9173,Image,MISSING_OR_BLANK,
Works Completed.csv,9174,Image,MISSING_OR_BLANK,
Works Completed.csv,9175,Image,MISSING_OR_BLANK,
Works Completed.csv,9176,Image,MISSING_OR_BLANK,
Works Completed.csv,9177,Image,MISSING_OR_BLANK,
Works Completed.csv,9179,Image,MISSING_OR_BLANK,
Works Completed.csv,9208,Image,MISSING_OR_BLANK,
Works Completed.csv,9213,Image,MISSING_OR_BLANK,
Works Completed.csv,9216,Image,MISSING_OR_BLANK,
Works Completed.csv,9221,Image,MISSING_OR_BLANK,
Works Completed.csv,9222,Image,MISSING_OR_BLANK,
Works Completed.csv,9223,Image,MISSING_OR_BLANK,
Works Completed.csv,9226,Image,MISSING_OR_BLANK,
Works Completed.csv,9229,Image,MISSING_OR_BLANK,
Works Completed.csv,9230,Image,MISSING_OR_BLANK,
Works Completed.csv,9231,Image,MISSING_OR_BLANK,
Works Completed.csv,9245,Image,MISSING_OR_BLANK,
Works Completed.csv,9246,Image,MISSING_OR_BLANK,
Works Completed.csv,9247,Image,MISSING_OR_BLANK,
Works Completed.csv,9249,Image,MISSING_OR_BLANK,
Works Completed.csv,9250,Image,MISSING_OR_BLANK,
Works Completed.csv,9251,Image,MISSING_OR_BLANK,
Works Completed.csv,9252,Image,MISSING_OR_BLANK,
Works Completed.csv,9253,Image,MISSING_OR_BLANK,
Works Completed.csv,9254,Image,MISSING_OR_BLANK,
Works Completed.csv,9255,Image,MISSING_OR_BLANK,
Works Completed.csv,9256,Image,MISSING_OR_BLANK,
Works Completed.csv,9257,Image,MISSING_OR_BLANK,
Works Completed.csv,9258,Image,MISSING_OR_BLANK,
Works Completed.csv,9259,Image,MISSING_OR_BLANK,
Works Completed.csv,9260,Image,MISSING_OR_BLANK,
Works Completed.csv,9261,Image,MISSING_OR_BLANK,
Works Completed.csv,9262,Image,MISSING_OR_BLANK,
Works Completed.csv,9263,Image,MISSING_OR_BLANK,
Works Completed.csv,9264,Image,MISSING_OR_BLANK,
Works Completed.csv,9265,Image,MISSING_OR_BLANK,
Works Completed.csv,9266,Image,MISSING_OR_BLANK,
Works Completed.csv,9267,Image,MISSING_OR_BLANK,
Works Completed.csv,9268,Image,MISSING_OR_BLANK,
Works Completed.csv,9269,Image,MISSING_OR_BLANK,
Works Completed.csv,9270,Image,MISSING_OR_BLANK,
Works Completed.csv,9271,Image,MISSING_OR_BLANK,
Works Completed.csv,9272,Image,MISSING_OR_BLANK,
Works Completed.csv,9273,Image,MISSING_OR_BLANK,
Works Completed.csv,9274,Image,MISSING_OR_BLANK,
Works Completed.csv,9275,Image,MISSING_OR_BLANK,
Works Completed.csv,9276,Image,MISSING_OR_BLANK,
Works Completed.csv,9277,Image,MISSING_OR_BLANK,
Works Completed.csv,9278,Image,MISSING_OR_BLANK,
Works Completed.csv,9279,Image,MISSING_OR_BLANK,
Works Completed.csv,9282,Image,MISSING_OR_BLANK,
Works Completed.csv,9284,Image,MISSING_OR_BLANK,
Works Completed.csv,9285,Image,MISSING_OR_BLANK,
Works Completed.csv,9288,Image,MISSING_OR_BLANK,
Works Completed.csv,9290,Image,MISSING_OR_BLANK,
Works Completed.csv,9292,Image,MISSING_OR_BLANK,
Works Completed.csv,9294,Image,MISSING_OR_BLANK,
Works Completed.csv,9295,Image,MISSING_OR_BLANK,
Works Completed.csv,9296,Image,MISSING_OR_BLANK,
Works Completed.csv,9297,Image,MISSING_OR_BLANK,
Works Completed.csv,9298,Image,MISSING_OR_BLANK,
Works Completed.csv,9299,Image,MISSING_OR_BLANK,
Works Completed.csv,9300,Image,MISSING_OR_BLANK,
Works Completed.csv,9301,Image,MISSING_OR_BLANK,
Works Completed.csv,9302,Image,MISSING_OR_BLANK,
Works Completed.csv,9303,Image,MISSING_OR_BLANK,
Works Completed.csv,9308,Image,MISSING_OR_BLANK,
Works Completed.csv,9311,Image,MISSING_OR_BLANK,
Works Completed.csv,9314,Image,MISSING_OR_BLANK,
Works Completed.csv,9316,Image,MISSING_OR_BLANK,
Works Completed.csv,9339,Image,MISSING_OR_BLANK,
Works Completed.csv,9347,Image,MISSING_OR_BLANK,
Works Completed.csv,9349,Image,MISSING_OR_BLANK,
Works Completed.csv,9355,Image,MISSING_OR_BLANK,
Works Completed.csv,9356,Image,MISSING_OR_BLANK,
Works Completed.csv,9367,Image,MISSING_OR_BLANK,
Works Completed.csv,9368,Image,MISSING_OR_BLANK,
Works Completed.csv,9383,Image,MISSING_OR_BLANK,
Works Completed.csv,9384,Image,MISSING_OR_BLANK,
Works Completed.csv,9385,Image,MISSING_OR_BLANK,
Works Completed.csv,9386,Image,MISSING_OR_BLANK,
Works Completed.csv,9390,Image,MISSING_OR_BLANK,
Works Completed.csv,9391,Image,MISSING_OR_BLANK,
Works Completed.csv,9392,Image,MISSING_OR_BLANK,
Works Completed.csv,9400,Image,MISSING_OR_BLANK,
Works Completed.csv,9422,Image,MISSING_OR_BLANK,
Works Completed.csv,9425,Image,MISSING_OR_BLANK,
Works Completed.csv,9427,Image,MISSING_OR_BLANK,
Works Completed.csv,9428,Image,MISSING_OR_BLANK,
Works Completed.csv,9429,Image,MISSING_OR_BLANK,
Works Completed.csv,9438,Image,MISSING_OR_BLANK,
Works Completed.csv,9441,Image,MISSING_OR_BLANK,
Works Completed.csv,9445,Image,MISSING_OR_BLANK,
Works Completed.csv,9446,Image,MISSING_OR_BLANK,
Works Completed.csv,9453,Image,MISSING_OR_BLANK,
Works Completed.csv,9462,Image,MISSING_OR_BLANK,
Works Completed.csv,9468,Image,MISSING_OR_BLANK,
Works Completed.csv,9481,Image,MISSING_OR_BLANK,
Works Completed.csv,9483,Image,MISSING_OR_BLANK,
Works Completed.csv,9486,Image,MISSING_OR_BLANK,
Works Completed.csv,9487,Image,MISSING_OR_BLANK,
Works Completed.csv,9491,Image,MISSING_OR_BLANK,
Works Completed.csv,9493,Image,MISSING_OR_BLANK,
Works Completed.csv,9498,Image,MISSING_OR_BLANK,
Works Completed.csv,9500,Image,MISSING_OR_BLANK,
Works Completed.csv,9503,Image,MISSING_OR_BLANK,
Works Completed.csv,9506,Image,MISSING_OR_BLANK,
Works Completed.csv,9517,Image,MISSING_OR_BLANK,
Works Completed.csv,9520,Image,MISSING_OR_BLANK,
Works Completed.csv,9522,Image,MISSING_OR_BLANK,
Works Completed.csv,9532,Image,MISSING_OR_BLANK,
Works Completed.csv,9533,Image,MISSING_OR_BLANK,
Works Completed.csv,9535,Image,MISSING_OR_BLANK,
Works Completed.csv,9536,Image,MISSING_OR_BLANK,
Works Completed.csv,9546,Image,MISSING_OR_BLANK,
Works Completed.csv,9550,Image,MISSING_OR_BLANK,
Works Completed.csv,9567,Image,MISSING_OR_BLANK,
Works Completed.csv,9568,Image,MISSING_OR_BLANK,
Works Completed.csv,9569,Image,MISSING_OR_BLANK,
Works Completed.csv,9570,Image,MISSING_OR_BLANK,
Works Completed.csv,9574,Image,MISSING_OR_BLANK,
Works Completed.csv,9575,Image,MISSING_OR_BLANK,
Works Completed.csv,9577,Image,MISSING_OR_BLANK,
Works Completed.csv,9578,Image,MISSING_OR_BLANK,
Works Completed.csv,9579,Image,MISSING_OR_BLANK,
Works Completed.csv,9581,Image,MISSING_OR_BLANK,
Works Completed.csv,9582,Image,MISSING_OR_BLANK,
Works Completed.csv,9583,Image,MISSING_OR_BLANK,
Works Completed.csv,9584,Image,MISSING_OR_BLANK,
Works Completed.csv,9585,Image,MISSING_OR_BLANK,
Works Completed.csv,9586,Image,MISSING_OR_BLANK,
Works Completed.csv,9587,Image,MISSING_OR_BLANK,
Works Completed.csv,9588,Image,MISSING_OR_BLANK,
Works Completed.csv,9590,Image,MISSING_OR_BLANK,
Works Completed.csv,9591,Image,MISSING_OR_BLANK,
Works Completed.csv,9595,Image,MISSING_OR_BLANK,
Works Completed.csv,9598,Image,MISSING_OR_BLANK,
Works Completed.csv,9601,Image,MISSING_OR_BLANK,
Works Completed.csv,9614,Image,MISSING_OR_BLANK,
Works Completed.csv,9615,Image,MISSING_OR_BLANK,
Works Completed.csv,9617,Image,MISSING_OR_BLANK,
Works Completed.csv,9621,Image,MISSING_OR_BLANK,
Works Completed.csv,9623,Image,MISSING_OR_BLANK,
Works Completed.csv,9626,Image,MISSING_OR_BLANK,
Works Completed.csv,9630,Image,MISSING_OR_BLANK,
Works Completed.csv,9631,Image,MISSING_OR_BLANK,
Works Completed.csv,9635,Image,MISSING_OR_BLANK,
Works Completed.csv,9641,Image,MISSING_OR_BLANK,
Works Completed.csv,9644,Image,MISSING_OR_BLANK,
Works Completed.csv,9645,Image,MISSING_OR_BLANK,
Works Completed.csv,9646,Image,MISSING_OR_BLANK,
Works Completed.csv,9647,Image,MISSING_OR_BLANK,
Works Completed.csv,9648,Image,MISSING_OR_BLANK,
Works Completed.csv,9649,Image,MISSING_OR_BLANK,
Works Completed.csv,9655,Image,MISSING_OR_BLANK,
Works Completed.csv,9656,Image,MISSING_OR_BLANK,
Works Completed.csv,9658,Image,MISSING_OR_BLANK,
Works Completed.csv,9662,Image,MISSING_OR_BLANK,
Works Completed.csv,9675,Image,MISSING_OR_BLANK,
Works Completed.csv,9678,Image,MISSING_OR_BLANK,
Works Completed.csv,9679,Image,MISSING_OR_BLANK,
Works Completed.csv,9680,Image,MISSING_OR_BLANK,
Works Completed.csv,9681,Image,MISSING_OR_BLANK,
Works Completed.csv,9686,Image,MISSING_OR_BLANK,
Works Completed.csv,9692,Image,MISSING_OR_BLANK,
Works Completed.csv,9694,Image,MISSING_OR_BLANK,
Works Completed.csv,9715,Image,MISSING_OR_BLANK,
Works Completed.csv,9717,Image,MISSING_OR_BLANK,
Works Completed.csv,9718,Image,MISSING_OR_BLANK,
Works Completed.csv,9719,Image,MISSING_OR_BLANK,
Works Completed.csv,9720,Image,MISSING_OR_BLANK,
Works Completed.csv,9723,Image,MISSING_OR_BLANK,
Works Completed.csv,9724,Image,MISSING_OR_BLANK,
Works Completed.csv,9725,Image,MISSING_OR_BLANK,
Works Completed.csv,9726,Image,MISSING_OR_BLANK,
Works Completed.csv,9728,Image,MISSING_OR_BLANK,
Works Completed.csv,9729,Image,MISSING_OR_BLANK,
Works Completed.csv,9730,Image,MISSING_OR_BLANK,
Works Completed.csv,9733,Image,MISSING_OR_BLANK,
Works Completed.csv,9734,Image,MISSING_OR_BLANK,
Works Completed.csv,9735,Image,MISSING_OR_BLANK,
Works Completed.csv,9736,Image,MISSING_OR_BLANK,
Works Completed.csv,9737,Image,MISSING_OR_BLANK,
Works Completed.csv,9739,Image,MISSING_OR_BLANK,
Works Completed.csv,9740,Image,MISSING_OR_BLANK,
Works Completed.csv,9746,Image,MISSING_OR_BLANK,
Works Completed.csv,9748,Image,MISSING_OR_BLANK,
Works Completed.csv,9750,Image,MISSING_OR_BLANK,
Works Completed.csv,9751,Image,MISSING_OR_BLANK,
Works Completed.csv,9754,Image,MISSING_OR_BLANK,
Works Completed.csv,9755,Image,MISSING_OR_BLANK,
Works Completed.csv,9757,Image,MISSING_OR_BLANK,
Works Completed.csv,9762,Image,MISSING_OR_BLANK,
Works Completed.csv,9763,Image,MISSING_OR_BLANK,
Works Completed.csv,9770,Image,MISSING_OR_BLANK,
Works Completed.csv,9771,Image,MISSING_OR_BLANK,
Works Completed.csv,9772,Image,MISSING_OR_BLANK,
Works Completed.csv,9780,Image,MISSING_OR_BLANK,
Works Completed.csv,9781,Image,MISSING_OR_BLANK,
Works Completed.csv,9785,Image,MISSING_OR_BLANK,
Works Completed.csv,9809,Image,MISSING_OR_BLANK,
Works Completed.csv,9810,Image,MISSING_OR_BLANK,
Works Completed.csv,9811,Image,MISSING_OR_BLANK,
Works Completed.csv,9812,Image,MISSING_OR_BLANK,
Works Completed.csv,9814,Image,MISSING_OR_BLANK,
Works Completed.csv,9815,Image,MISSING_OR_BLANK,
Works Completed.csv,9819,Image,MISSING_OR_BLANK,
Works Completed.csv,9820,Image,MISSING_OR_BLANK,
Works Completed.csv,9823,Image,MISSING_OR_BLANK,
Works Completed.csv,9827,Image,MISSING_OR_BLANK,
Works Completed.csv,9831,Image,MISSING_OR_BLANK,
Works Completed.csv,9834,Image,MISSING_OR_BLANK,
Works Completed.csv,9836,Image,MISSING_OR_BLANK,
Works Completed.csv,9838,Image,MISSING_OR_BLANK,
Works Completed.csv,9843,Image,MISSING_OR_BLANK,
Works Completed.csv,9844,Image,MISSING_OR_BLANK,
Works Completed.csv,9846,Image,MISSING_OR_BLANK,
Works Completed.csv,9852,Image,MISSING_OR_BLANK,
Works Completed.csv,9854,Image,MISSING_OR_BLANK,
Works Completed.csv,9855,Image,MISSING_OR_BLANK,
Works Completed.csv,9867,Image,MISSING_OR_BLANK,
Works Completed.csv,9872,Image,MISSING_OR_BLANK,
Works Completed.csv,9874,Image,MISSING_OR_BLANK,
Works Completed.csv,9875,Image,MISSING_OR_BLANK,
Works Completed.csv,9876,Image,MISSING_OR_BLANK,
Works Completed.csv,9877,Image,MISSING_OR_BLANK,
Works Completed.csv,9878,Image,MISSING_OR_BLANK,
Works Completed.csv,9879,Image,MISSING_OR_BLANK,
Works Completed.csv,9881,Image,MISSING_OR_BLANK,
Works Completed.csv,9882,Image,MISSING_OR_BLANK,
Works Completed.csv,9895,Image,MISSING_OR_BLANK,
Works Completed.csv,9896,Image,MISSING_OR_BLANK,
Works Completed.csv,9897,Image,MISSING_OR_BLANK,
Works Completed.csv,9899,Image,MISSING_OR_BLANK,
Works Completed.csv,9901,Image,MISSING_OR_BLANK,
Works Completed.csv,9903,Image,MISSING_OR_BLANK,
Works Completed.csv,9906,Image,MISSING_OR_BLANK,
Works Completed.csv,9907,Image,MISSING_OR_BLANK,
Works Completed.csv,9909,Image,MISSING_OR_BLANK,
Works Completed.csv,9910,Image,MISSING_OR_BLANK,
Works Completed.csv,9911,Image,MISSING_OR_BLANK,
Works Completed.csv,9913,Image,MISSING_OR_BLANK,
Works Completed.csv,9916,Image,MISSING_OR_BLANK,
Works Completed.csv,9918,Image,MISSING_OR_BLANK,
Works Completed.csv,9919,Image,MISSING_OR_BLANK,
Works Completed.csv,9920,Image,MISSING_OR_BLANK,
Works Completed.csv,9921,Image,MISSING_OR_BLANK,
Works Completed.csv,9922,Image,MISSING_OR_BLANK,
Works Completed.csv,9923,Image,MISSING_OR_BLANK,
Works Completed.csv,9924,Image,MISSING_OR_BLANK,
Works Completed.csv,9925,Image,MISSING_OR_BLANK,
Works Completed.csv,9926,Image,MISSING_OR_BLANK,
Works Completed.csv,9927,Image,MISSING_OR_BLANK,
Works Completed.csv,9932,Image,MISSING_OR_BLANK,
Works Completed.csv,9934,Image,MISSING_OR_BLANK,
Works Completed.csv,9943,Image,MISSING_OR_BLANK,
Works Completed.csv,9946,Image,MISSING_OR_BLANK,
Works Completed.csv,9950,Image,MISSING_OR_BLANK,
Works Completed.csv,9953,Image,MISSING_OR_BLANK,
Works Completed.csv,9954,Image,MISSING_OR_BLANK,
Works Completed.csv,9959,Image,MISSING_OR_BLANK,
Works Completed.csv,9961,Image,MISSING_OR_BLANK,
Works Completed.csv,9969,Image,MISSING_OR_BLANK,
Works Completed.csv,9973,Image,MISSING_OR_BLANK,
Works Completed.csv,9975,Image,MISSING_OR_BLANK,
Works Completed.csv,9978,Image,MISSING_OR_BLANK,
Works Completed.csv,9979,Image,MISSING_OR_BLANK,
Works Completed.csv,9986,Image,MISSING_OR_BLANK,
Works Completed.csv,10029,Image,MISSING_OR_BLANK,
Works Completed.csv,10034,Image,MISSING_OR_BLANK,
Works Completed.csv,10036,Image,MISSING_OR_BLANK,
Works Completed.csv,10056,Image,MISSING_OR_BLANK,
Works Completed.csv,10059,Image,MISSING_OR_BLANK,
Works Completed.csv,10069,Image,MISSING_OR_BLANK,
Works Completed.csv,10071,Image,MISSING_OR_BLANK,
Works Completed.csv,10074,Image,MISSING_OR_BLANK,
Works Completed.csv,10075,Image,MISSING_OR_BLANK,
Works Completed.csv,10096,Image,MISSING_OR_BLANK,
Works Completed.csv,10098,Image,MISSING_OR_BLANK,
Works Completed.csv,10099,Image,MISSING_OR_BLANK,
Works Completed.csv,10100,Image,MISSING_OR_BLANK,
Works Completed.csv,10102,Image,MISSING_OR_BLANK,
Works Completed.csv,10104,Image,MISSING_OR_BLANK,
Works Completed.csv,10105,Image,MISSING_OR_BLANK,
Works Completed.csv,10107,Image,MISSING_OR_BLANK,
Works Completed.csv,10114,Image,MISSING_OR_BLANK,
Works Completed.csv,10116,Image,MISSING_OR_BLANK,
Works Completed.csv,10117,Image,MISSING_OR_BLANK,
Works Completed.csv,10122,Image,MISSING_OR_BLANK,
Works Completed.csv,10123,Image,MISSING_OR_BLANK,
Works Completed.csv,10124,Image,MISSING_OR_BLANK,
Works Completed.csv,10127,Image,MISSING_OR_BLANK,
Works Completed.csv,10128,Image,MISSING_OR_BLANK,
Works Completed.csv,10129,Image,MISSING_OR_BLANK,
Works Completed.csv,10130,Image,MISSING_OR_BLANK,
Works Completed.csv,10131,Image,MISSING_OR_BLANK,
Works Completed.csv,10132,Image,MISSING_OR_BLANK,
Works Completed.csv,10133,Image,MISSING_OR_BLANK,
Works Completed.csv,10134,Image,MISSING_OR_BLANK,
Works Completed.csv,10135,Image,MISSING_OR_BLANK,
Works Completed.csv,10136,Image,MISSING_OR_BLANK,
Works Completed.csv,10137,Image,MISSING_OR_BLANK,
Works Completed.csv,10138,Image,MISSING_OR_BLANK,
Works Completed.csv,10139,Image,MISSING_OR_BLANK,
Works Completed.csv,10140,Image,MISSING_OR_BLANK,
Works Completed.csv,10142,Image,MISSING_OR_BLANK,
Works Completed.csv,10143,Image,MISSING_OR_BLANK,
Works Completed.csv,10147,Image,MISSING_OR_BLANK,
Works Completed.csv,10148,Image,MISSING_OR_BLANK,
Works Completed.csv,10149,Image,MISSING_OR_BLANK,
Works Completed.csv,10150,Image,MISSING_OR_BLANK,
Works Completed.csv,10151,Image,MISSING_OR_BLANK,
Works Completed.csv,10153,Image,MISSING_OR_BLANK,
Works Completed.csv,10155,Image,MISSING_OR_BLANK,
Works Completed.csv,10156,Image,MISSING_OR_BLANK,
Works Completed.csv,10157,Image,MISSING_OR_BLANK,
Works Completed.csv,10158,Image,MISSING_OR_BLANK,
Works Completed.csv,10160,Image,MISSING_OR_BLANK,
Works Completed.csv,10161,Image,MISSING_OR_BLANK,
Works Completed.csv,10163,Image,MISSING_OR_BLANK,
Works Completed.csv,10164,Image,MISSING_OR_BLANK,
Works Completed.csv,10165,Image,MISSING_OR_BLANK,
Works Completed.csv,10166,Image,MISSING_OR_BLANK,
Works Completed.csv,10167,Image,MISSING_OR_BLANK,
Works Completed.csv,10168,Image,MISSING_OR_BLANK,
Works Completed.csv,10169,Image,MISSING_OR_BLANK,
Works Completed.csv,10170,Image,MISSING_OR_BLANK,
Works Completed.csv,10171,Image,MISSING_OR_BLANK,
Works Completed.csv,10172,Image,MISSING_OR_BLANK,
Works Completed.csv,10173,Image,MISSING_OR_BLANK,
Works Completed.csv,10174,Image,MISSING_OR_BLANK,
Works Completed.csv,10175,Image,MISSING_OR_BLANK,
Works Completed.csv,10176,Image,MISSING_OR_BLANK,
Works Completed.csv,10177,Image,MISSING_OR_BLANK,
Works Completed.csv,10178,Image,MISSING_OR_BLANK,
Works Completed.csv,10179,Image,MISSING_OR_BLANK,
Works Completed.csv,10180,Image,MISSING_OR_BLANK,
Works Completed.csv,10181,Image,MISSING_OR_BLANK,
Works Completed.csv,10182,Image,MISSING_OR_BLANK,
Works Completed.csv,10183,Image,MISSING_OR_BLANK,
Works Completed.csv,10184,Image,MISSING_OR_BLANK,
Works Completed.csv,10185,Image,MISSING_OR_BLANK,
Works Completed.csv,10186,Image,MISSING_OR_BLANK,
Works Completed.csv,10187,Image,MISSING_OR_BLANK,
Works Completed.csv,10188,Image,MISSING_OR_BLANK,
Works Completed.csv,10189,Image,MISSING_OR_BLANK,
Works Completed.csv,10190,Image,MISSING_OR_BLANK,
Works Completed.csv,10191,Image,MISSING_OR_BLANK,
Works Completed.csv,10192,Image,MISSING_OR_BLANK,
Works Completed.csv,10193,Image,MISSING_OR_BLANK,
Works Completed.csv,10194,Image,MISSING_OR_BLANK,
Works Completed.csv,10195,Image,MISSING_OR_BLANK,
Works Completed.csv,10196,Image,MISSING_OR_BLANK,
Works Completed.csv,10197,Image,MISSING_OR_BLANK,
Works Completed.csv,10198,Image,MISSING_OR_BLANK,
Works Completed.csv,10199,Image,MISSING_OR_BLANK,
Works Completed.csv,10200,Image,MISSING_OR_BLANK,
Works Completed.csv,10201,Image,MISSING_OR_BLANK,
Works Completed.csv,10203,Image,MISSING_OR_BLANK,
Works Completed.csv,10204,Image,MISSING_OR_BLANK,
Works Completed.csv,10205,Image,MISSING_OR_BLANK,
Works Completed.csv,10206,Image,MISSING_OR_BLANK,
Works Completed.csv,10207,Image,MISSING_OR_BLANK,
Works Completed.csv,10209,Image,MISSING_OR_BLANK,
Works Completed.csv,10210,Image,MISSING_OR_BLANK,
Works Completed.csv,10211,Image,MISSING_OR_BLANK,
Works Completed.csv,10212,Image,MISSING_OR_BLANK,
Works Completed.csv,10213,Image,MISSING_OR_BLANK,
Works Completed.csv,10214,Image,MISSING_OR_BLANK,
Works Completed.csv,10216,Image,MISSING_OR_BLANK,
Works Completed.csv,10217,Image,MISSING_OR_BLANK,
Works Completed.csv,10218,Image,MISSING_OR_BLANK,
Works Completed.csv,10220,Image,MISSING_OR_BLANK,
Works Completed.csv,10222,Image,MISSING_OR_BLANK,
Works Completed.csv,10223,Image,MISSING_OR_BLANK,
Works Completed.csv,10224,Image,MISSING_OR_BLANK,
Works Completed.csv,10225,Image,MISSING_OR_BLANK,
Works Completed.csv,10226,Image,MISSING_OR_BLANK,
Works Completed.csv,10228,Image,MISSING_OR_BLANK,
Works Completed.csv,10229,Image,MISSING_OR_BLANK,
Works Completed.csv,10231,Image,MISSING_OR_BLANK,
Works Completed.csv,10233,Image,MISSING_OR_BLANK,
Works Completed.csv,10234,Image,MISSING_OR_BLANK,
Works Completed.csv,10235,Image,MISSING_OR_BLANK,
Works Completed.csv,10236,Image,MISSING_OR_BLANK,
Works Completed.csv,10237,Image,MISSING_OR_BLANK,
Works Completed.csv,10239,Image,MISSING_OR_BLANK,
Works Completed.csv,10242,Image,MISSING_OR_BLANK,
Works Completed.csv,10244,Image,MISSING_OR_BLANK,
Works Completed.csv,10246,Image,MISSING_OR_BLANK,
Works Completed.csv,10247,Image,MISSING_OR_BLANK,
Works Completed.csv,10254,Image,MISSING_OR_BLANK,
Works Completed.csv,10258,Image,MISSING_OR_BLANK,
Works Completed.csv,10259,Image,MISSING_OR_BLANK,
Works Completed.csv,10260,Image,MISSING_OR_BLANK,
Works Completed.csv,10261,Image,MISSING_OR_BLANK,
Works Completed.csv,10262,Image,MISSING_OR_BLANK,
Works Completed.csv,10263,Image,MISSING_OR_BLANK,
Works Completed.csv,10264,Image,MISSING_OR_BLANK,
Works Completed.csv,10265,Image,MISSING_OR_BLANK,
Works Completed.csv,10266,Image,MISSING_OR_BLANK,
Works Completed.csv,10267,Image,MISSING_OR_BLANK,
Works Completed.csv,10268,Image,MISSING_OR_BLANK,
Works Completed.csv,10270,Image,MISSING_OR_BLANK,
Works Completed.csv,10271,Image,MISSING_OR_BLANK,
Works Completed.csv,10272,Image,MISSING_OR_BLANK,
Works Completed.csv,10273,Image,MISSING_OR_BLANK,
Works Completed.csv,10280,Image,MISSING_OR_BLANK,
Works Completed.csv,10290,Image,MISSING_OR_BLANK,
Works Completed.csv,10300,Image,MISSING_OR_BLANK,
Works Completed.csv,10303,Image,MISSING_OR_BLANK,
Works Completed.csv,10305,Image,MISSING_OR_BLANK,
Works Completed.csv,10306,Image,MISSING_OR_BLANK,
Works Completed.csv,10328,Image,MISSING_OR_BLANK,
Works Completed.csv,10329,Image,MISSING_OR_BLANK,
Works Completed.csv,10330,Image,MISSING_OR_BLANK,
Works Completed.csv,10331,Image,MISSING_OR_BLANK,
Works Completed.csv,10384,Image,MISSING_OR_BLANK,
Works Completed.csv,10389,Image,MISSING_OR_BLANK,
Works Completed.csv,10391,Image,MISSING_OR_BLANK,
Works Completed.csv,10392,Image,MISSING_OR_BLANK,
Works Completed.csv,10393,Image,MISSING_OR_BLANK,
Works Completed.csv,10398,Image,MISSING_OR_BLANK,
Works Completed.csv,10399,Image,MISSING_OR_BLANK,
Works Completed.csv,10403,Image,MISSING_OR_BLANK,
Works Completed.csv,10415,Image,MISSING_OR_BLANK,
Works Completed.csv,10417,Image,MISSING_OR_BLANK,
Works Completed.csv,10426,Image,MISSING_OR_BLANK,
Works Completed.csv,10428,Image,MISSING_OR_BLANK,
Works Completed.csv,10431,Image,MISSING_OR_BLANK,
Works Completed.csv,10432,Image,MISSING_OR_BLANK,
Works Completed.csv,10433,Image,MISSING_OR_BLANK,
Works Completed.csv,10434,Image,MISSING_OR_BLANK,
Works Completed.csv,10435,Image,MISSING_OR_BLANK,
Works Completed.csv,10436,Image,MISSING_OR_BLANK,
Works Completed.csv,10438,Image,MISSING_OR_BLANK,
Works Completed.csv,10439,Image,MISSING_OR_BLANK,
Works Completed.csv,10441,Image,MISSING_OR_BLANK,
Works Completed.csv,10442,Image,MISSING_OR_BLANK,
Works Completed.csv,10443,Image,MISSING_OR_BLANK,
Works Completed.csv,10461,Image,MISSING_OR_BLANK,
Works Completed.csv,10465,Image,MISSING_OR_BLANK,
Works Completed.csv,10472,Image,MISSING_OR_BLANK,
Works Completed.csv,10496,Image,MISSING_OR_BLANK,
Works Completed.csv,10498,Image,MISSING_OR_BLANK,
Works Completed.csv,10499,Image,MISSING_OR_BLANK,
Works Completed.csv,10500,Image,MISSING_OR_BLANK,
Works Completed.csv,10501,Image,MISSING_OR_BLANK,
Works Completed.csv,10505,Image,MISSING_OR_BLANK,
Works Completed.csv,10506,Image,MISSING_OR_BLANK,
Works Completed.csv,10528,Image,MISSING_OR_BLANK,
Works Completed.csv,10530,Image,MISSING_OR_BLANK,
Works Completed.csv,10531,Image,MISSING_OR_BLANK,
Works Completed.csv,10532,Image,MISSING_OR_BLANK,
Works Completed.csv,10533,Image,MISSING_OR_BLANK,
Works Completed.csv,10535,Image,MISSING_OR_BLANK,
Works Completed.csv,10536,Image,MISSING_OR_BLANK,
Works Completed.csv,10537,Image,MISSING_OR_BLANK,
Works Completed.csv,10538,Image,MISSING_OR_BLANK,
Works Completed.csv,10539,Image,MISSING_OR_BLANK,
Works Completed.csv,10540,Image,MISSING_OR_BLANK,
Works Completed.csv,10541,Image,MISSING_OR_BLANK,
Works Completed.csv,10542,Image,MISSING_OR_BLANK,
Works Completed.csv,10543,Image,MISSING_OR_BLANK,
Works Completed.csv,10544,Image,MISSING_OR_BLANK,
Works Completed.csv,10545,Image,MISSING_OR_BLANK,
Works Completed.csv,10546,Image,MISSING_OR_BLANK,
Works Completed.csv,10547,Image,MISSING_OR_BLANK,
Works Completed.csv,10548,Image,MISSING_OR_BLANK,
Works Completed.csv,10549,Image,MISSING_OR_BLANK,
Works Completed.csv,10550,Image,MISSING_OR_BLANK,
Works Completed.csv,10553,Image,MISSING_OR_BLANK,
Works Completed.csv,10554,Image,MISSING_OR_BLANK,
Works Completed.csv,10555,Image,MISSING_OR_BLANK,
Works Completed.csv,10556,Image,MISSING_OR_BLANK,
Works Completed.csv,10559,Image,MISSING_OR_BLANK,
Works Completed.csv,10560,Image,MISSING_OR_BLANK,
Works Completed.csv,10561,Image,MISSING_OR_BLANK,
Works Completed.csv,10562,Image,MISSING_OR_BLANK,
Works Completed.csv,10563,Image,MISSING_OR_BLANK,
Works Completed.csv,10567,Image,MISSING_OR_BLANK,
Works Completed.csv,10568,Image,MISSING_OR_BLANK,
Works Completed.csv,10571,Image,MISSING_OR_BLANK,
Works Completed.csv,10572,Image,MISSING_OR_BLANK,
Works Completed.csv,10573,Image,MISSING_OR_BLANK,
Works Completed.csv,10574,Image,MISSING_OR_BLANK,
Works Completed.csv,10576,Image,MISSING_OR_BLANK,
Works Completed.csv,10577,Image,MISSING_OR_BLANK,
Works Completed.csv,10578,Image,MISSING_OR_BLANK,
Works Completed.csv,10579,Image,MISSING_OR_BLANK,
Works Completed.csv,10580,Image,MISSING_OR_BLANK,
Works Completed.csv,10581,Image,MISSING_OR_BLANK,
Works Completed.csv,10583,Image,MISSING_OR_BLANK,
Works Completed.csv,10584,Image,MISSING_OR_BLANK,
Works Completed.csv,10585,Image,MISSING_OR_BLANK,
Works Completed.csv,10593,Image,MISSING_OR_BLANK,
Works Completed.csv,10594,Image,MISSING_OR_BLANK,
Works Completed.csv,10596,Image,MISSING_OR_BLANK,
Works Completed.csv,10597,Image,MISSING_OR_BLANK,
Works Completed.csv,10598,Image,MISSING_OR_BLANK,
Works Completed.csv,10599,Image,MISSING_OR_BLANK,
Works Completed.csv,10600,Image,MISSING_OR_BLANK,
Works Completed.csv,10601,Image,MISSING_OR_BLANK,
Works Completed.csv,10602,Image,MISSING_OR_BLANK,
Works Completed.csv,10603,Image,MISSING_OR_BLANK,
Works Completed.csv,10604,Image,MISSING_OR_BLANK,
Works Completed.csv,10606,Image,MISSING_OR_BLANK,
Works Completed.csv,10607,Image,MISSING_OR_BLANK,
Works Completed.csv,10608,Image,MISSING_OR_BLANK,
Works Completed.csv,10611,Image,MISSING_OR_BLANK,
Works Completed.csv,10612,Image,MISSING_OR_BLANK,
Works Completed.csv,10613,Image,MISSING_OR_BLANK,
Works Completed.csv,10615,Image,MISSING_OR_BLANK,
Works Completed.csv,10667,Image,MISSING_OR_BLANK,
Works Completed.csv,10673,Image,MISSING_OR_BLANK,
Works Completed.csv,10678,Image,MISSING_OR_BLANK,
Works Completed.csv,10695,Image,MISSING_OR_BLANK,
Works Completed.csv,10699,Image,MISSING_OR_BLANK,
Works Completed.csv,10707,Image,MISSING_OR_BLANK,
Works Completed.csv,10717,Image,MISSING_OR_BLANK,
Works Completed.csv,10725,Image,MISSING_OR_BLANK,
Works Completed.csv,10726,Image,MISSING_OR_BLANK,
Works Completed.csv,10743,Image,MISSING_OR_BLANK,
Works Completed.csv,10748,Image,MISSING_OR_BLANK,
Works Completed.csv,10765,Image,MISSING_OR_BLANK,
Works Completed.csv,10773,Image,MISSING_OR_BLANK,
Works Completed.csv,10775,Image,MISSING_OR_BLANK,
Works Completed.csv,10777,Image,MISSING_OR_BLANK,
Works Completed.csv,10778,Image,MISSING_OR_BLANK,
Works Completed.csv,10779,Image,MISSING_OR_BLANK,
Works Completed.csv,10780,Image,MISSING_OR_BLANK,
Works Completed.csv,10782,Image,MISSING_OR_BLANK,
Works Completed.csv,10784,Image,MISSING_OR_BLANK,
Works Completed.csv,10785,Image,MISSING_OR_BLANK,
Works Completed.csv,10786,Image,MISSING_OR_BLANK,
Works Completed.csv,10789,Image,MISSING_OR_BLANK,
Works Completed.csv,10790,Image,MISSING_OR_BLANK,
Works Completed.csv,10792,Image,MISSING_OR_BLANK,
Works Completed.csv,10793,Image,MISSING_OR_BLANK,
Works Completed.csv,10794,Image,MISSING_OR_BLANK,
Works Completed.csv,10795,Image,MISSING_OR_BLANK,
Works Completed.csv,10798,Image,MISSING_OR_BLANK,
Works Completed.csv,10799,Image,MISSING_OR_BLANK,
Works Completed.csv,10800,Image,MISSING_OR_BLANK,
Works Completed.csv,10806,Image,MISSING_OR_BLANK,
Works Completed.csv,10807,Image,MISSING_OR_BLANK,
Works Completed.csv,10808,Image,MISSING_OR_BLANK,
Works Completed.csv,10810,Image,MISSING_OR_BLANK,
Works Completed.csv,10812,Image,MISSING_OR_BLANK,
Works Completed.csv,10814,Image,MISSING_OR_BLANK,
Works Completed.csv,10815,Image,MISSING_OR_BLANK,
Works Completed.csv,10817,Image,MISSING_OR_BLANK,
Works Completed.csv,10818,Image,MISSING_OR_BLANK,
Works Completed.csv,10819,Image,MISSING_OR_BLANK,
Works Completed.csv,10821,Image,MISSING_OR_BLANK,
Works Completed.csv,10824,Image,MISSING_OR_BLANK,
Works Completed.csv,10825,Image,MISSING_OR_BLANK,
Works Completed.csv,10830,Image,MISSING_OR_BLANK,
Works Completed.csv,10831,Image,MISSING_OR_BLANK,
Works Completed.csv,10833,Image,MISSING_OR_BLANK,
Works Completed.csv,10837,Image,MISSING_OR_BLANK,
Works Completed.csv,10839,Image,MISSING_OR_BLANK,
Works Completed.csv,10841,Image,MISSING_OR_BLANK,
Works Completed.csv,10847,Image,MISSING_OR_BLANK,
Works Completed.csv,10849,Image,MISSING_OR_BLANK,
Works Completed.csv,10850,Image,MISSING_OR_BLANK,
Works Completed.csv,10852,Image,MISSING_OR_BLANK,
Works Completed.csv,10853,Image,MISSING_OR_BLANK,
Works Completed.csv,10854,Image,MISSING_OR_BLANK,
Works Completed.csv,10855,Image,MISSING_OR_BLANK,
Works Completed.csv,10856,Image,MISSING_OR_BLANK,
Works Completed.csv,10857,Image,MISSING_OR_BLANK,
Works Completed.csv,10859,Image,MISSING_OR_BLANK,
Works Completed.csv,10860,Image,MISSING_OR_BLANK,
Works Completed.csv,10861,Image,MISSING_OR_BLANK,
Works Completed.csv,10862,Image,MISSING_OR_BLANK,
Works Completed.csv,10864,Image,MISSING_OR_BLANK,
Works Completed.csv,10865,Image,MISSING_OR_BLANK,
Works Completed.csv,10866,Image,MISSING_OR_BLANK,
Works Completed.csv,10867,Image,MISSING_OR_BLANK,
Works Completed.csv,10868,Image,MISSING_OR_BLANK,
Works Completed.csv,10869,Image,MISSING_OR_BLANK,
Works Completed.csv,10870,Image,MISSING_OR_BLANK,
Works Completed.csv,10871,Image,MISSING_OR_BLANK,
Works Completed.csv,10872,Image,MISSING_OR_BLANK,
Works Completed.csv,10873,Image,MISSING_OR_BLANK,
Works Completed.csv,10874,Image,MISSING_OR_BLANK,
Works Completed.csv,10875,Image,MISSING_OR_BLANK,
Works Completed.csv,10876,Image,MISSING_OR_BLANK,
Works Completed.csv,10877,Image,MISSING_OR_BLANK,
Works Completed.csv,10878,Image,MISSING_OR_BLANK,
Works Completed.csv,10913,Image,MISSING_OR_BLANK,
Works Completed.csv,10929,Image,MISSING_OR_BLANK,
Works Completed.csv,10940,Image,MISSING_OR_BLANK,
Works Completed.csv,10966,Image,MISSING_OR_BLANK,
Works Completed.csv,10967,Image,MISSING_OR_BLANK,
Works Completed.csv,10968,Image,MISSING_OR_BLANK,
Works Completed.csv,10970,Image,MISSING_OR_BLANK,
Works Completed.csv,10971,Image,MISSING_OR_BLANK,
Works Completed.csv,10972,Image,MISSING_OR_BLANK,
Works Completed.csv,10974,Image,MISSING_OR_BLANK,
Works Completed.csv,10975,Image,MISSING_OR_BLANK,
Works Completed.csv,10978,Image,MISSING_OR_BLANK,
Works Completed.csv,10979,Image,MISSING_OR_BLANK,
Works Completed.csv,10980,Image,MISSING_OR_BLANK,
Works Completed.csv,10981,Image,MISSING_OR_BLANK,
Works Completed.csv,10982,Image,MISSING_OR_BLANK,
Works Completed.csv,10986,Image,MISSING_OR_BLANK,
Works Completed.csv,10987,Image,MISSING_OR_BLANK,
Works Completed.csv,10990,Image,MISSING_OR_BLANK,
Works Completed.csv,10991,Image,MISSING_OR_BLANK,
Works Completed.csv,10993,Image,MISSING_OR_BLANK,
Works Completed.csv,10994,Image,MISSING_OR_BLANK,
Works Completed.csv,10996,Image,MISSING_OR_BLANK,
Works Completed.csv,10999,Image,MISSING_OR_BLANK,
Works Completed.csv,11000,Image,MISSING_OR_BLANK,
Works Completed.csv,11002,Image,MISSING_OR_BLANK,
Works Completed.csv,11004,Image,MISSING_OR_BLANK,
Works Completed.csv,11005,Image,MISSING_OR_BLANK,
Works Completed.csv,11059,Image,MISSING_OR_BLANK,
Works Completed.csv,11060,Image,MISSING_OR_BLANK,
Works Completed.csv,11062,Image,MISSING_OR_BLANK,
Works Completed.csv,11063,Image,MISSING_OR_BLANK,
Works Completed.csv,11064,Image,MISSING_OR_BLANK,
Works Completed.csv,11065,Image,MISSING_OR_BLANK,
Works Completed.csv,11066,Image,MISSING_OR_BLANK,
Works Completed.csv,11067,Image,MISSING_OR_BLANK,
Works Completed.csv,11068,Image,MISSING_OR_BLANK,
Works Completed.csv,11069,Image,MISSING_OR_BLANK,
Works Completed.csv,11071,Image,MISSING_OR_BLANK,
Works Completed.csv,11074,Image,MISSING_OR_BLANK,
Works Completed.csv,11075,Image,MISSING_OR_BLANK,
Works Completed.csv,11076,Image,MISSING_OR_BLANK,
Works Completed.csv,11077,Image,MISSING_OR_BLANK,
Works Completed.csv,11078,Image,MISSING_OR_BLANK,
Works Completed.csv,11080,Image,MISSING_OR_BLANK,
Works Completed.csv,11081,Image,MISSING_OR_BLANK,
Works Completed.csv,11082,Image,MISSING_OR_BLANK,
Works Completed.csv,11083,Image,MISSING_OR_BLANK,
Works Completed.csv,11084,Image,MISSING_OR_BLANK,
Works Completed.csv,11085,Image,MISSING_OR_BLANK,
Works Completed.csv,11086,Image,MISSING_OR_BLANK,
Works Completed.csv,11087,Image,MISSING_OR_BLANK,
Works Completed.csv,11088,Image,MISSING_OR_BLANK,
Works Completed.csv,11089,Image,MISSING_OR_BLANK,
Works Completed.csv,11097,Image,MISSING_OR_BLANK,
Works Completed.csv,11101,Image,MISSING_OR_BLANK,
Works Completed.csv,11103,Image,MISSING_OR_BLANK,
Works Completed.csv,11104,Image,MISSING_OR_BLANK,
Works Completed.csv,11105,Image,MISSING_OR_BLANK,
Works Completed.csv,11106,Image,MISSING_OR_BLANK,
Works Completed.csv,11107,Image,MISSING_OR_BLANK,
Works Completed.csv,11108,Image,MISSING_OR_BLANK,
Works Completed.csv,11111,Image,MISSING_OR_BLANK,
Works Completed.csv,11113,Image,MISSING_OR_BLANK,
Works Completed.csv,11114,Image,MISSING_OR_BLANK,
Works Completed.csv,11115,Image,MISSING_OR_BLANK,
Works Completed.csv,11116,Image,MISSING_OR_BLANK,
Works Completed.csv,11117,Image,MISSING_OR_BLANK,
Works Completed.csv,11118,Image,MISSING_OR_BLANK,
Works Completed.csv,11119,Image,MISSING_OR_BLANK,
Works Completed.csv,11124,Image,MISSING_OR_BLANK,
Works Completed.csv,11125,Image,MISSING_OR_BLANK,
Works Completed.csv,11126,Image,MISSING_OR_BLANK,
Works Completed.csv,11127,Image,MISSING_OR_BLANK,
Works Completed.csv,11128,Image,MISSING_OR_BLANK,
Works Completed.csv,11139,Image,MISSING_OR_BLANK,
Works Completed.csv,11141,Image,MISSING_OR_BLANK,
Works Completed.csv,11143,Image,MISSING_OR_BLANK,
Works Completed.csv,11144,Image,MISSING_OR_BLANK,
Works Completed.csv,11145,Image,MISSING_OR_BLANK,
Works Completed.csv,11146,Image,MISSING_OR_BLANK,
Works Completed.csv,11147,Image,MISSING_OR_BLANK,
Works Completed.csv,11149,Image,MISSING_OR_BLANK,
Works Completed.csv,11150,Image,MISSING_OR_BLANK,
Works Completed.csv,11151,Image,MISSING_OR_BLANK,
Works Completed.csv,11156,Image,MISSING_OR_BLANK,
Works Completed.csv,11178,Image,MISSING_OR_BLANK,
Works Completed.csv,11179,Image,MISSING_OR_BLANK,
Works Completed.csv,11180,Image,MISSING_OR_BLANK,
Works Completed.csv,11181,Image,MISSING_OR_BLANK,
Works Completed.csv,11197,Image,MISSING_OR_BLANK,
Works Completed.csv,11198,Image,MISSING_OR_BLANK,
Works Completed.csv,11199,Image,MISSING_OR_BLANK,
Works Completed.csv,11200,Image,MISSING_OR_BLANK,
Works Completed.csv,11202,Image,MISSING_OR_BLANK,
Works Completed.csv,11205,Image,MISSING_OR_BLANK,
Works Completed.csv,11206,Image,MISSING_OR_BLANK,
Works Completed.csv,11208,Image,MISSING_OR_BLANK,
Works Completed.csv,11209,Image,MISSING_OR_BLANK,
Works Completed.csv,11212,Image,MISSING_OR_BLANK,
Works Completed.csv,11213,Image,MISSING_OR_BLANK,
Works Completed.csv,11214,Image,MISSING_OR_BLANK,
Works Completed.csv,11215,Image,MISSING_OR_BLANK,
Works Completed.csv,11216,Image,MISSING_OR_BLANK,
Works Completed.csv,11217,Image,MISSING_OR_BLANK,
Works Completed.csv,11219,Image,MISSING_OR_BLANK,
Works Completed.csv,11220,Image,MISSING_OR_BLANK,
Works Completed.csv,11222,Image,MISSING_OR_BLANK,
Works Completed.csv,11225,Image,MISSING_OR_BLANK,
Works Completed.csv,11226,Image,MISSING_OR_BLANK,
Works Completed.csv,11227,Image,MISSING_OR_BLANK,
Works Completed.csv,11234,Image,MISSING_OR_BLANK,
Works Completed.csv,11235,Image,MISSING_OR_BLANK,
Works Completed.csv,11237,Image,MISSING_OR_BLANK,
Works Completed.csv,11238,Image,MISSING_OR_BLANK,
Works Completed.csv,11239,Image,MISSING_OR_BLANK,
Works Completed.csv,11240,Image,MISSING_OR_BLANK,
Works Completed.csv,11242,Image,MISSING_OR_BLANK,
Works Completed.csv,11243,Image,MISSING_OR_BLANK,
Works Completed.csv,11244,Image,MISSING_OR_BLANK,
Works Completed.csv,11245,Image,MISSING_OR_BLANK,
Works Completed.csv,11247,Image,MISSING_OR_BLANK,
Works Completed.csv,11251,Image,MISSING_OR_BLANK,
Works Completed.csv,11252,Image,MISSING_OR_BLANK,
Works Completed.csv,11253,Image,MISSING_OR_BLANK,
Works Completed.csv,11255,Image,MISSING_OR_BLANK,
Works Completed.csv,11256,Image,MISSING_OR_BLANK,
Works Completed.csv,11257,Image,MISSING_OR_BLANK,
Works Completed.csv,11259,Image,MISSING_OR_BLANK,
Works Completed.csv,11260,Image,MISSING_OR_BLANK,
Works Completed.csv,11261,Image,MISSING_OR_BLANK,
Works Completed.csv,11262,Image,MISSING_OR_BLANK,
Works Completed.csv,11263,Image,MISSING_OR_BLANK,
Works Completed.csv,11265,Image,MISSING_OR_BLANK,
Works Completed.csv,11266,Image,MISSING_OR_BLANK,
Works Completed.csv,11267,Image,MISSING_OR_BLANK,
Works Completed.csv,11268,Image,MISSING_OR_BLANK,
Works Completed.csv,11269,Image,MISSING_OR_BLANK,
Works Completed.csv,11270,Image,MISSING_OR_BLANK,
Works Completed.csv,11271,Image,MISSING_OR_BLANK,
Works Completed.csv,11273,Image,MISSING_OR_BLANK,
Works Completed.csv,11274,Image,MISSING_OR_BLANK,
Works Completed.csv,11275,Image,MISSING_OR_BLANK,
Works Completed.csv,11276,Image,MISSING_OR_BLANK,
Works Completed.csv,11277,Image,MISSING_OR_BLANK,
Works Completed.csv,11278,Image,MISSING_OR_BLANK,
Works Completed.csv,11279,Image,MISSING_OR_BLANK,
Works Completed.csv,11281,Image,MISSING_OR_BLANK,
Works Completed.csv,11282,Image,MISSING_OR_BLANK,
Works Completed.csv,11283,Image,MISSING_OR_BLANK,
Works Completed.csv,11284,Image,MISSING_OR_BLANK,
Works Completed.csv,11285,Image,MISSING_OR_BLANK,
Works Completed.csv,11286,Image,MISSING_OR_BLANK,
Works Completed.csv,11287,Image,MISSING_OR_BLANK,
Works Completed.csv,11289,Image,MISSING_OR_BLANK,
Works Completed.csv,11290,Image,MISSING_OR_BLANK,
Works Completed.csv,11291,Image,MISSING_OR_BLANK,
Works Completed.csv,11292,Image,MISSING_OR_BLANK,
Works Completed.csv,11293,Image,MISSING_OR_BLANK,
Works Completed.csv,11294,Image,MISSING_OR_BLANK,
Works Completed.csv,11296,Image,MISSING_OR_BLANK,
Works Completed.csv,11297,Image,MISSING_OR_BLANK,
Works Completed.csv,11298,Image,MISSING_OR_BLANK,
Works Completed.csv,11300,Image,MISSING_OR_BLANK,
Works Completed.csv,11301,Image,MISSING_OR_BLANK,
Works Completed.csv,11302,Image,MISSING_OR_BLANK,
Works Completed.csv,11304,Image,MISSING_OR_BLANK,
Works Completed.csv,11306,Image,MISSING_OR_BLANK,
Works Completed.csv,11307,Image,MISSING_OR_BLANK,
Works Completed.csv,11308,Image,MISSING_OR_BLANK,
Works Completed.csv,11343,Image,MISSING_OR_BLANK,
Works Completed.csv,11348,Image,MISSING_OR_BLANK,
Works Completed.csv,11351,Image,MISSING_OR_BLANK,
Works Completed.csv,11352,Image,MISSING_OR_BLANK,
Works Completed.csv,11363,Image,MISSING_OR_BLANK,
Works Completed.csv,11389,Image,MISSING_OR_BLANK,
Works Completed.csv,11391,Image,MISSING_OR_BLANK,
Works Completed.csv,11392,Image,MISSING_OR_BLANK,
Works Completed.csv,11400,Image,MISSING_OR_BLANK,
Works Completed.csv,11401,Image,MISSING_OR_BLANK,
Works Completed.csv,11402,Image,MISSING_OR_BLANK,
Works Completed.csv,11403,Image,MISSING_OR_BLANK,
Works Completed.csv,11424,Image,MISSING_OR_BLANK,
Works Completed.csv,11427,Image,MISSING_OR_BLANK,
Works Completed.csv,11429,Image,MISSING_OR_BLANK,
Works Completed.csv,11434,Image,MISSING_OR_BLANK,
Works Completed.csv,11435,Image,MISSING_OR_BLANK,
Works Completed.csv,11436,Image,MISSING_OR_BLANK,
Works Completed.csv,11437,Image,MISSING_OR_BLANK,
Works Completed.csv,11438,Image,MISSING_OR_BLANK,
Works Completed.csv,11439,Image,MISSING_OR_BLANK,
Works Completed.csv,11440,Image,MISSING_OR_BLANK,
Works Completed.csv,11441,Image,MISSING_OR_BLANK,
Works Completed.csv,11442,Image,MISSING_OR_BLANK,
Works Completed.csv,11443,Image,MISSING_OR_BLANK,
Works Completed.csv,11444,Image,MISSING_OR_BLANK,
Works Completed.csv,11445,Image,MISSING_OR_BLANK,
Works Completed.csv,11455,Image,MISSING_OR_BLANK,
Works Completed.csv,11459,Image,MISSING_OR_BLANK,
Works Completed.csv,11476,Image,MISSING_OR_BLANK,
Works Completed.csv,11492,Image,MISSING_OR_BLANK,
Works Completed.csv,11496,Image,MISSING_OR_BLANK,
Works Completed.csv,11497,Image,MISSING_OR_BLANK,
Works Completed.csv,11498,Image,MISSING_OR_BLANK,
Works Completed.csv,11499,Image,MISSING_OR_BLANK,
Works Completed.csv,11500,Image,MISSING_OR_BLANK,
Works Completed.csv,11501,Image,MISSING_OR_BLANK,
Works Completed.csv,11502,Image,MISSING_OR_BLANK,
Works Completed.csv,11503,Image,MISSING_OR_BLANK,
Works Completed.csv,11504,Image,MISSING_OR_BLANK,
Works Completed.csv,11506,Image,MISSING_OR_BLANK,
Works Completed.csv,11508,Image,MISSING_OR_BLANK,
Works Completed.csv,11513,Image,MISSING_OR_BLANK,
Works Completed.csv,11514,Image,MISSING_OR_BLANK,
Works Completed.csv,11515,Image,MISSING_OR_BLANK,
Works Completed.csv,11516,Image,MISSING_OR_BLANK,
Works Completed.csv,11518,Image,MISSING_OR_BLANK,
Works Completed.csv,11521,Image,MISSING_OR_BLANK,
Works Completed.csv,11526,Image,MISSING_OR_BLANK,
Works Completed.csv,11527,Image,MISSING_OR_BLANK,
Works Completed.csv,11529,Image,MISSING_OR_BLANK,
Works Completed.csv,11530,Image,MISSING_OR_BLANK,
Works Completed.csv,11532,Image,MISSING_OR_BLANK,
Works Completed.csv,11533,Image,MISSING_OR_BLANK,
Works Completed.csv,11534,Image,MISSING_OR_BLANK,
Works Completed.csv,11562,Image,MISSING_OR_BLANK,
Works Completed.csv,11575,Image,MISSING_OR_BLANK,
Works Completed.csv,11582,Image,MISSING_OR_BLANK,
Works Completed.csv,11583,Image,MISSING_OR_BLANK,
Works Completed.csv,11586,Image,MISSING_OR_BLANK,
Works Completed.csv,11592,Image,MISSING_OR_BLANK,
Works Completed.csv,11602,Image,MISSING_OR_BLANK,
Works Completed.csv,11609,Image,MISSING_OR_BLANK,
Works Completed.csv,11623,Image,MISSING_OR_BLANK,
Works Completed.csv,11629,Image,MISSING_OR_BLANK,
Works Completed.csv,11637,Image,MISSING_OR_BLANK,
Works Completed.csv,11640,Image,MISSING_OR_BLANK,
Works Completed.csv,11645,Image,MISSING_OR_BLANK,
Works Completed.csv,11647,Image,MISSING_OR_BLANK,
Works Completed.csv,11648,Image,MISSING_OR_BLANK,
Works Completed.csv,11649,Image,MISSING_OR_BLANK,
Works Completed.csv,11658,Image,MISSING_OR_BLANK,
Works Completed.csv,11660,Image,MISSING_OR_BLANK,
Works Completed.csv,11661,Image,MISSING_OR_BLANK,
Works Completed.csv,11662,Image,MISSING_OR_BLANK,
Works Completed.csv,11669,Image,MISSING_OR_BLANK,
Works Completed.csv,11670,Image,MISSING_OR_BLANK,
Works Completed.csv,11671,Image,MISSING_OR_BLANK,
Works Completed.csv,11672,Image,MISSING_OR_BLANK,
Works Completed.csv,11674,Image,MISSING_OR_BLANK,
Works Completed.csv,11676,Image,MISSING_OR_BLANK,
Works Completed.csv,11677,Image,MISSING_OR_BLANK,
Works Completed.csv,11678,Image,MISSING_OR_BLANK,
Works Completed.csv,11680,Image,MISSING_OR_BLANK,
Works Completed.csv,11682,Image,MISSING_OR_BLANK,
Works Completed.csv,11683,Image,MISSING_OR_BLANK,
Works Completed.csv,11685,Image,MISSING_OR_BLANK,
Works Completed.csv,11687,Image,MISSING_OR_BLANK,
Works Completed.csv,11688,Image,MISSING_OR_BLANK,
Works Completed.csv,11689,Image,MISSING_OR_BLANK,
Works Completed.csv,11691,Image,MISSING_OR_BLANK,
Works Completed.csv,11695,Image,MISSING_OR_BLANK,
Works Completed.csv,11696,Image,MISSING_OR_BLANK,
Works Completed.csv,11697,Image,MISSING_OR_BLANK,
Works Completed.csv,11698,Image,MISSING_OR_BLANK,
Works Completed.csv,11699,Image,MISSING_OR_BLANK,
Works Completed.csv,11701,Image,MISSING_OR_BLANK,
Works Completed.csv,11702,Image,MISSING_OR_BLANK,
Works Completed.csv,11703,Image,MISSING_OR_BLANK,
Works Completed.csv,11704,Image,MISSING_OR_BLANK,
Works Completed.csv,11705,Image,MISSING_OR_BLANK,
Works Completed.csv,11706,Image,MISSING_OR_BLANK,
Works Completed.csv,11707,Image,MISSING_OR_BLANK,
Works Completed.csv,11708,Image,MISSING_OR_BLANK,
Works Completed.csv,11709,Image,MISSING_OR_BLANK,
Works Completed.csv,11710,Image,MISSING_OR_BLANK,
Works Completed.csv,11711,Image,MISSING_OR_BLANK,
Works Completed.csv,11712,Image,MISSING_OR_BLANK,
Works Completed.csv,11713,Image,MISSING_OR_BLANK,
Works Completed.csv,11714,Image,MISSING_OR_BLANK,
Works Completed.csv,11715,Image,MISSING_OR_BLANK,
Works Completed.csv,11716,Image,MISSING_OR_BLANK,
Works Completed.csv,11717,Image,MISSING_OR_BLANK,
Works Completed.csv,11718,Image,MISSING_OR_BLANK,
Works Completed.csv,11719,Image,MISSING_OR_BLANK,
Works Completed.csv,11720,Image,MISSING_OR_BLANK,
Works Completed.csv,11721,Image,MISSING_OR_BLANK,
Works Completed.csv,11722,Image,MISSING_OR_BLANK,
Works Completed.csv,11723,Image,MISSING_OR_BLANK,
Works Completed.csv,11724,Image,MISSING_OR_BLANK,
Works Completed.csv,11725,Image,MISSING_OR_BLANK,
Works Completed.csv,11726,Image,MISSING_OR_BLANK,
Works Completed.csv,11727,Image,MISSING_OR_BLANK,
Works Completed.csv,11728,Image,MISSING_OR_BLANK,
Works Completed.csv,11729,Image,MISSING_OR_BLANK,
Works Completed.csv,11734,Image,MISSING_OR_BLANK,
Works Completed.csv,11736,Image,MISSING_OR_BLANK,
Works Completed.csv,11738,Image,MISSING_OR_BLANK,
Works Completed.csv,11739,Image,MISSING_OR_BLANK,
Works Completed.csv,11740,Image,MISSING_OR_BLANK,
Works Completed.csv,11741,Image,MISSING_OR_BLANK,
Works Completed.csv,11742,Image,MISSING_OR_BLANK,
Works Completed.csv,11743,Image,MISSING_OR_BLANK,
Works Completed.csv,11744,Image,MISSING_OR_BLANK,
Works Completed.csv,11745,Image,MISSING_OR_BLANK,
Works Completed.csv,11746,Image,MISSING_OR_BLANK,
Works Completed.csv,11747,Image,MISSING_OR_BLANK,
Works Completed.csv,11750,Image,MISSING_OR_BLANK,
Works Completed.csv,11755,Image,MISSING_OR_BLANK,
Works Completed.csv,11756,Image,MISSING_OR_BLANK,
Works Completed.csv,11757,Image,MISSING_OR_BLANK,
Works Completed.csv,11759,Image,MISSING_OR_BLANK,
Works Completed.csv,11760,Image,MISSING_OR_BLANK,
Works Completed.csv,11761,Image,MISSING_OR_BLANK,
Works Completed.csv,11762,Image,MISSING_OR_BLANK,
Works Completed.csv,11763,Image,MISSING_OR_BLANK,
Works Completed.csv,11770,Image,MISSING_OR_BLANK,
Works Completed.csv,11771,Image,MISSING_OR_BLANK,
Works Completed.csv,11772,Image,MISSING_OR_BLANK,
Works Completed.csv,11773,Image,MISSING_OR_BLANK,
Works Completed.csv,11774,Image,MISSING_OR_BLANK,
Works Completed.csv,11776,Image,MISSING_OR_BLANK,
Works Completed.csv,11786,Image,MISSING_OR_BLANK,
Works Completed.csv,11789,Image,MISSING_OR_BLANK,
Works Completed.csv,11791,Image,MISSING_OR_BLANK,
Works Completed.csv,11792,Image,MISSING_OR_BLANK,
Works Completed.csv,11793,Image,MISSING_OR_BLANK,
Works Completed.csv,11831,Image,MISSING_OR_BLANK,
Works Completed.csv,11873,Image,MISSING_OR_BLANK,
Works Completed.csv,11874,Image,MISSING_OR_BLANK,
Works Completed.csv,11881,Image,MISSING_OR_BLANK,
Works Completed.csv,11883,Image,MISSING_OR_BLANK,
Works Completed.csv,11884,Image,MISSING_OR_BLANK,
Works Completed.csv,11885,Image,MISSING_OR_BLANK,
Works Completed.csv,11887,Image,MISSING_OR_BLANK,
Works Completed.csv,11893,Image,MISSING_OR_BLANK,
Works Completed.csv,11901,Image,MISSING_OR_BLANK,
Works Completed.csv,11903,Image,MISSING_OR_BLANK,
Works Completed.csv,11905,Image,MISSING_OR_BLANK,
Works Completed.csv,11917,Image,MISSING_OR_BLANK,
Works Completed.csv,11922,Image,MISSING_OR_BLANK,
Works Completed.csv,11923,Image,MISSING_OR_BLANK,
Works Completed.csv,11930,Image,MISSING_OR_BLANK,
Works Completed.csv,11941,Image,MISSING_OR_BLANK,
Works Completed.csv,11947,Image,MISSING_OR_BLANK,
Works Completed.csv,11948,Image,MISSING_OR_BLANK,
Works Completed.csv,11949,Image,MISSING_OR_BLANK,
Works Completed.csv,11950,Image,MISSING_OR_BLANK,
Works Completed.csv,11953,Image,MISSING_OR_BLANK,
Works Completed.csv,11956,Image,MISSING_OR_BLANK,
Works Completed.csv,11958,Image,MISSING_OR_BLANK,
Works Completed.csv,11959,Image,MISSING_OR_BLANK,
Works Completed.csv,11960,Image,MISSING_OR_BLANK,
Works Completed.csv,11961,Image,MISSING_OR_BLANK,
Works Completed.csv,11965,Image,MISSING_OR_BLANK,
Works Completed.csv,11974,Image,MISSING_OR_BLANK,
Works Completed.csv,11983,Image,MISSING_OR_BLANK,
Works Completed.csv,11984,Image,MISSING_OR_BLANK,
Works Completed.csv,11996,Image,MISSING_OR_BLANK,
Works Completed.csv,12005,Image,MISSING_OR_BLANK,
Works Completed.csv,12012,Image,MISSING_OR_BLANK,
Works Completed.csv,12014,Image,MISSING_OR_BLANK,
Works Completed.csv,12017,Image,MISSING_OR_BLANK,
Works Completed.csv,12027,Image,MISSING_OR_BLANK,
Works Completed.csv,12032,Image,MISSING_OR_BLANK,
Works Completed.csv,12043,Image,MISSING_OR_BLANK,
Works Completed.csv,12057,Image,MISSING_OR_BLANK,
Works Completed.csv,12063,Image,MISSING_OR_BLANK,
Works Completed.csv,12064,Image,MISSING_OR_BLANK,
Works Completed.csv,12073,Image,MISSING_OR_BLANK,
Works Completed.csv,12074,Image,MISSING_OR_BLANK,
Works Completed.csv,12075,Image,MISSING_OR_BLANK,
Works Completed.csv,12076,Image,MISSING_OR_BLANK,
Works Completed.csv,12081,Image,MISSING_OR_BLANK,
Works Completed.csv,12082,Image,MISSING_OR_BLANK,
Works Completed.csv,12083,Image,MISSING_OR_BLANK,
Works Completed.csv,12084,Image,MISSING_OR_BLANK,
Works Completed.csv,12089,Image,MISSING_OR_BLANK,
Works Completed.csv,12095,Image,MISSING_OR_BLANK,
Works Completed.csv,12097,Image,MISSING_OR_BLANK,
Works Completed.csv,12098,Image,MISSING_OR_BLANK,
Works Completed.csv,12102,Image,MISSING_OR_BLANK,
Works Completed.csv,12124,Image,MISSING_OR_BLANK,
Works Completed.csv,12125,Image,MISSING_OR_BLANK,
Works Completed.csv,12126,Image,MISSING_OR_BLANK,
Works Completed.csv,12127,Image,MISSING_OR_BLANK,
Works Completed.csv,12129,Image,MISSING_OR_BLANK,
Works Completed.csv,12130,Image,MISSING_OR_BLANK,
Works Completed.csv,12132,Image,MISSING_OR_BLANK,
Works Completed.csv,12136,Image,MISSING_OR_BLANK,
Works Completed.csv,12137,Image,MISSING_OR_BLANK,
Works Completed.csv,12141,Image,MISSING_OR_BLANK,
Works Completed.csv,12144,Image,MISSING_OR_BLANK,
Works Completed.csv,12146,Image,MISSING_OR_BLANK,
Works Completed.csv,12150,Image,MISSING_OR_BLANK,
Works Completed.csv,12153,Image,MISSING_OR_BLANK,
Works Completed.csv,12160,Image,MISSING_OR_BLANK,
Works Completed.csv,12161,Image,MISSING_OR_BLANK,
Works Completed.csv,12166,Image,MISSING_OR_BLANK,
Works Completed.csv,12168,Image,MISSING_OR_BLANK,
Works Completed.csv,12176,Image,MISSING_OR_BLANK,
Works Completed.csv,12177,Image,MISSING_OR_BLANK,
Works Completed.csv,12178,Image,MISSING_OR_BLANK,
Works Completed.csv,12179,Image,MISSING_OR_BLANK,
Works Completed.csv,12180,Image,MISSING_OR_BLANK,
Works Completed.csv,12182,Image,MISSING_OR_BLANK,
Works Completed.csv,12183,Image,MISSING_OR_BLANK,
Works Completed.csv,12184,Image,MISSING_OR_BLANK,
Works Completed.csv,12185,Image,MISSING_OR_BLANK,
Works Completed.csv,12186,Image,MISSING_OR_BLANK,
Works Completed.csv,12212,Image,MISSING_OR_BLANK,
Works Completed.csv,12218,Image,MISSING_OR_BLANK,
Works Completed.csv,12219,Image,MISSING_OR_BLANK,
Works Completed.csv,12220,Image,MISSING_OR_BLANK,
Works Completed.csv,12221,Image,MISSING_OR_BLANK,
Works Completed.csv,12222,Image,MISSING_OR_BLANK,
Works Completed.csv,12223,Image,MISSING_OR_BLANK,
Works Completed.csv,12224,Image,MISSING_OR_BLANK,
Works Completed.csv,12225,Image,MISSING_OR_BLANK,
Works Completed.csv,12230,Image,MISSING_OR_BLANK,
Works Completed.csv,12249,Image,MISSING_OR_BLANK,
Works Completed.csv,12250,Image,MISSING_OR_BLANK,
Works Completed.csv,12268,Image,MISSING_OR_BLANK,
Works Completed.csv,12280,Image,MISSING_OR_BLANK,
Works Completed.csv,12285,Image,MISSING_OR_BLANK,
Works Completed.csv,12287,Image,MISSING_OR_BLANK,
Works Completed.csv,12288,Image,MISSING_OR_BLANK,
Works Completed.csv,12290,Image,MISSING_OR_BLANK,
Works Completed.csv,12294,Image,MISSING_OR_BLANK,
Works Completed.csv,12299,Image,MISSING_OR_BLANK,
Works Completed.csv,12303,Image,MISSING_OR_BLANK,
Works Completed.csv,12305,Image,MISSING_OR_BLANK,
Works Completed.csv,12306,Image,MISSING_OR_BLANK,
Works Completed.csv,12307,Image,MISSING_OR_BLANK,
Works Completed.csv,12308,Image,MISSING_OR_BLANK,
Works Completed.csv,12311,Image,MISSING_OR_BLANK,
Works Completed.csv,12312,Image,MISSING_OR_BLANK,
Works Completed.csv,12314,Image,MISSING_OR_BLANK,
Works Completed.csv,12316,Image,MISSING_OR_BLANK,
Works Completed.csv,12317,Image,MISSING_OR_BLANK,
Works Completed.csv,12320,Image,MISSING_OR_BLANK,
Works Completed.csv,12323,Image,MISSING_OR_BLANK,
Works Completed.csv,12328,Image,MISSING_OR_BLANK,
Works Completed.csv,12329,Image,MISSING_OR_BLANK,
Works Completed.csv,12330,Image,MISSING_OR_BLANK,
Works Completed.csv,12331,Image,MISSING_OR_BLANK,
Works Completed.csv,12332,Image,MISSING_OR_BLANK,
Works Completed.csv,12333,Image,MISSING_OR_BLANK,
Works Completed.csv,12334,Image,MISSING_OR_BLANK,
Works Completed.csv,12336,Image,MISSING_OR_BLANK,
Works Completed.csv,12337,Image,MISSING_OR_BLANK,
Works Completed.csv,12338,Image,MISSING_OR_BLANK,
Works Completed.csv,12339,Image,MISSING_OR_BLANK,
Works Completed.csv,12347,Image,MISSING_OR_BLANK,
Works Completed.csv,12354,Image,MISSING_OR_BLANK,
Works Completed.csv,12356,Image,MISSING_OR_BLANK,
Works Completed.csv,12358,Image,MISSING_OR_BLANK,
Works Completed.csv,12359,Image,MISSING_OR_BLANK,
Works Completed.csv,12360,Image,MISSING_OR_BLANK,
Works Completed.csv,12361,Image,MISSING_OR_BLANK,
Works Completed.csv,12363,Image,MISSING_OR_BLANK,
Works Completed.csv,12364,Image,MISSING_OR_BLANK,
Works Completed.csv,12365,Image,MISSING_OR_BLANK,
Works Completed.csv,12366,Image,MISSING_OR_BLANK,
Works Completed.csv,12376,Image,MISSING_OR_BLANK,
Works Completed.csv,12377,Image,MISSING_OR_BLANK,
Works Completed.csv,12388,Image,MISSING_OR_BLANK,
Works Completed.csv,12390,Image,MISSING_OR_BLANK,
Works Completed.csv,12391,Image,MISSING_OR_BLANK,
Works Completed.csv,12394,Image,MISSING_OR_BLANK,
Works Completed.csv,12395,Image,MISSING_OR_BLANK,
Works Completed.csv,12396,Image,MISSING_OR_BLANK,
Works Completed.csv,12398,Image,MISSING_OR_BLANK,
Works Completed.csv,12417,Image,MISSING_OR_BLANK,
Works Completed.csv,12424,Image,MISSING_OR_BLANK,
Works Completed.csv,12426,Image,MISSING_OR_BLANK,
Works Completed.csv,12460,Image,MISSING_OR_BLANK,
Works Completed.csv,12463,Image,MISSING_OR_BLANK,
Works Completed.csv,12546,Image,MISSING_OR_BLANK,
Works Completed.csv,12547,Image,MISSING_OR_BLANK,
Works Completed.csv,12549,Image,MISSING_OR_BLANK,
Works Completed.csv,12550,Image,MISSING_OR_BLANK,
Works Completed.csv,12551,Image,MISSING_OR_BLANK,
Works Completed.csv,12552,Image,MISSING_OR_BLANK,
Works Completed.csv,12558,Image,MISSING_OR_BLANK,
Works Completed.csv,12559,Image,MISSING_OR_BLANK,
Works Completed.csv,12560,Image,MISSING_OR_BLANK,
Works Completed.csv,12561,Image,MISSING_OR_BLANK,
Works Completed.csv,12562,Image,MISSING_OR_BLANK,
Works Completed.csv,12563,Image,MISSING_OR_BLANK,
Works Completed.csv,12564,Image,MISSING_OR_BLANK,
Works Completed.csv,12566,Image,MISSING_OR_BLANK,
Works Completed.csv,12567,Image,MISSING_OR_BLANK,
Works Completed.csv,12577,Image,MISSING_OR_BLANK,
Works Completed.csv,12583,Image,MISSING_OR_BLANK,
Works Completed.csv,12584,Image,MISSING_OR_BLANK,
Works Completed.csv,12585,Image,MISSING_OR_BLANK,
Works Completed.csv,12586,Image,MISSING_OR_BLANK,
Works Completed.csv,12587,Image,MISSING_OR_BLANK,
Works Completed.csv,12588,Image,MISSING_OR_BLANK,
Works Completed.csv,12589,Image,MISSING_OR_BLANK,
Works Completed.csv,12590,Image,MISSING_OR_BLANK,
Works Completed.csv,12591,Image,MISSING_OR_BLANK,
Works Completed.csv,12593,Image,MISSING_OR_BLANK,
Works Completed.csv,12595,Image,MISSING_OR_BLANK,
Works Completed.csv,12596,Image,MISSING_OR_BLANK,
Works Completed.csv,12598,Image,MISSING_OR_BLANK,
Works Completed.csv,12608,Image,MISSING_OR_BLANK,
Works Completed.csv,12613,Image,MISSING_OR_BLANK,
Works Completed.csv,12615,Image,MISSING_OR_BLANK,
Works Completed.csv,12617,Image,MISSING_OR_BLANK,
Works Completed.csv,12618,Image,MISSING_OR_BLANK,
Works Completed.csv,12619,Image,MISSING_OR_BLANK,
Works Completed.csv,12620,Image,MISSING_OR_BLANK,
Works Completed.csv,12621,Image,MISSING_OR_BLANK,
Works Completed.csv,12623,Image,MISSING_OR_BLANK,
Works Completed.csv,12625,Image,MISSING_OR_BLANK,
Works Completed.csv,12629,Image,MISSING_OR_BLANK,
Works Completed.csv,12630,Image,MISSING_OR_BLANK,
Works Completed.csv,12635,Image,MISSING_OR_BLANK,
Works Completed.csv,12636,Image,MISSING_OR_BLANK,
Works Completed.csv,12637,Image,MISSING_OR_BLANK,
Works Completed.csv,12638,Image,MISSING_OR_BLANK,
Works Completed.csv,12639,Image,MISSING_OR_BLANK,
Works Completed.csv,12640,Image,MISSING_OR_BLANK,
Works Completed.csv,12641,Image,MISSING_OR_BLANK,
Works Completed.csv,12642,Image,MISSING_OR_BLANK,
Works Completed.csv,12691,Image,MISSING_OR_BLANK,
Works Completed.csv,12693,Image,MISSING_OR_BLANK,
Works Completed.csv,12694,Image,MISSING_OR_BLANK,
Works Completed.csv,12696,Image,MISSING_OR_BLANK,
Works Completed.csv,12699,Image,MISSING_OR_BLANK,
Works Completed.csv,12701,Image,MISSING_OR_BLANK,
Works Completed.csv,12705,Image,MISSING_OR_BLANK,
Works Completed.csv,12706,Image,MISSING_OR_BLANK,
Works Completed.csv,12707,Image,MISSING_OR_BLANK,
Works Completed.csv,12708,Image,MISSING_OR_BLANK,
Works Completed.csv,12709,Image,MISSING_OR_BLANK,
Works Completed.csv,12710,Image,MISSING_OR_BLANK,
Works Completed.csv,12711,Image,MISSING_OR_BLANK,
Works Completed.csv,12712,Image,MISSING_OR_BLANK,
Works Completed.csv,12713,Image,MISSING_OR_BLANK,
Works Completed.csv,12716,Image,MISSING_OR_BLANK,
Works Completed.csv,12717,Image,MISSING_OR_BLANK,
Works Completed.csv,12718,Image,MISSING_OR_BLANK,
Works Completed.csv,12719,Image,MISSING_OR_BLANK,
Works Completed.csv,12727,Image,MISSING_OR_BLANK,
Works Completed.csv,12738,Image,MISSING_OR_BLANK,
Works Completed.csv,12743,Image,MISSING_OR_BLANK,
Works Completed.csv,12747,Image,MISSING_OR_BLANK,
Works Completed.csv,12750,Image,MISSING_OR_BLANK,
Works Completed.csv,12752,Image,MISSING_OR_BLANK,
Works Completed.csv,12753,Image,MISSING_OR_BLANK,
Works Completed.csv,12762,Image,MISSING_OR_BLANK,
Works Completed.csv,12764,Image,MISSING_OR_BLANK,
Works Completed.csv,12772,Image,MISSING_OR_BLANK,
Works Completed.csv,12778,Image,MISSING_OR_BLANK,
Works Completed.csv,12781,Image,MISSING_OR_BLANK,
Works Completed.csv,12783,Image,MISSING_OR_BLANK,
Works Completed.csv,12788,Image,MISSING_OR_BLANK,
Works Completed.csv,12790,Image,MISSING_OR_BLANK,
Works Completed.csv,12792,Image,MISSING_OR_BLANK,
Works Completed.csv,12793,Image,MISSING_OR_BLANK,
Works Completed.csv,12794,Image,MISSING_OR_BLANK,
Works Completed.csv,12796,Image,MISSING_OR_BLANK,
Works Completed.csv,12797,Image,MISSING_OR_BLANK,
Works Completed.csv,12798,Image,MISSING_OR_BLANK,
Works Completed.csv,12799,Image,MISSING_OR_BLANK,
Works Completed.csv,12802,Image,MISSING_OR_BLANK,
Works Completed.csv,12803,Image,MISSING_OR_BLANK,
Works Completed.csv,12806,Image,MISSING_OR_BLANK,
Works Completed.csv,12820,Image,MISSING_OR_BLANK,
Works Completed.csv,12824,Image,MISSING_OR_BLANK,
Works Completed.csv,12830,Image,MISSING_OR_BLANK,
Works Completed.csv,12832,Image,MISSING_OR_BLANK,
Works Completed.csv,12833,Image,MISSING_OR_BLANK,
Works Completed.csv,12880,Image,MISSING_OR_BLANK,
Works Completed.csv,12887,Image,MISSING_OR_BLANK,
Works Completed.csv,12899,Image,MISSING_OR_BLANK,
Works Completed.csv,12902,Image,MISSING_OR_BLANK,
Works Completed.csv,12916,Image,MISSING_OR_BLANK,
Works Completed.csv,12931,Image,MISSING_OR_BLANK,
Works Completed.csv,12932,Image,MISSING_OR_BLANK,
Works Completed.csv,12934,Image,MISSING_OR_BLANK,
Works Completed.csv,12935,Image,MISSING_OR_BLANK,
Works Completed.csv,12948,Image,MISSING_OR_BLANK,
Works Completed.csv,12952,Image,MISSING_OR_BLANK,
Works Completed.csv,12954,Image,MISSING_OR_BLANK,
Works Completed.csv,12956,Image,MISSING_OR_BLANK,
Works Completed.csv,12958,Image,MISSING_OR_BLANK,
Works Completed.csv,12960,Image,MISSING_OR_BLANK,
Works Completed.csv,12963,Image,MISSING_OR_BLANK,
Works Completed.csv,12965,Image,MISSING_OR_BLANK,
Works Completed.csv,12998,Image,MISSING_OR_BLANK,
Works Completed.csv,13004,Image,MISSING_OR_BLANK,
Works Completed.csv,13019,Image,MISSING_OR_BLANK,
Works Completed.csv,13024,Image,MISSING_OR_BLANK,
Works Completed.csv,13025,Image,MISSING_OR_BLANK,
Works Completed.csv,13026,Image,MISSING_OR_BLANK,
Works Completed.csv,13027,Image,MISSING_OR_BLANK,
Works Completed.csv,13028,Image,MISSING_OR_BLANK,
Works Completed.csv,13029,Image,MISSING_OR_BLANK,
Works Completed.csv,13030,Image,MISSING_OR_BLANK,
Works Completed.csv,13031,Image,MISSING_OR_BLANK,
Works Completed.csv,13032,Image,MISSING_OR_BLANK,
Works Completed.csv,13074,Image,MISSING_OR_BLANK,
Works Completed.csv,13084,Image,MISSING_OR_BLANK,
Works Completed.csv,13089,Image,MISSING_OR_BLANK,
Works Completed.csv,13090,Image,MISSING_OR_BLANK,
Works Completed.csv,13094,Image,MISSING_OR_BLANK,
Works Completed.csv,13105,Image,MISSING_OR_BLANK,
Works Completed.csv,13109,Image,MISSING_OR_BLANK,
Works Completed.csv,13120,Image,MISSING_OR_BLANK,
Works Completed.csv,13121,Image,MISSING_OR_BLANK,
Works Completed.csv,13137,Image,MISSING_OR_BLANK,
Works Completed.csv,13139,Image,MISSING_OR_BLANK,
Works Completed.csv,13142,Image,MISSING_OR_BLANK,
Works Completed.csv,13143,Image,MISSING_OR_BLANK,
Works Completed.csv,13146,Image,MISSING_OR_BLANK,
Works Completed.csv,13147,Image,MISSING_OR_BLANK,
Works Completed.csv,13149,Image,MISSING_OR_BLANK,
Works Completed.csv,13151,Image,MISSING_OR_BLANK,
Works Completed.csv,13154,Image,MISSING_OR_BLANK,
Works Completed.csv,13155,Image,MISSING_OR_BLANK,
Works Completed.csv,13156,Image,MISSING_OR_BLANK,
Works Completed.csv,13157,Image,MISSING_OR_BLANK,
Works Completed.csv,13163,Image,MISSING_OR_BLANK,
Works Completed.csv,13164,Image,MISSING_OR_BLANK,
Works Completed.csv,13165,Image,MISSING_OR_BLANK,
Works Completed.csv,13172,Image,MISSING_OR_BLANK,
Works Completed.csv,13176,Image,MISSING_OR_BLANK,
Works Completed.csv,13186,Image,MISSING_OR_BLANK,
Works Completed.csv,13199,Image,MISSING_OR_BLANK,
Works Completed.csv,13201,Image,MISSING_OR_BLANK,
Works Completed.csv,13202,Image,MISSING_OR_BLANK,
Works Completed.csv,13203,Image,MISSING_OR_BLANK,
Works Completed.csv,13204,Image,MISSING_OR_BLANK,
Works Completed.csv,13207,Image,MISSING_OR_BLANK,
Works Completed.csv,13209,Image,MISSING_OR_BLANK,
Works Completed.csv,13210,Image,MISSING_OR_BLANK,
Works Completed.csv,13228,Image,MISSING_OR_BLANK,
Works Completed.csv,13229,Image,MISSING_OR_BLANK,
Works Completed.csv,13230,Image,MISSING_OR_BLANK,
Works Completed.csv,13231,Image,MISSING_OR_BLANK,
Works Completed.csv,13232,Image,MISSING_OR_BLANK,
Works Completed.csv,13233,Image,MISSING_OR_BLANK,
Works Completed.csv,13251,Image,MISSING_OR_BLANK,
Works Completed.csv,13253,Image,MISSING_OR_BLANK,
Works Completed.csv,13254,Image,MISSING_OR_BLANK,
Works Completed.csv,13257,Image,MISSING_OR_BLANK,
Works Completed.csv,13258,Image,MISSING_OR_BLANK,
Works Completed.csv,13260,Image,MISSING_OR_BLANK,
Works Completed.csv,13263,Image,MISSING_OR_BLANK,
Works Completed.csv,13268,Image,MISSING_OR_BLANK,
Works Completed.csv,13270,Image,MISSING_OR_BLANK,
Works Completed.csv,13272,Image,MISSING_OR_BLANK,
Works Completed.csv,13273,Image,MISSING_OR_BLANK,
Works Completed.csv,13274,Image,MISSING_OR_BLANK,
Works Completed.csv,13275,Image,MISSING_OR_BLANK,
Works Completed.csv,13276,Image,MISSING_OR_BLANK,
Works Completed.csv,13278,Image,MISSING_OR_BLANK,
Works Completed.csv,13279,Image,MISSING_OR_BLANK,
Works Completed.csv,13280,Image,MISSING_OR_BLANK,
Works Completed.csv,13281,Image,MISSING_OR_BLANK,
Works Completed.csv,13282,Image,MISSING_OR_BLANK,
Works Completed.csv,13283,Image,MISSING_OR_BLANK,
Works Completed.csv,13301,Image,MISSING_OR_BLANK,
Works Completed.csv,13312,Image,MISSING_OR_BLANK,
Works Completed.csv,13316,Image,MISSING_OR_BLANK,
Works Completed.csv,13317,Image,MISSING_OR_BLANK,
Works Completed.csv,13320,Image,MISSING_OR_BLANK,
Works Completed.csv,13321,Image,MISSING_OR_BLANK,
Works Completed.csv,13325,Image,MISSING_OR_BLANK,
Works Completed.csv,13327,Image,MISSING_OR_BLANK,
Works Completed.csv,13328,Image,MISSING_OR_BLANK,
Works Completed.csv,13329,Image,MISSING_OR_BLANK,
Works Completed.csv,13330,Image,MISSING_OR_BLANK,
Works Completed.csv,13332,Image,MISSING_OR_BLANK,
Works Completed.csv,13333,Image,MISSING_OR_BLANK,
Works Completed.csv,13336,Image,MISSING_OR_BLANK,
Works Completed.csv,13338,Image,MISSING_OR_BLANK,
Works Completed.csv,13342,Image,MISSING_OR_BLANK,
Works Completed.csv,13343,Image,MISSING_OR_BLANK,
Works Completed.csv,13344,Image,MISSING_OR_BLANK,
Works Completed.csv,13347,Image,MISSING_OR_BLANK,
Works Completed.csv,13348,Image,MISSING_OR_BLANK,
Works Completed.csv,13349,Image,MISSING_OR_BLANK,
Works Completed.csv,13350,Image,MISSING_OR_BLANK,
Works Completed.csv,13351,Image,MISSING_OR_BLANK,
Works Completed.csv,13352,Image,MISSING_OR_BLANK,
Works Completed.csv,13353,Image,MISSING_OR_BLANK,
Works Completed.csv,13354,Image,MISSING_OR_BLANK,
Works Completed.csv,13355,Image,MISSING_OR_BLANK,
Works Completed.csv,13356,Image,MISSING_OR_BLANK,
Works Completed.csv,13357,Image,MISSING_OR_BLANK,
Works Completed.csv,13358,Image,MISSING_OR_BLANK,
Works Completed.csv,13359,Image,MISSING_OR_BLANK,
Works Completed.csv,13360,Image,MISSING_OR_BLANK,
Works Completed.csv,13361,Image,MISSING_OR_BLANK,
Works Completed.csv,13362,Image,MISSING_OR_BLANK,
Works Completed.csv,13363,Image,MISSING_OR_BLANK,
Works Completed.csv,13365,Image,MISSING_OR_BLANK,
Works Completed.csv,13367,Image,MISSING_OR_BLANK,
Works Completed.csv,13368,Image,MISSING_OR_BLANK,
Works Completed.csv,13369,Image,MISSING_OR_BLANK,
Works Completed.csv,13370,Image,MISSING_OR_BLANK,
Works Completed.csv,13371,Image,MISSING_OR_BLANK,
Works Completed.csv,13372,Image,MISSING_OR_BLANK,
Works Completed.csv,13373,Image,MISSING_OR_BLANK,
Works Completed.csv,13374,Image,MISSING_OR_BLANK,
Works Completed.csv,13375,Image,MISSING_OR_BLANK,
Works Completed.csv,13376,Image,MISSING_OR_BLANK,
Works Completed.csv,13377,Image,MISSING_OR_BLANK,
Works Completed.csv,13378,Image,MISSING_OR_BLANK,
Works Completed.csv,13379,Image,MISSING_OR_BLANK,
Works Completed.csv,13381,Image,MISSING_OR_BLANK,
Works Completed.csv,13382,Image,MISSING_OR_BLANK,
Works Completed.csv,13384,Image,MISSING_OR_BLANK,
Works Completed.csv,13385,Image,MISSING_OR_BLANK,
Works Completed.csv,13386,Image,MISSING_OR_BLANK,
Works Completed.csv,13387,Image,MISSING_OR_BLANK,
Works Completed.csv,13388,Image,MISSING_OR_BLANK,
Works Completed.csv,13389,Image,MISSING_OR_BLANK,
Works Completed.csv,13390,Image,MISSING_OR_BLANK,
Works Completed.csv,13391,Image,MISSING_OR_BLANK,
Works Completed.csv,13392,Image,MISSING_OR_BLANK,
Works Completed.csv,13393,Image,MISSING_OR_BLANK,
Works Completed.csv,13394,Image,MISSING_OR_BLANK,
Works Completed.csv,13396,Image,MISSING_OR_BLANK,
Works Completed.csv,13397,Image,MISSING_OR_BLANK,
Works Completed.csv,13398,Image,MISSING_OR_BLANK,
Works Completed.csv,13399,Image,MISSING_OR_BLANK,
Works Completed.csv,13400,Image,MISSING_OR_BLANK,
Works Completed.csv,13401,Image,MISSING_OR_BLANK,
Works Completed.csv,13402,Image,MISSING_OR_BLANK,
Works Completed.csv,13403,Image,MISSING_OR_BLANK,
Works Completed.csv,13408,Image,MISSING_OR_BLANK,
Works Completed.csv,13418,Image,MISSING_OR_BLANK,
Works Completed.csv,13428,Image,MISSING_OR_BLANK,
Works Completed.csv,13429,Image,MISSING_OR_BLANK,
Works Completed.csv,13430,Image,MISSING_OR_BLANK,
Works Completed.csv,13433,Image,MISSING_OR_BLANK,
Works Completed.csv,13436,Image,MISSING_OR_BLANK,
Works Completed.csv,13439,Image,MISSING_OR_BLANK,
Works Completed.csv,13444,Image,MISSING_OR_BLANK,
Works Completed.csv,13446,Image,MISSING_OR_BLANK,
Works Completed.csv,13448,Image,MISSING_OR_BLANK,
Works Completed.csv,13466,Image,MISSING_OR_BLANK,
Works Completed.csv,13472,Image,MISSING_OR_BLANK,
Works Completed.csv,13473,Image,MISSING_OR_BLANK,
Works Completed.csv,13474,Image,MISSING_OR_BLANK,
Works Completed.csv,13476,Image,MISSING_OR_BLANK,
Works Completed.csv,13477,Image,MISSING_OR_BLANK,
Works Completed.csv,13478,Image,MISSING_OR_BLANK,
Works Completed.csv,13479,Image,MISSING_OR_BLANK,
Works Completed.csv,13482,Image,MISSING_OR_BLANK,
Works Completed.csv,13495,Image,MISSING_OR_BLANK,
Works Completed.csv,13498,Image,MISSING_OR_BLANK,
Works Completed.csv,13513,Image,MISSING_OR_BLANK,
Works Completed.csv,13550,Image,MISSING_OR_BLANK,
Works Completed.csv,13552,Image,MISSING_OR_BLANK,
Works Completed.csv,13559,Image,MISSING_OR_BLANK,
Works Completed.csv,13571,Image,MISSING_OR_BLANK,
Works Completed.csv,13572,Image,MISSING_OR_BLANK,
Works Completed.csv,13573,Image,MISSING_OR_BLANK,
Works Completed.csv,13576,Image,MISSING_OR_BLANK,
Works Completed.csv,13577,Image,MISSING_OR_BLANK,
Works Completed.csv,13579,Image,MISSING_OR_BLANK,
Works Completed.csv,13581,Image,MISSING_OR_BLANK,
Works Completed.csv,13583,Image,MISSING_OR_BLANK,
Works Completed.csv,13584,Image,MISSING_OR_BLANK,
Works Completed.csv,13585,Image,MISSING_OR_BLANK,
Works Completed.csv,13588,Image,MISSING_OR_BLANK,
Works Completed.csv,13589,Image,MISSING_OR_BLANK,
Works Completed.csv,13590,Image,MISSING_OR_BLANK,
Works Completed.csv,13592,Image,MISSING_OR_BLANK,
Works Completed.csv,13593,Image,MISSING_OR_BLANK,
Works Completed.csv,13595,Image,MISSING_OR_BLANK,
Works Completed.csv,13597,Image,MISSING_OR_BLANK,
Works Completed.csv,13598,Image,MISSING_OR_BLANK,
Works Completed.csv,13600,Image,MISSING_OR_BLANK,
Works Completed.csv,13601,Image,MISSING_OR_BLANK,
Works Completed.csv,13602,Image,MISSING_OR_BLANK,
Works Completed.csv,13603,Image,MISSING_OR_BLANK,
Works Completed.csv,13605,Image,MISSING_OR_BLANK,
Works Completed.csv,13606,Image,MISSING_OR_BLANK,
Works Completed.csv,13607,Image,MISSING_OR_BLANK,
Works Completed.csv,13608,Image,MISSING_OR_BLANK,
Works Completed.csv,13610,Image,MISSING_OR_BLANK,
Works Completed.csv,13612,Image,MISSING_OR_BLANK,
Works Completed.csv,13614,Image,MISSING_OR_BLANK,
Works Completed.csv,13615,Image,MISSING_OR_BLANK,
Works Completed.csv,13616,Image,MISSING_OR_BLANK,
Works Completed.csv,13617,Image,MISSING_OR_BLANK,
Works Completed.csv,13619,Image,MISSING_OR_BLANK,
Works Completed.csv,13620,Image,MISSING_OR_BLANK,
Works Completed.csv,13621,Image,MISSING_OR_BLANK,
Works Completed.csv,13622,Image,MISSING_OR_BLANK,
Works Completed.csv,13624,Image,MISSING_OR_BLANK,
Works Completed.csv,13625,Image,MISSING_OR_BLANK,
Works Completed.csv,13626,Image,MISSING_OR_BLANK,
Works Completed.csv,13627,Image,MISSING_OR_BLANK,
Works Completed.csv,13628,Image,MISSING_OR_BLANK,
Works Completed.csv,13629,Image,MISSING_OR_BLANK,
Works Completed.csv,13630,Image,MISSING_OR_BLANK,
Works Completed.csv,13631,Image,MISSING_OR_BLANK,
Works Completed.csv,13636,Image,MISSING_OR_BLANK,
Works Completed.csv,13638,Image,MISSING_OR_BLANK,
Works Completed.csv,13640,Image,MISSING_OR_BLANK,
Works Completed.csv,13642,Image,MISSING_OR_BLANK,
Works Completed.csv,13648,Image,MISSING_OR_BLANK,
Works Completed.csv,13650,Image,MISSING_OR_BLANK,
Works Completed.csv,13654,Image,MISSING_OR_BLANK,
Works Completed.csv,13657,Image,MISSING_OR_BLANK,
Works Completed.csv,13659,Image,MISSING_OR_BLANK,
Works Completed.csv,13666,Image,MISSING_OR_BLANK,
Works Completed.csv,13668,Image,MISSING_OR_BLANK,
Works Completed.csv,13671,Image,MISSING_OR_BLANK,
Works Completed.csv,13672,Image,MISSING_OR_BLANK,
Works Completed.csv,13674,Image,MISSING_OR_BLANK,
Works Completed.csv,13677,Image,MISSING_OR_BLANK,
Works Completed.csv,13678,Image,MISSING_OR_BLANK,
Works Completed.csv,13681,Image,MISSING_OR_BLANK,
Works Completed.csv,13683,Image,MISSING_OR_BLANK,
Works Completed.csv,13742,Image,MISSING_OR_BLANK,
Works Completed.csv,13746,Image,MISSING_OR_BLANK,
Works Completed.csv,13776,Image,MISSING_OR_BLANK,
Works Completed.csv,13778,Image,MISSING_OR_BLANK,
Works Completed.csv,13779,Image,MISSING_OR_BLANK,
Works Completed.csv,13786,Image,MISSING_OR_BLANK,
Works Completed.csv,13787,Image,MISSING_OR_BLANK,
Works Completed.csv,13794,Image,MISSING_OR_BLANK,
Works Completed.csv,13802,Image,MISSING_OR_BLANK,
Works Completed.csv,13807,Image,MISSING_OR_BLANK,
Works Completed.csv,13816,Image,MISSING_OR_BLANK,
Works Completed.csv,13817,Image,MISSING_OR_BLANK,
Works Completed.csv,13820,Image,MISSING_OR_BLANK,
Works Completed.csv,13821,Image,MISSING_OR_BLANK,
Works Completed.csv,13823,Image,MISSING_OR_BLANK,
Works Completed.csv,13824,Image,MISSING_OR_BLANK,
Works Completed.csv,13825,Image,MISSING_OR_BLANK,
Works Completed.csv,13826,Image,MISSING_OR_BLANK,
Works Completed.csv,13827,Image,MISSING_OR_BLANK,
Works Completed.csv,13828,Image,MISSING_OR_BLANK,
Works Completed.csv,13829,Image,MISSING_OR_BLANK,
Works Completed.csv,13830,Image,MISSING_OR_BLANK,
Works Completed.csv,13831,Image,MISSING_OR_BLANK,
Works Completed.csv,13835,Image,MISSING_OR_BLANK,
Works Completed.csv,13836,Image,MISSING_OR_BLANK,
Works Completed.csv,13840,Image,MISSING_OR_BLANK,
Works Completed.csv,13842,Image,MISSING_OR_BLANK,
Works Completed.csv,13846,Image,MISSING_OR_BLANK,
Works Completed.csv,13848,Image,MISSING_OR_BLANK,
Works Completed.csv,13849,Image,MISSING_OR_BLANK,
Works Completed.csv,13850,Image,MISSING_OR_BLANK,
Works Completed.csv,13851,Image,MISSING_OR_BLANK,
Works Completed.csv,13852,Image,MISSING_OR_BLANK,
Works Completed.csv,13853,Image,MISSING_OR_BLANK,
Works Completed.csv,13854,Image,MISSING_OR_BLANK,
Works Completed.csv,13856,Image,MISSING_OR_BLANK,
Works Completed.csv,13864,Image,MISSING_OR_BLANK,
Works Completed.csv,13867,Image,MISSING_OR_BLANK,
Works Completed.csv,13868,Image,MISSING_OR_BLANK,
Works Completed.csv,13870,Image,MISSING_OR_BLANK,
Works Completed.csv,13872,Image,MISSING_OR_BLANK,
Works Completed.csv,13873,Image,MISSING_OR_BLANK,
Works Completed.csv,13874,Image,MISSING_OR_BLANK,
Works Completed.csv,13878,Image,MISSING_OR_BLANK,
Works Completed.csv,13881,Image,MISSING_OR_BLANK,
Works Completed.csv,13889,Image,MISSING_OR_BLANK,
Works Completed.csv,13904,Image,MISSING_OR_BLANK,
Works Completed.csv,13923,Image,MISSING_OR_BLANK,
Works Completed.csv,13928,Image,MISSING_OR_BLANK,
Works Completed.csv,13930,Image,MISSING_OR_BLANK,
Works Completed.csv,13954,Image,MISSING_OR_BLANK,
Works Completed.csv,13959,Image,MISSING_OR_BLANK,
Works Completed.csv,13963,Image,MISSING_OR_BLANK,
Works Completed.csv,13966,Image,MISSING_OR_BLANK,
Works Completed.csv,13967,Image,MISSING_OR_BLANK,
Works Completed.csv,13968,Image,MISSING_OR_BLANK,
Works Completed.csv,13970,Image,MISSING_OR_BLANK,
Works Completed.csv,13971,Image,MISSING_OR_BLANK,
Works Completed.csv,13973,Image,MISSING_OR_BLANK,
Works Completed.csv,13975,Image,MISSING_OR_BLANK,
Works Completed.csv,13976,Image,MISSING_OR_BLANK,
Works Completed.csv,13977,Image,MISSING_OR_BLANK,
Works Completed.csv,13978,Image,MISSING_OR_BLANK,
Works Completed.csv,13980,Image,MISSING_OR_BLANK,
Works Completed.csv,13981,Image,MISSING_OR_BLANK,
Works Completed.csv,13983,Image,MISSING_OR_BLANK,
Works Completed.csv,13985,Image,MISSING_OR_BLANK,
Works Completed.csv,13987,Image,MISSING_OR_BLANK,
Works Completed.csv,13988,Image,MISSING_OR_BLANK,
Works Completed.csv,13990,Image,MISSING_OR_BLANK,
Works Completed.csv,13993,Image,MISSING_OR_BLANK,
Works Completed.csv,13995,Image,MISSING_OR_BLANK,
Works Completed.csv,13996,Image,MISSING_OR_BLANK,
Works Completed.csv,13997,Image,MISSING_OR_BLANK,
Works Completed.csv,13998,Image,MISSING_OR_BLANK,
Works Completed.csv,14002,Image,MISSING_OR_BLANK,
Works Completed.csv,14003,Image,MISSING_OR_BLANK,
Works Completed.csv,14004,Image,MISSING_OR_BLANK,
Works Completed.csv,14005,Image,MISSING_OR_BLANK,
Works Completed.csv,14006,Image,MISSING_OR_BLANK,
Works Completed.csv,14007,Image,MISSING_OR_BLANK,
Works Completed.csv,14008,Image,MISSING_OR_BLANK,
Works Completed.csv,14010,Image,MISSING_OR_BLANK,
Works Completed.csv,14011,Image,MISSING_OR_BLANK,
Works Completed.csv,14012,Image,MISSING_OR_BLANK,
Works Completed.csv,14013,Image,MISSING_OR_BLANK,
Works Completed.csv,14014,Image,MISSING_OR_BLANK,
Works Completed.csv,14017,Image,MISSING_OR_BLANK,
Works Completed.csv,14020,Image,MISSING_OR_BLANK,
Works Completed.csv,14022,Image,MISSING_OR_BLANK,
Works Completed.csv,14023,Image,MISSING_OR_BLANK,
Works Completed.csv,14024,Image,MISSING_OR_BLANK,
Works Completed.csv,14025,Image,MISSING_OR_BLANK,
Works Completed.csv,14026,Image,MISSING_OR_BLANK,
Works Completed.csv,14027,Image,MISSING_OR_BLANK,
Works Completed.csv,14028,Image,MISSING_OR_BLANK,
Works Completed.csv,14029,Image,MISSING_OR_BLANK,
Works Completed.csv,14030,Image,MISSING_OR_BLANK,
Works Completed.csv,14032,Image,MISSING_OR_BLANK,
Works Completed.csv,14037,Image,MISSING_OR_BLANK,
Works Completed.csv,14041,Image,MISSING_OR_BLANK,
Works Completed.csv,14043,Image,MISSING_OR_BLANK,
Works Completed.csv,14045,Image,MISSING_OR_BLANK,
Works Completed.csv,14048,Image,MISSING_OR_BLANK,
Works Completed.csv,14049,Image,MISSING_OR_BLANK,
Works Completed.csv,14051,Image,MISSING_OR_BLANK,
Works Completed.csv,14052,Image,MISSING_OR_BLANK,
Works Completed.csv,14053,Image,MISSING_OR_BLANK,
Works Completed.csv,14056,Image,MISSING_OR_BLANK,
Works Completed.csv,14057,Image,MISSING_OR_BLANK,
Works Completed.csv,14058,Image,MISSING_OR_BLANK,
Works Completed.csv,14059,Image,MISSING_OR_BLANK,
Works Completed.csv,14065,Image,MISSING_OR_BLANK,
Works Completed.csv,14066,Image,MISSING_OR_BLANK,
Works Completed.csv,14071,Image,MISSING_OR_BLANK,
Works Completed.csv,14072,Image,MISSING_OR_BLANK,
Works Completed.csv,14073,Image,MISSING_OR_BLANK,
Works Completed.csv,14075,Image,MISSING_OR_BLANK,
Works Completed.csv,14080,Image,MISSING_OR_BLANK,
Works Completed.csv,14081,Image,MISSING_OR_BLANK,
Works Completed.csv,14089,Image,MISSING_OR_BLANK,
Works Completed.csv,14090,Image,MISSING_OR_BLANK,
Works Completed.csv,14091,Image,MISSING_OR_BLANK,
Works Completed.csv,14095,Image,MISSING_OR_BLANK,
Works Completed.csv,14096,Image,MISSING_OR_BLANK,
Works Completed.csv,14098,Image,MISSING_OR_BLANK,
Works Completed.csv,14101,Image,MISSING_OR_BLANK,
Works Completed.csv,14104,Image,MISSING_OR_BLANK,
Works Completed.csv,14106,Image,MISSING_OR_BLANK,
Works Completed.csv,14108,Image,MISSING_OR_BLANK,
Works Completed.csv,14109,Image,MISSING_OR_BLANK,
Works Completed.csv,14111,Image,MISSING_OR_BLANK,
Works Completed.csv,14112,Image,MISSING_OR_BLANK,
Works Completed.csv,14114,Image,MISSING_OR_BLANK,
Works Completed.csv,14116,Image,MISSING_OR_BLANK,
Works Completed.csv,14117,Image,MISSING_OR_BLANK,
Works Completed.csv,14118,Image,MISSING_OR_BLANK,
Works Completed.csv,14119,Image,MISSING_OR_BLANK,
Works Completed.csv,14120,Image,MISSING_OR_BLANK,
Works Completed.csv,14122,Image,MISSING_OR_BLANK,
Works Completed.csv,14123,Image,MISSING_OR_BLANK,
Works Completed.csv,14124,Image,MISSING_OR_BLANK,
Works Completed.csv,14125,Image,MISSING_OR_BLANK,
Works Completed.csv,14136,Image,MISSING_OR_BLANK,
Works Completed.csv,14147,Image,MISSING_OR_BLANK,
Works Completed.csv,14149,Image,MISSING_OR_BLANK,
Works Completed.csv,14152,Image,MISSING_OR_BLANK,
Works Completed.csv,14159,Image,MISSING_OR_BLANK,
Works Completed.csv,14183,Image,MISSING_OR_BLANK,
Works Completed.csv,14185,Image,MISSING_OR_BLANK,
Works Completed.csv,14192,Image,MISSING_OR_BLANK,
Works Completed.csv,14199,Image,MISSING_OR_BLANK,
Works Completed.csv,14203,Image,MISSING_OR_BLANK,
Works Completed.csv,14204,Image,MISSING_OR_BLANK,
Works Completed.csv,14205,Image,MISSING_OR_BLANK,
Works Completed.csv,14224,Image,MISSING_OR_BLANK,
Works Completed.csv,14233,Image,MISSING_OR_BLANK,
Works Completed.csv,14238,Image,MISSING_OR_BLANK,
Works Completed.csv,14278,Image,MISSING_OR_BLANK,
Works Completed.csv,14279,Image,MISSING_OR_BLANK,
Works Completed.csv,14292,Image,MISSING_OR_BLANK,
Works Completed.csv,14300,Image,MISSING_OR_BLANK,
Works Completed.csv,14323,Image,MISSING_OR_BLANK,
Works Completed.csv,14336,Image,MISSING_OR_BLANK,
Works Completed.csv,14337,Image,MISSING_OR_BLANK,
Works Completed.csv,14338,Image,MISSING_OR_BLANK,
Works Completed.csv,14339,Image,MISSING_OR_BLANK,
Works Completed.csv,14341,Image,MISSING_OR_BLANK,
Works Completed.csv,14357,Image,MISSING_OR_BLANK,
Works Completed.csv,14361,Image,MISSING_OR_BLANK,
Works Completed.csv,14362,Image,MISSING_OR_BLANK,
Works Completed.csv,14363,Image,MISSING_OR_BLANK,
Works Completed.csv,14366,Image,MISSING_OR_BLANK,
Works Completed.csv,14367,Image,MISSING_OR_BLANK,
Works Completed.csv,14398,Image,MISSING_OR_BLANK,
Works Completed.csv,14428,Image,MISSING_OR_BLANK,
Works Completed.csv,14429,Image,MISSING_OR_BLANK,
Works Completed.csv,14430,Image,MISSING_OR_BLANK,
Works Completed.csv,14431,Image,MISSING_OR_BLANK,
Works Completed.csv,14432,Image,MISSING_OR_BLANK,
Works Completed.csv,14436,Image,MISSING_OR_BLANK,
Works Completed.csv,14437,Image,MISSING_OR_BLANK,
Works Completed.csv,14438,Image,MISSING_OR_BLANK,
Works Completed.csv,14439,Image,MISSING_OR_BLANK,
Works Completed.csv,14440,Image,MISSING_OR_BLANK,
Works Completed.csv,14442,Image,MISSING_OR_BLANK,
Works Completed.csv,14444,Image,MISSING_OR_BLANK,
Works Completed.csv,14447,Image,MISSING_OR_BLANK,
Works Completed.csv,14505,Image,MISSING_OR_BLANK,
Works Completed.csv,14513,Image,MISSING_OR_BLANK,
Works Completed.csv,14516,Image,MISSING_OR_BLANK,
Works Completed.csv,14522,Image,MISSING_OR_BLANK,
Works Completed.csv,14526,Image,MISSING_OR_BLANK,
Works Completed.csv,14527,Image,MISSING_OR_BLANK,
Works Completed.csv,14531,Image,MISSING_OR_BLANK,
Works Completed.csv,14541,Image,MISSING_OR_BLANK,
Works Completed.csv,14548,Image,MISSING_OR_BLANK,
Works Completed.csv,14560,Image,MISSING_OR_BLANK,
Works Completed.csv,14563,Image,MISSING_OR_BLANK,
Works Completed.csv,14587,Image,MISSING_OR_BLANK,
Works Completed.csv,14590,Image,MISSING_OR_BLANK,
Works Completed.csv,14591,Image,MISSING_OR_BLANK,
Works Completed.csv,14592,Image,MISSING_OR_BLANK,
Works Completed.csv,14593,Image,MISSING_OR_BLANK,
Works Completed.csv,14595,Image,MISSING_OR_BLANK,
Works Completed.csv,14596,Image,MISSING_OR_BLANK,
Works Completed.csv,14600,Image,MISSING_OR_BLANK,
Works Completed.csv,14601,Image,MISSING_OR_BLANK,
Works Completed.csv,14602,Image,MISSING_OR_BLANK,
Works Completed.csv,14603,Image,MISSING_OR_BLANK,
Works Completed.csv,14604,Image,MISSING_OR_BLANK,
Works Completed.csv,14605,Image,MISSING_OR_BLANK,
Works Completed.csv,14606,Image,MISSING_OR_BLANK,
Works Completed.csv,14614,Image,MISSING_OR_BLANK,
Works Completed.csv,14615,Image,MISSING_OR_BLANK,
Works Completed.csv,14626,Image,MISSING_OR_BLANK,
Works Completed.csv,14628,Image,MISSING_OR_BLANK,
Works Completed.csv,14630,Image,MISSING_OR_BLANK,
Works Completed.csv,14632,Image,MISSING_OR_BLANK,
Works Completed.csv,14635,Image,MISSING_OR_BLANK,
Works Completed.csv,14657,Image,MISSING_OR_BLANK,
Works Completed.csv,14662,Image,MISSING_OR_BLANK,
Works Completed.csv,14678,Image,MISSING_OR_BLANK,
Works Completed.csv,14680,Image,MISSING_OR_BLANK,
Works Completed.csv,14681,Image,MISSING_OR_BLANK,
Works Completed.csv,14689,Image,MISSING_OR_BLANK,
Works Completed.csv,14710,Image,MISSING_OR_BLANK,
Works Completed.csv,14719,Image,MISSING_OR_BLANK,
Works Completed.csv,14720,Image,MISSING_OR_BLANK,
Works Completed.csv,14721,Image,MISSING_OR_BLANK,
Works Completed.csv,14722,Image,MISSING_OR_BLANK,
Works Completed.csv,14726,Image,MISSING_OR_BLANK,
Works Completed.csv,14731,Image,MISSING_OR_BLANK,
Works Completed.csv,14739,Image,MISSING_OR_BLANK,
Works Completed.csv,14741,Image,MISSING_OR_BLANK,
Works Completed.csv,14743,Image,MISSING_OR_BLANK,
Works Completed.csv,14744,Image,MISSING_OR_BLANK,
Works Completed.csv,14745,Image,MISSING_OR_BLANK,
Works Completed.csv,14746,Image,MISSING_OR_BLANK,
Works Completed.csv,14748,Image,MISSING_OR_BLANK,
Works Completed.csv,14749,Image,MISSING_OR_BLANK,
Works Completed.csv,14751,Image,MISSING_OR_BLANK,
Works Completed.csv,14754,Image,MISSING_OR_BLANK,
Works Completed.csv,14755,Image,MISSING_OR_BLANK,
Works Completed.csv,14758,Image,MISSING_OR_BLANK,
Works Completed.csv,14759,Image,MISSING_OR_BLANK,
Works Completed.csv,14760,Image,MISSING_OR_BLANK,
Works Completed.csv,14762,Image,MISSING_OR_BLANK,
Works Completed.csv,14763,Image,MISSING_OR_BLANK,
Works Completed.csv,14764,Image,MISSING_OR_BLANK,
Works Completed.csv,14765,Image,MISSING_OR_BLANK,
Works Completed.csv,14766,Image,MISSING_OR_BLANK,
Works Completed.csv,14767,Image,MISSING_OR_BLANK,
Works Completed.csv,14768,Image,MISSING_OR_BLANK,
Works Completed.csv,14769,Image,MISSING_OR_BLANK,
Works Completed.csv,14770,Image,MISSING_OR_BLANK,
Works Completed.csv,14772,Image,MISSING_OR_BLANK,
Works Completed.csv,14773,Image,MISSING_OR_BLANK,
Works Completed.csv,14774,Image,MISSING_OR_BLANK,
Works Completed.csv,14781,Image,MISSING_OR_BLANK,
Works Completed.csv,14796,Image,MISSING_OR_BLANK,
Works Completed.csv,14798,Image,MISSING_OR_BLANK,
Works Completed.csv,14799,Image,MISSING_OR_BLANK,
Works Completed.csv,14804,Image,MISSING_OR_BLANK,
Works Completed.csv,14808,Image,MISSING_OR_BLANK,
Works Completed.csv,14810,Image,MISSING_OR_BLANK,
Works Completed.csv,14813,Image,MISSING_OR_BLANK,
Works Completed.csv,14814,Image,MISSING_OR_BLANK,
Works Completed.csv,14815,Image,MISSING_OR_BLANK,
Works Completed.csv,14816,Image,MISSING_OR_BLANK,
Works Completed.csv,14820,Image,MISSING_OR_BLANK,
Works Completed.csv,14825,Image,MISSING_OR_BLANK,
Works Completed.csv,14834,Image,MISSING_OR_BLANK,
Works Completed.csv,14836,Image,MISSING_OR_BLANK,
Works Completed.csv,14838,Image,MISSING_OR_BLANK,
Works Completed.csv,14843,Image,MISSING_OR_BLANK,
Works Completed.csv,14852,Image,MISSING_OR_BLANK,
Works Completed.csv,14854,Image,MISSING_OR_BLANK,
Works Completed.csv,14857,Image,MISSING_OR_BLANK,
Works Completed.csv,14858,Image,MISSING_OR_BLANK,
Works Completed.csv,14866,Image,MISSING_OR_BLANK,
Works Completed.csv,14867,Image,MISSING_OR_BLANK,
Works Completed.csv,14882,Image,MISSING_OR_BLANK,
Works Completed.csv,14885,Image,MISSING_OR_BLANK,
Works Completed.csv,14886,Image,MISSING_OR_BLANK,
Works Completed.csv,14888,Image,MISSING_OR_BLANK,
Works Completed.csv,14895,Image,MISSING_OR_BLANK,
Works Completed.csv,14896,Image,MISSING_OR_BLANK,
Works Completed.csv,14906,Image,MISSING_OR_BLANK,
Works Completed.csv,14933,Image,MISSING_OR_BLANK,
Works Completed.csv,14936,Image,MISSING_OR_BLANK,
Works Completed.csv,14937,Image,MISSING_OR_BLANK,
Works Completed.csv,14939,Image,MISSING_OR_BLANK,
Works Completed.csv,14941,Image,MISSING_OR_BLANK,
Works Completed.csv,14945,Image,MISSING_OR_BLANK,
Works Completed.csv,14947,Image,MISSING_OR_BLANK,
Works Completed.csv,14949,Image,MISSING_OR_BLANK,
Works Completed.csv,14952,Image,MISSING_OR_BLANK,
Works Completed.csv,14953,Image,MISSING_OR_BLANK,
Works Completed.csv,14955,Image,MISSING_OR_BLANK,
Works Completed.csv,14958,Image,MISSING_OR_BLANK,
Works Completed.csv,14960,Image,MISSING_OR_BLANK,
Works Completed.csv,14968,Image,MISSING_OR_BLANK,
Works Completed.csv,14969,Image,MISSING_OR_BLANK,
Works Completed.csv,14970,Image,MISSING_OR_BLANK,
Works Completed.csv,14974,Image,MISSING_OR_BLANK,
Works Completed.csv,14975,Image,MISSING_OR_BLANK,
Works Completed.csv,14978,Image,MISSING_OR_BLANK,
Works Completed.csv,14981,Image,MISSING_OR_BLANK,
Works Completed.csv,14982,Image,MISSING_OR_BLANK,
Works Completed.csv,14983,Image,MISSING_OR_BLANK,
Works Completed.csv,14987,Image,MISSING_OR_BLANK,
Works Completed.csv,14991,Image,MISSING_OR_BLANK,
Works Completed.csv,14993,Image,MISSING_OR_BLANK,
Works Completed.csv,15029,Image,MISSING_OR_BLANK,
Works Completed.csv,15049,Image,MISSING_OR_BLANK,
Works Completed.csv,15079,Image,MISSING_OR_BLANK,
Works Completed.csv,15081,Image,MISSING_OR_BLANK,
Works Completed.csv,15083,Image,MISSING_OR_BLANK,
Works Completed.csv,15089,Image,MISSING_OR_BLANK,
Works Completed.csv,15095,Image,MISSING_OR_BLANK,
Works Completed.csv,15099,Image,MISSING_OR_BLANK,
Works Completed.csv,15102,Image,MISSING_OR_BLANK,
Works Completed.csv,15105,Image,MISSING_OR_BLANK,
Works Completed.csv,15107,Image,MISSING_OR_BLANK,
Works Completed.csv,15108,Image,MISSING_OR_BLANK,
Works Completed.csv,15140,Image,MISSING_OR_BLANK,
Works Completed.csv,15154,Image,MISSING_OR_BLANK,
Works Completed.csv,15155,Image,MISSING_OR_BLANK,
Works Completed.csv,15158,Image,MISSING_OR_BLANK,
Works Completed.csv,15160,Image,MISSING_OR_BLANK,
Works Completed.csv,15163,Image,MISSING_OR_BLANK,
Works Completed.csv,15165,Image,MISSING_OR_BLANK,
Works Completed.csv,15170,Image,MISSING_OR_BLANK,
Works Completed.csv,15181,Image,MISSING_OR_BLANK,
Works Completed.csv,15182,Image,MISSING_OR_BLANK,
Works Completed.csv,15184,Image,MISSING_OR_BLANK,
Works Completed.csv,15186,Image,MISSING_OR_BLANK,
Works Completed.csv,15188,Image,MISSING_OR_BLANK,
Works Completed.csv,15190,Image,MISSING_OR_BLANK,
Works Completed.csv,15191,Image,MISSING_OR_BLANK,
Works Completed.csv,15192,Image,MISSING_OR_BLANK,
Works Completed.csv,15195,Image,MISSING_OR_BLANK,
Works Completed.csv,15210,Image,MISSING_OR_BLANK,
Works Completed.csv,15213,Image,MISSING_OR_BLANK,
Works Completed.csv,15216,Image,MISSING_OR_BLANK,
Works Completed.csv,15219,Image,MISSING_OR_BLANK,
Works Completed.csv,15220,Image,MISSING_OR_BLANK,
Works Completed.csv,15222,Image,MISSING_OR_BLANK,
Works Completed.csv,15224,Image,MISSING_OR_BLANK,
Works Completed.csv,15233,Image,MISSING_OR_BLANK,
Works Completed.csv,15258,Image,MISSING_OR_BLANK,
Works Completed.csv,15260,Image,MISSING_OR_BLANK,
Works Completed.csv,15261,Image,MISSING_OR_BLANK,
Works Completed.csv,15263,Image,MISSING_OR_BLANK,
Works Completed.csv,15264,Image,MISSING_OR_BLANK,
Works Completed.csv,15265,Image,MISSING_OR_BLANK,
Works Completed.csv,15266,Image,MISSING_OR_BLANK,
Works Completed.csv,15267,Image,MISSING_OR_BLANK,
Works Completed.csv,15281,Image,MISSING_OR_BLANK,
Works Completed.csv,15288,Image,MISSING_OR_BLANK,
Works Completed.csv,15289,Image,MISSING_OR_BLANK,
Works Completed.csv,15290,Image,MISSING_OR_BLANK,
Works Completed.csv,15293,Image,MISSING_OR_BLANK,
Works Completed.csv,15296,Image,MISSING_OR_BLANK,
Works Completed.csv,15299,Image,MISSING_OR_BLANK,
Works Completed.csv,15304,Image,MISSING_OR_BLANK,
Works Completed.csv,15306,Image,MISSING_OR_BLANK,
Works Completed.csv,15328,Image,MISSING_OR_BLANK,
Works Completed.csv,15339,Image,MISSING_OR_BLANK,
Works Completed.csv,15350,Image,MISSING_OR_BLANK,
Works Completed.csv,15397,Image,MISSING_OR_BLANK,
Works Completed.csv,15411,Image,MISSING_OR_BLANK,
Works Completed.csv,15412,Image,MISSING_OR_BLANK,
Works Completed.csv,15413,Image,MISSING_OR_BLANK,
Works Completed.csv,15414,Image,MISSING_OR_BLANK,
Works Completed.csv,15417,Image,MISSING_OR_BLANK,
Works Completed.csv,15421,Image,MISSING_OR_BLANK,
Works Completed.csv,15423,Image,MISSING_OR_BLANK,
Works Completed.csv,15445,Image,MISSING_OR_BLANK,
Works Completed.csv,15447,Image,MISSING_OR_BLANK,
Works Completed.csv,15448,Image,MISSING_OR_BLANK,
Works Completed.csv,15449,Image,MISSING_OR_BLANK,
Works Completed.csv,15453,Image,MISSING_OR_BLANK,
Works Completed.csv,15455,Image,MISSING_OR_BLANK,
Works Completed.csv,15456,Image,MISSING_OR_BLANK,
Works Completed.csv,15457,Image,MISSING_OR_BLANK,
Works Completed.csv,15458,Image,MISSING_OR_BLANK,
Works Completed.csv,15459,Image,MISSING_OR_BLANK,
Works Completed.csv,15461,Image,MISSING_OR_BLANK,
Works Completed.csv,15464,Image,MISSING_OR_BLANK,
Works Completed.csv,15465,Image,MISSING_OR_BLANK,
Works Completed.csv,15466,Image,MISSING_OR_BLANK,
Works Completed.csv,15467,Image,MISSING_OR_BLANK,
Works Completed.csv,15468,Image,MISSING_OR_BLANK,
Works Completed.csv,15470,Image,MISSING_OR_BLANK,
Works Completed.csv,15471,Image,MISSING_OR_BLANK,
Works Completed.csv,15473,Image,MISSING_OR_BLANK,
Works Completed.csv,15474,Image,MISSING_OR_BLANK,
Works Completed.csv,15475,Image,MISSING_OR_BLANK,
Works Completed.csv,15476,Image,MISSING_OR_BLANK,
Works Completed.csv,15477,Image,MISSING_OR_BLANK,
Works Completed.csv,15478,Image,MISSING_OR_BLANK,
Works Completed.csv,15480,Image,MISSING_OR_BLANK,
Works Completed.csv,15481,Image,MISSING_OR_BLANK,
Works Completed.csv,15482,Image,MISSING_OR_BLANK,
Works Completed.csv,15485,Image,MISSING_OR_BLANK,
Works Completed.csv,15491,Image,MISSING_OR_BLANK,
Works Completed.csv,15493,Image,MISSING_OR_BLANK,
Works Completed.csv,15494,Image,MISSING_OR_BLANK,
Works Completed.csv,15496,Image,MISSING_OR_BLANK,
Works Completed.csv,15497,Image,MISSING_OR_BLANK,
Works Completed.csv,15498,Image,MISSING_OR_BLANK,
Works Completed.csv,15499,Image,MISSING_OR_BLANK,
Works Completed.csv,15514,Image,MISSING_OR_BLANK,
Works Completed.csv,15526,Image,MISSING_OR_BLANK,
Works Completed.csv,15527,Image,MISSING_OR_BLANK,
Works Completed.csv,15537,Image,MISSING_OR_BLANK,
Works Completed.csv,15538,Image,MISSING_OR_BLANK,
Works Completed.csv,15561,Image,MISSING_OR_BLANK,
Works Completed.csv,15563,Image,MISSING_OR_BLANK,
Works Completed.csv,15564,Image,MISSING_OR_BLANK,
Works Completed.csv,15594,Image,MISSING_OR_BLANK,
Works Completed.csv,15595,Image,MISSING_OR_BLANK,
Works Completed.csv,15596,Image,MISSING_OR_BLANK,
Works Completed.csv,15601,Image,MISSING_OR_BLANK,
Works Completed.csv,15615,Image,MISSING_OR_BLANK,
Works Completed.csv,15617,Image,MISSING_OR_BLANK,
Works Completed.csv,15618,Image,MISSING_OR_BLANK,
Works Completed.csv,15619,Image,MISSING_OR_BLANK,
Works Completed.csv,15620,Image,MISSING_OR_BLANK,
Works Completed.csv,15621,Image,MISSING_OR_BLANK,
Works Completed.csv,15622,Image,MISSING_OR_BLANK,
Works Completed.csv,15624,Image,MISSING_OR_BLANK,
Works Completed.csv,15626,Image,MISSING_OR_BLANK,
Works Completed.csv,15627,Image,MISSING_OR_BLANK,
Works Completed.csv,15628,Image,MISSING_OR_BLANK,
Works Completed.csv,15629,Image,MISSING_OR_BLANK,
Works Completed.csv,15630,Image,MISSING_OR_BLANK,
Works Completed.csv,15631,Image,MISSING_OR_BLANK,
Works Completed.csv,15632,Image,MISSING_OR_BLANK,
Works Completed.csv,15633,Image,MISSING_OR_BLANK,
Works Completed.csv,15634,Image,MISSING_OR_BLANK,
Works Completed.csv,15635,Image,MISSING_OR_BLANK,
Works Completed.csv,15636,Image,MISSING_OR_BLANK,
Works Completed.csv,15637,Image,MISSING_OR_BLANK,
Works Completed.csv,15638,Image,MISSING_OR_BLANK,
Works Completed.csv,15639,Image,MISSING_OR_BLANK,
Works Completed.csv,15640,Image,MISSING_OR_BLANK,
Works Completed.csv,15646,Image,MISSING_OR_BLANK,
Works Completed.csv,15662,Image,MISSING_OR_BLANK,
Works Completed.csv,15677,Image,MISSING_OR_BLANK,
Works Completed.csv,15679,Image,MISSING_OR_BLANK,
Works Completed.csv,15682,Image,MISSING_OR_BLANK,
Works Completed.csv,15683,Image,MISSING_OR_BLANK,
Works Completed.csv,15684,Image,MISSING_OR_BLANK,
Works Completed.csv,15690,Image,MISSING_OR_BLANK,
Works Completed.csv,15692,Image,MISSING_OR_BLANK,
Works Completed.csv,15693,Image,MISSING_OR_BLANK,
Works Completed.csv,15695,Image,MISSING_OR_BLANK,
Works Completed.csv,15696,Image,MISSING_OR_BLANK,
Works Completed.csv,15699,Image,MISSING_OR_BLANK,
Works Completed.csv,15701,Image,MISSING_OR_BLANK,
Works Completed.csv,15703,Image,MISSING_OR_BLANK,
Works Completed.csv,15711,Image,MISSING_OR_BLANK,
Works Completed.csv,15712,Image,MISSING_OR_BLANK,
Works Completed.csv,15713,Image,MISSING_OR_BLANK,
Works Completed.csv,15714,Image,MISSING_OR_BLANK,
Works Completed.csv,15715,Image,MISSING_OR_BLANK,
Works Completed.csv,15716,Image,MISSING_OR_BLANK,
Works Completed.csv,15717,Image,MISSING_OR_BLANK,
Works Completed.csv,15718,Image,MISSING_OR_BLANK,
Works Completed.csv,15719,Image,MISSING_OR_BLANK,
Works Completed.csv,15720,Image,MISSING_OR_BLANK,
Works Completed.csv,15721,Image,MISSING_OR_BLANK,
Works Completed.csv,15722,Image,MISSING_OR_BLANK,
Works Completed.csv,15723,Image,MISSING_OR_BLANK,
Works Completed.csv,15724,Image,MISSING_OR_BLANK,
Works Completed.csv,15725,Image,MISSING_OR_BLANK,
Works Completed.csv,15726,Image,MISSING_OR_BLANK,
Works Completed.csv,15728,Image,MISSING_OR_BLANK,
Works Completed.csv,15732,Image,MISSING_OR_BLANK,
Works Completed.csv,15737,Image,MISSING_OR_BLANK,
Works Completed.csv,15744,Image,MISSING_OR_BLANK,
Works Completed.csv,15745,Image,MISSING_OR_BLANK,
Works Completed.csv,15749,Image,MISSING_OR_BLANK,
Works Completed.csv,15750,Image,MISSING_OR_BLANK,
Works Completed.csv,15753,Image,MISSING_OR_BLANK,
Works Completed.csv,15757,Image,MISSING_OR_BLANK,
Works Completed.csv,15759,Image,MISSING_OR_BLANK,
Works Completed.csv,15760,Image,MISSING_OR_BLANK,
Works Completed.csv,15762,Image,MISSING_OR_BLANK,
Works Completed.csv,15765,Image,MISSING_OR_BLANK,
Works Completed.csv,15767,Image,MISSING_OR_BLANK,
Works Completed.csv,15774,Image,MISSING_OR_BLANK,
Works Completed.csv,15777,Image,MISSING_OR_BLANK,
Works Completed.csv,15779,Image,MISSING_OR_BLANK,
Works Completed.csv,15780,Image,MISSING_OR_BLANK,
Works Completed.csv,15789,Image,MISSING_OR_BLANK,
Works Completed.csv,15790,Image,MISSING_OR_BLANK,
Works Completed.csv,15791,Image,MISSING_OR_BLANK,
Works Completed.csv,15795,Image,MISSING_OR_BLANK,
Works Completed.csv,15806,Image,MISSING_OR_BLANK,
Works Completed.csv,15808,Image,MISSING_OR_BLANK,
Works Completed.csv,15810,Image,MISSING_OR_BLANK,
Works Completed.csv,15811,Image,MISSING_OR_BLANK,
Works Completed.csv,15812,Image,MISSING_OR_BLANK,
Works Completed.csv,15813,Image,MISSING_OR_BLANK,
Works Completed.csv,15817,Image,MISSING_OR_BLANK,
Works Completed.csv,15824,Image,MISSING_OR_BLANK,
Works Completed.csv,15830,Image,MISSING_OR_BLANK,
Works Completed.csv,15831,Image,MISSING_OR_BLANK,
Works Completed.csv,15832,Image,MISSING_OR_BLANK,
Works Completed.csv,15833,Image,MISSING_OR_BLANK,
Works Completed.csv,15834,Image,MISSING_OR_BLANK,
Works Completed.csv,15836,Image,MISSING_OR_BLANK,
Works Completed.csv,15837,Image,MISSING_OR_BLANK,
Works Completed.csv,15838,Image,MISSING_OR_BLANK,
Works Completed.csv,15839,Image,MISSING_OR_BLANK,
Works Completed.csv,15840,Image,MISSING_OR_BLANK,
Works Completed.csv,15841,Image,MISSING_OR_BLANK,
Works Completed.csv,15856,Image,MISSING_OR_BLANK,
Works Completed.csv,15857,Image,MISSING_OR_BLANK,
Works Completed.csv,15863,Image,MISSING_OR_BLANK,
Works Completed.csv,15866,Image,MISSING_OR_BLANK,
Works Completed.csv,15867,Image,MISSING_OR_BLANK,
Works Completed.csv,15869,Image,MISSING_OR_BLANK,
Works Completed.csv,15871,Image,MISSING_OR_BLANK,
Works Completed.csv,15872,Image,MISSING_OR_BLANK,
Works Completed.csv,15883,Image,MISSING_OR_BLANK,
Works Completed.csv,15885,Image,MISSING_OR_BLANK,
Works Completed.csv,15886,Image,MISSING_OR_BLANK,
Works Completed.csv,15887,Image,MISSING_OR_BLANK,
Works Completed.csv,15889,Image,MISSING_OR_BLANK,
Works Completed.csv,15891,Image,MISSING_OR_BLANK,
Works Completed.csv,15907,Image,MISSING_OR_BLANK,
Works Completed.csv,15929,Image,MISSING_OR_BLANK,
Works Completed.csv,15933,Image,MISSING_OR_BLANK,
Works Completed.csv,15940,Image,MISSING_OR_BLANK,
Works Completed.csv,15942,Image,MISSING_OR_BLANK,
Works Completed.csv,15943,Image,MISSING_OR_BLANK,
Works Completed.csv,15944,Image,MISSING_OR_BLANK,
Works Completed.csv,15945,Image,MISSING_OR_BLANK,
Works Completed.csv,15949,Image,MISSING_OR_BLANK,
Works Completed.csv,15951,Image,MISSING_OR_BLANK,
Works Completed.csv,15952,Image,MISSING_OR_BLANK,
Works Completed.csv,15953,Image,MISSING_OR_BLANK,
Works Completed.csv,15961,Image,MISSING_OR_BLANK,
Works Completed.csv,15963,Image,MISSING_OR_BLANK,
Works Completed.csv,15966,Image,MISSING_OR_BLANK,
Works Completed.csv,15970,Image,MISSING_OR_BLANK,
Works Completed.csv,15973,Image,MISSING_OR_BLANK,
Works Completed.csv,15974,Image,MISSING_OR_BLANK,
Works Completed.csv,15975,Image,MISSING_OR_BLANK,
Works Completed.csv,15976,Image,MISSING_OR_BLANK,
Works Completed.csv,15977,Image,MISSING_OR_BLANK,
Works Completed.csv,15978,Image,MISSING_OR_BLANK,
Works Completed.csv,15979,Image,MISSING_OR_BLANK,
Works Completed.csv,15980,Image,MISSING_OR_BLANK,
Works Completed.csv,15981,Image,MISSING_OR_BLANK,
Works Completed.csv,15982,Image,MISSING_OR_BLANK,
Works Completed.csv,15983,Image,MISSING_OR_BLANK,
Works Completed.csv,15985,Image,MISSING_OR_BLANK,
Works Completed.csv,15986,Image,MISSING_OR_BLANK,
Works Completed.csv,15988,Image,MISSING_OR_BLANK,
Works Completed.csv,15989,Image,MISSING_OR_BLANK,
Works Completed.csv,15992,Image,MISSING_OR_BLANK,
Works Completed.csv,15996,Image,MISSING_OR_BLANK,
Works Completed.csv,15997,Image,MISSING_OR_BLANK,
Works Completed.csv,15998,Image,MISSING_OR_BLANK,
Works Completed.csv,15999,Image,MISSING_OR_BLANK,
Works Completed.csv,16000,Image,MISSING_OR_BLANK,
Works Completed.csv,16001,Image,MISSING_OR_BLANK,
Works Completed.csv,16002,Image,MISSING_OR_BLANK,
Works Completed.csv,16007,Image,MISSING_OR_BLANK,
Works Completed.csv,16009,Image,MISSING_OR_BLANK,
Works Completed.csv,16010,Image,MISSING_OR_BLANK,
Works Completed.csv,16011,Image,MISSING_OR_BLANK,
Works Completed.csv,16013,Image,MISSING_OR_BLANK,
Works Completed.csv,16017,Image,MISSING_OR_BLANK,
Works Completed.csv,16050,Image,MISSING_OR_BLANK,
Works Completed.csv,16051,Image,MISSING_OR_BLANK,
Works Completed.csv,16052,Image,MISSING_OR_BLANK,
Works Completed.csv,16053,Image,MISSING_OR_BLANK,
Works Completed.csv,16054,Image,MISSING_OR_BLANK,
Works Completed.csv,16055,Image,MISSING_OR_BLANK,
Works Completed.csv,16057,Image,MISSING_OR_BLANK,
Works Completed.csv,16059,Image,MISSING_OR_BLANK,
Works Completed.csv,16061,Image,MISSING_OR_BLANK,
Works Completed.csv,16065,Image,MISSING_OR_BLANK,
Works Completed.csv,16068,Image,MISSING_OR_BLANK,
Works Completed.csv,16076,Image,MISSING_OR_BLANK,
Works Completed.csv,16078,Image,MISSING_OR_BLANK,
Works Completed.csv,16079,Image,MISSING_OR_BLANK,
Works Completed.csv,16080,Image,MISSING_OR_BLANK,
Works Completed.csv,16081,Image,MISSING_OR_BLANK,
Works Completed.csv,16082,Image,MISSING_OR_BLANK,
Works Completed.csv,16084,Image,MISSING_OR_BLANK,
Works Completed.csv,16085,Image,MISSING_OR_BLANK,
Works Completed.csv,16087,Image,MISSING_OR_BLANK,
Works Completed.csv,16089,Image,MISSING_OR_BLANK,
Works Completed.csv,16091,Image,MISSING_OR_BLANK,
Works Completed.csv,16092,Image,MISSING_OR_BLANK,
Works Completed.csv,16094,Image,MISSING_OR_BLANK,
Works Completed.csv,16107,Image,MISSING_OR_BLANK,
Works Completed.csv,16110,Image,MISSING_OR_BLANK,
Works Completed.csv,16115,Image,MISSING_OR_BLANK,
Works Completed.csv,16117,Image,MISSING_OR_BLANK,
Works Completed.csv,16118,Image,MISSING_OR_BLANK,
Works Completed.csv,16119,Image,MISSING_OR_BLANK,
Works Completed.csv,16120,Image,MISSING_OR_BLANK,
Works Completed.csv,16121,Image,MISSING_OR_BLANK,
Works Completed.csv,16124,Image,MISSING_OR_BLANK,
Works Completed.csv,16125,Image,MISSING_OR_BLANK,
Works Completed.csv,16126,Image,MISSING_OR_BLANK,
Works Completed.csv,16127,Image,MISSING_OR_BLANK,
Works Completed.csv,16128,Image,MISSING_OR_BLANK,
Works Completed.csv,16129,Image,MISSING_OR_BLANK,
Works Completed.csv,16130,Image,MISSING_OR_BLANK,
Works Completed.csv,16131,Image,MISSING_OR_BLANK,
Works Completed.csv,16132,Image,MISSING_OR_BLANK,
Works Completed.csv,16133,Image,MISSING_OR_BLANK,
Works Completed.csv,16134,Image,MISSING_OR_BLANK,
Works Completed.csv,16135,Image,MISSING_OR_BLANK,
Works Completed.csv,16136,Image,MISSING_OR_BLANK,
Works Completed.csv,16137,Image,MISSING_OR_BLANK,
Works Completed.csv,16138,Image,MISSING_OR_BLANK,
Works Completed.csv,16139,Image,MISSING_OR_BLANK,
Works Completed.csv,16146,Image,MISSING_OR_BLANK,
Works Completed.csv,16147,Image,MISSING_OR_BLANK,
Works Completed.csv,16148,Image,MISSING_OR_BLANK,
Works Completed.csv,16149,Image,MISSING_OR_BLANK,
Works Completed.csv,16150,Image,MISSING_OR_BLANK,
Works Completed.csv,16151,Image,MISSING_OR_BLANK,
Works Completed.csv,16165,Image,MISSING_OR_BLANK,
Works Completed.csv,16170,Image,MISSING_OR_BLANK,
Works Completed.csv,16175,Image,MISSING_OR_BLANK,
Works Completed.csv,16177,Image,MISSING_OR_BLANK,
Works Completed.csv,16178,Image,MISSING_OR_BLANK,
Works Completed.csv,16181,Image,MISSING_OR_BLANK,
Works Completed.csv,16183,Image,MISSING_OR_BLANK,
Works Completed.csv,16186,Image,MISSING_OR_BLANK,
Works Completed.csv,16191,Image,MISSING_OR_BLANK,
Works Completed.csv,16197,Image,MISSING_OR_BLANK,
Works Completed.csv,16200,Image,MISSING_OR_BLANK,
Works Completed.csv,16222,Image,MISSING_OR_BLANK,
Works Completed.csv,16223,Image,MISSING_OR_BLANK,
Works Completed.csv,16227,Image,MISSING_OR_BLANK,
Works Completed.csv,16237,Image,MISSING_OR_BLANK,
Works Completed.csv,16240,Image,MISSING_OR_BLANK,
Works Completed.csv,16241,Image,MISSING_OR_BLANK,
Works Completed.csv,16242,Image,MISSING_OR_BLANK,
Works Completed.csv,16243,Image,MISSING_OR_BLANK,
Works Completed.csv,16244,Image,MISSING_OR_BLANK,
Works Completed.csv,16245,Image,MISSING_OR_BLANK,
Works Completed.csv,16247,Image,MISSING_OR_BLANK,
Works Completed.csv,16249,Image,MISSING_OR_BLANK,
Works Completed.csv,16293,Image,MISSING_OR_BLANK,
Works Completed.csv,16294,Image,MISSING_OR_BLANK,
Works Completed.csv,16295,Image,MISSING_OR_BLANK,
Works Completed.csv,16297,Image,MISSING_OR_BLANK,
Works Completed.csv,16298,Image,MISSING_OR_BLANK,
Works Completed.csv,16299,Image,MISSING_OR_BLANK,
Works Completed.csv,16300,Image,MISSING_OR_BLANK,
Works Completed.csv,16301,Image,MISSING_OR_BLANK,
Works Completed.csv,16302,Image,MISSING_OR_BLANK,
Works Completed.csv,16304,Image,MISSING_OR_BLANK,
Works Completed.csv,16305,Image,MISSING_OR_BLANK,
Works Completed.csv,16307,Image,MISSING_OR_BLANK,
Works Completed.csv,16309,Image,MISSING_OR_BLANK,
Works Completed.csv,16325,Image,MISSING_OR_BLANK,
Works Completed.csv,16327,Image,MISSING_OR_BLANK,
Works Completed.csv,16330,Image,MISSING_OR_BLANK,
Works Completed.csv,16334,Image,MISSING_OR_BLANK,
Works Completed.csv,16337,Image,MISSING_OR_BLANK,
Works Completed.csv,16348,Image,MISSING_OR_BLANK,
Works Completed.csv,16350,Image,MISSING_OR_BLANK,
Works Completed.csv,16353,Image,MISSING_OR_BLANK,
Works Completed.csv,16357,Image,MISSING_OR_BLANK,
Works Completed.csv,16360,Image,MISSING_OR_BLANK,
Works Completed.csv,16361,Image,MISSING_OR_BLANK,
Works Completed.csv,16378,Image,MISSING_OR_BLANK,
Works Completed.csv,16381,Image,MISSING_OR_BLANK,
Works Completed.csv,16412,Image,MISSING_OR_BLANK,
Works Completed.csv,16413,Image,MISSING_OR_BLANK,
Works Completed.csv,16414,Image,MISSING_OR_BLANK,
Works Completed.csv,16415,Image,MISSING_OR_BLANK,
Works Completed.csv,16417,Image,MISSING_OR_BLANK,
Works Completed.csv,16419,Image,MISSING_OR_BLANK,
Works Completed.csv,16422,Image,MISSING_OR_BLANK,
Works Completed.csv,16423,Image,MISSING_OR_BLANK,
Works Completed.csv,16424,Image,MISSING_OR_BLANK,
Works Completed.csv,16426,Image,MISSING_OR_BLANK,
Works Completed.csv,16427,Image,MISSING_OR_BLANK,
Works Completed.csv,16429,Image,MISSING_OR_BLANK,
Works Completed.csv,16431,Image,MISSING_OR_BLANK,
Works Completed.csv,16434,Image,MISSING_OR_BLANK,
Works Completed.csv,16452,Image,MISSING_OR_BLANK,
Works Completed.csv,16465,Image,MISSING_OR_BLANK,
Works Completed.csv,16482,Image,MISSING_OR_BLANK,
Works Completed.csv,16486,Image,MISSING_OR_BLANK,
Works Completed.csv,16489,Image,MISSING_OR_BLANK,
Works Completed.csv,16490,Image,MISSING_OR_BLANK,
Works Completed.csv,16492,Image,MISSING_OR_BLANK,
Works Completed.csv,16493,Image,MISSING_OR_BLANK,
Works Completed.csv,16496,Image,MISSING_OR_BLANK,
Works Completed.csv,16497,Image,MISSING_OR_BLANK,
Works Completed.csv,16499,Image,MISSING_OR_BLANK,
Works Completed.csv,16502,Image,MISSING_OR_BLANK,
Works Completed.csv,16503,Image,MISSING_OR_BLANK,
Works Completed.csv,16504,Image,MISSING_OR_BLANK,
Works Completed.csv,16506,Image,MISSING_OR_BLANK,
Works Completed.csv,16509,Image,MISSING_OR_BLANK,
Works Completed.csv,16514,Image,MISSING_OR_BLANK,
Works Completed.csv,16520,Image,MISSING_OR_BLANK,
Works Completed.csv,16529,Image,MISSING_OR_BLANK,
Works Completed.csv,16530,Image,MISSING_OR_BLANK,
Works Completed.csv,16549,Image,MISSING_OR_BLANK,
Works Completed.csv,16550,Image,MISSING_OR_BLANK,
Works Completed.csv,16553,Image,MISSING_OR_BLANK,
Works Completed.csv,16554,Image,MISSING_OR_BLANK,
Works Completed.csv,16555,Image,MISSING_OR_BLANK,
Works Completed.csv,16556,Image,MISSING_OR_BLANK,
Works Completed.csv,16557,Image,MISSING_OR_BLANK,
Works Completed.csv,16558,Image,MISSING_OR_BLANK,
Works Completed.csv,16559,Image,MISSING_OR_BLANK,
Works Completed.csv,16560,Image,MISSING_OR_BLANK,
Works Completed.csv,16561,Image,MISSING_OR_BLANK,
Works Completed.csv,16565,Image,MISSING_OR_BLANK,
Works Completed.csv,16569,Image,MISSING_OR_BLANK,
Works Completed.csv,16580,Image,MISSING_OR_BLANK,
Works Completed.csv,16588,Image,MISSING_OR_BLANK,
Works Completed.csv,16607,Image,MISSING_OR_BLANK,
Works Completed.csv,16617,Image,MISSING_OR_BLANK,
Works Completed.csv,16619,Image,MISSING_OR_BLANK,
Works Completed.csv,16621,Image,MISSING_OR_BLANK,
Works Completed.csv,16623,Image,MISSING_OR_BLANK,
Works Completed.csv,16648,Image,MISSING_OR_BLANK,
Works Completed.csv,16655,Image,MISSING_OR_BLANK,
Works Completed.csv,16660,Image,MISSING_OR_BLANK,
Works Completed.csv,16676,Image,MISSING_OR_BLANK,
Works Completed.csv,16678,Image,MISSING_OR_BLANK,
Works Completed.csv,16680,Image,MISSING_OR_BLANK,
Works Completed.csv,16687,Image,MISSING_OR_BLANK,
Works Completed.csv,16689,Image,MISSING_OR_BLANK,
Works Completed.csv,16691,Image,MISSING_OR_BLANK,
Works Completed.csv,16692,Image,MISSING_OR_BLANK,
Works Completed.csv,16694,Image,MISSING_OR_BLANK,
Works Completed.csv,16713,Image,MISSING_OR_BLANK,
Works Completed.csv,16715,Image,MISSING_OR_BLANK,
Works Completed.csv,16726,Image,MISSING_OR_BLANK,
Works Completed.csv,16774,Image,MISSING_OR_BLANK,
Works Completed.csv,16795,Image,MISSING_OR_BLANK,
Works Completed.csv,16806,Image,MISSING_OR_BLANK,
Works Completed.csv,16819,Image,MISSING_OR_BLANK,
Works Completed.csv,16824,Image,MISSING_OR_BLANK,
Works Completed.csv,16837,Image,MISSING_OR_BLANK,
Works Completed.csv,17128,Image,MISSING_OR_BLANK,
Works Completed.csv,17129,Image,MISSING_OR_BLANK,
Works Completed.csv,17132,Image,MISSING_OR_BLANK,
Works Completed.csv,17134,Image,MISSING_OR_BLANK,
Works Completed.csv,17139,Image,MISSING_OR_BLANK,
Works Completed.csv,17159,Image,MISSING_OR_BLANK,
Works Completed.csv,17161,Image,MISSING_OR_BLANK,
Works Completed.csv,17170,Image,MISSING_OR_BLANK,
Works Completed.csv,17172,Image,MISSING_OR_BLANK,
Works Completed.csv,17182,Image,MISSING_OR_BLANK,
Works Completed.csv,17190,Image,MISSING_OR_BLANK,
Works Completed.csv,17191,Image,MISSING_OR_BLANK,
Works Completed.csv,17205,Image,MISSING_OR_BLANK,
Works Completed.csv,17231,Image,MISSING_OR_BLANK,
Works Completed.csv,17233,Image,MISSING_OR_BLANK,
Works Completed.csv,17252,Image,MISSING_OR_BLANK,
Works Completed.csv,17253,Image,MISSING_OR_BLANK,
Works Completed.csv,17254,Image,MISSING_OR_BLANK,
Works Completed.csv,17255,Image,MISSING_OR_BLANK,
Works Completed.csv,17256,Image,MISSING_OR_BLANK,
Works Completed.csv,17266,Image,MISSING_OR_BLANK,
Works Completed.csv,17267,Image,MISSING_OR_BLANK,
Works Completed.csv,17268,Image,MISSING_OR_BLANK,
Works Completed.csv,17269,Image,MISSING_OR_BLANK,
Works Completed.csv,17270,Image,MISSING_OR_BLANK,
Works Completed.csv,17271,Image,MISSING_OR_BLANK,
Works Completed.csv,17272,Image,MISSING_OR_BLANK,
Works Completed.csv,17273,Image,MISSING_OR_BLANK,
Works Completed.csv,17274,Image,MISSING_OR_BLANK,
Works Completed.csv,17275,Image,MISSING_OR_BLANK,
Works Completed.csv,17282,Image,MISSING_OR_BLANK,
Works Completed.csv,17283,Image,MISSING_OR_BLANK,
Works Completed.csv,17287,Image,MISSING_OR_BLANK,
Works Completed.csv,17288,Image,MISSING_OR_BLANK,
Works Completed.csv,17289,Image,MISSING_OR_BLANK,
Works Completed.csv,17290,Image,MISSING_OR_BLANK,
Works Completed.csv,17291,Image,MISSING_OR_BLANK,
Works Completed.csv,17295,Image,MISSING_OR_BLANK,
Works Completed.csv,17298,Image,MISSING_OR_BLANK,
Works Completed.csv,17299,Image,MISSING_OR_BLANK,
Works Completed.csv,17307,Image,MISSING_OR_BLANK,
Works Completed.csv,17311,Image,MISSING_OR_BLANK,
Works Completed.csv,17326,Image,MISSING_OR_BLANK,
Works Completed.csv,17328,Image,MISSING_OR_BLANK,
Works Completed.csv,17329,Image,MISSING_OR_BLANK,
Works Completed.csv,17330,Image,MISSING_OR_BLANK,
Works Completed.csv,17331,Image,MISSING_OR_BLANK,
Works Completed.csv,17339,Image,MISSING_OR_BLANK,
Works Completed.csv,17348,Image,MISSING_OR_BLANK,
Works Completed.csv,17379,Image,MISSING_OR_BLANK,
Works Completed.csv,17382,Image,MISSING_OR_BLANK,
Works Completed.csv,17384,Image,MISSING_OR_BLANK,
Works Completed.csv,17387,Image,MISSING_OR_BLANK,
Works Completed.csv,17389,Image,MISSING_OR_BLANK,
Works Completed.csv,17393,Image,MISSING_OR_BLANK,
Works Completed.csv,17428,Image,MISSING_OR_BLANK,
Works Completed.csv,17440,Image,MISSING_OR_BLANK,
Works Completed.csv,17441,Image,MISSING_OR_BLANK,
Works Completed.csv,17470,Image,MISSING_OR_BLANK,
Works Completed.csv,17516,Image,MISSING_OR_BLANK,
Works Completed.csv,17518,Image,MISSING_OR_BLANK,
Works Completed.csv,17519,Image,MISSING_OR_BLANK,
Works Completed.csv,17520,Image,MISSING_OR_BLANK,
Works Completed.csv,17523,Image,MISSING_OR_BLANK,
Works Completed.csv,17524,Image,MISSING_OR_BLANK,
Works Completed.csv,17533,Image,MISSING_OR_BLANK,
Works Completed.csv,17537,Image,MISSING_OR_BLANK,
Works Completed.csv,17538,Image,MISSING_OR_BLANK,
Works Completed.csv,17574,Image,MISSING_OR_BLANK,
Works Completed.csv,17587,Image,MISSING_OR_BLANK,
Works Completed.csv,17588,Image,MISSING_OR_BLANK,
Works Completed.csv,17595,Image,MISSING_OR_BLANK,
Works Completed.csv,17597,Image,MISSING_OR_BLANK,
Works Completed.csv,17600,Image,MISSING_OR_BLANK,
Works Completed.csv,17605,Image,MISSING_OR_BLANK,
Works Completed.csv,17606,Image,MISSING_OR_BLANK,
Works Completed.csv,17607,Image,MISSING_OR_BLANK,
Works Completed.csv,17609,Image,MISSING_OR_BLANK,
Works Completed.csv,17610,Image,MISSING_OR_BLANK,
Works Completed.csv,17611,Image,MISSING_OR_BLANK,
Works Completed.csv,17612,Image,MISSING_OR_BLANK,
Works Completed.csv,17613,Image,MISSING_OR_BLANK,
Works Completed.csv,17614,Image,MISSING_OR_BLANK,
Works Completed.csv,17615,Image,MISSING_OR_BLANK,
Works Completed.csv,17616,Image,MISSING_OR_BLANK,
Works Completed.csv,17617,Image,MISSING_OR_BLANK,
Works Completed.csv,17618,Image,MISSING_OR_BLANK,
Works Completed.csv,17620,Image,MISSING_OR_BLANK,
Works Completed.csv,17622,Image,MISSING_OR_BLANK,
Works Completed.csv,17624,Image,MISSING_OR_BLANK,
Works Completed.csv,17629,Image,MISSING_OR_BLANK,
Works Completed.csv,17634,Image,MISSING_OR_BLANK,
Works Completed.csv,17636,Image,MISSING_OR_BLANK,
Works Completed.csv,17637,Image,MISSING_OR_BLANK,
Works Completed.csv,17638,Image,MISSING_OR_BLANK,
Works Completed.csv,17640,Image,MISSING_OR_BLANK,
Works Completed.csv,17647,Image,MISSING_OR_BLANK,
Works Completed.csv,17650,Image,MISSING_OR_BLANK,
Works Completed.csv,17659,Image,MISSING_OR_BLANK,
Works Completed.csv,17660,Image,MISSING_OR_BLANK,
Works Completed.csv,17662,Image,MISSING_OR_BLANK,
Works Completed.csv,17663,Image,MISSING_OR_BLANK,
Works Completed.csv,17665,Image,MISSING_OR_BLANK,
Works Completed.csv,17666,Image,MISSING_OR_BLANK,
Works Completed.csv,17667,Image,MISSING_OR_BLANK,
Works Completed.csv,17668,Image,MISSING_OR_BLANK,
Works Completed.csv,17669,Image,MISSING_OR_BLANK,
Works Completed.csv,17670,Image,MISSING_OR_BLANK,
Works Completed.csv,17671,Image,MISSING_OR_BLANK,
Works Completed.csv,17673,Image,MISSING_OR_BLANK,
Works Completed.csv,17674,Image,MISSING_OR_BLANK,
Works Completed.csv,17675,Image,MISSING_OR_BLANK,
Works Completed.csv,17676,Image,MISSING_OR_BLANK,
Works Completed.csv,17677,Image,MISSING_OR_BLANK,
Works Completed.csv,17678,Image,MISSING_OR_BLANK,
Works Completed.csv,17687,Image,MISSING_OR_BLANK,
Works Completed.csv,17690,Image,MISSING_OR_BLANK,
Works Completed.csv,17702,Image,MISSING_OR_BLANK,
Works Completed.csv,17706,Image,MISSING_OR_BLANK,
Works Completed.csv,17708,Image,MISSING_OR_BLANK,
Works Completed.csv,17712,Image,MISSING_OR_BLANK,
Works Completed.csv,17715,Image,MISSING_OR_BLANK,
Works Completed.csv,17719,Image,MISSING_OR_BLANK,
Works Completed.csv,17722,Image,MISSING_OR_BLANK,
Works Completed.csv,17735,Image,MISSING_OR_BLANK,
Works Completed.csv,17742,Image,MISSING_OR_BLANK,
Works Completed.csv,17756,Image,MISSING_OR_BLANK,
Works Completed.csv,17758,Image,MISSING_OR_BLANK,
Works Completed.csv,17765,Image,MISSING_OR_BLANK,
Works Completed.csv,17778,Image,MISSING_OR_BLANK,
Works Completed.csv,17779,Image,MISSING_OR_BLANK,
Works Completed.csv,17781,Image,MISSING_OR_BLANK,
Works Completed.csv,17804,Image,MISSING_OR_BLANK,
Works Completed.csv,17805,Image,MISSING_OR_BLANK,
Works Completed.csv,17807,Image,MISSING_OR_BLANK,
Works Completed.csv,17808,Image,MISSING_OR_BLANK,
Works Completed.csv,17809,Image,MISSING_OR_BLANK,
Works Completed.csv,17815,Image,MISSING_OR_BLANK,
Works Completed.csv,17817,Image,MISSING_OR_BLANK,
Works Completed.csv,17818,Image,MISSING_OR_BLANK,
Works Completed.csv,17819,Image,MISSING_OR_BLANK,
Works Completed.csv,17820,Image,MISSING_OR_BLANK,
Works Completed.csv,17822,Image,MISSING_OR_BLANK,
Works Completed.csv,17831,Image,MISSING_OR_BLANK,
Works Completed.csv,17833,Image,MISSING_OR_BLANK,
Works Completed.csv,17843,Image,MISSING_OR_BLANK,
Works Completed.csv,17862,Image,MISSING_OR_BLANK,
Works Completed.csv,17871,Image,MISSING_OR_BLANK,
Works Completed.csv,17904,Image,MISSING_OR_BLANK,
Works Completed.csv,17905,Image,MISSING_OR_BLANK,
Works Completed.csv,17906,Image,MISSING_OR_BLANK,
Works Completed.csv,17907,Image,MISSING_OR_BLANK,
Works Completed.csv,17910,Image,MISSING_OR_BLANK,
Works Completed.csv,17911,Image,MISSING_OR_BLANK,
Works Completed.csv,17913,Image,MISSING_OR_BLANK,
Works Completed.csv,17916,Image,MISSING_OR_BLANK,
Works Completed.csv,17917,Image,MISSING_OR_BLANK,
Works Completed.csv,17918,Image,MISSING_OR_BLANK,
Works Completed.csv,17919,Image,MISSING_OR_BLANK,
Works Completed.csv,17923,Image,MISSING_OR_BLANK,
Works Completed.csv,17940,Image,MISSING_OR_BLANK,
Works Completed.csv,17942,Image,MISSING_OR_BLANK,
Works Completed.csv,17944,Image,MISSING_OR_BLANK,
Works Completed.csv,17946,Image,MISSING_OR_BLANK,
Works Completed.csv,17949,Image,MISSING_OR_BLANK,
Works Completed.csv,17951,Image,MISSING_OR_BLANK,
Works Completed.csv,17953,Image,MISSING_OR_BLANK,
Works Completed.csv,17954,Image,MISSING_OR_BLANK,
Works Completed.csv,17956,Image,MISSING_OR_BLANK,
Works Completed.csv,17957,Image,MISSING_OR_BLANK,
Works Completed.csv,17958,Image,MISSING_OR_BLANK,
Works Completed.csv,17960,Image,MISSING_OR_BLANK,
Works Completed.csv,17962,Image,MISSING_OR_BLANK,
Works Completed.csv,17988,Image,MISSING_OR_BLANK,
Works Completed.csv,17990,Image,MISSING_OR_BLANK,
Works Completed.csv,18038,Image,MISSING_OR_BLANK,
Works Completed.csv,18045,Image,MISSING_OR_BLANK,
Works Completed.csv,18048,Image,MISSING_OR_BLANK,
Works Completed.csv,18052,Image,MISSING_OR_BLANK,
Works Completed.csv,18053,Image,MISSING_OR_BLANK,
Works Completed.csv,18055,Image,MISSING_OR_BLANK,
Works Completed.csv,18056,Image,MISSING_OR_BLANK,
Works Completed.csv,18062,Image,MISSING_OR_BLANK,
Works Completed.csv,18064,Image,MISSING_OR_BLANK,
Works Completed.csv,18066,Image,MISSING_OR_BLANK,
Works Completed.csv,18073,Image,MISSING_OR_BLANK,
Works Completed.csv,18089,Image,MISSING_OR_BLANK,
Works Completed.csv,18099,Image,MISSING_OR_BLANK,
Works Completed.csv,18106,Image,MISSING_OR_BLANK,
Works Completed.csv,18108,Image,MISSING_OR_BLANK,
Works Completed.csv,18111,Image,MISSING_OR_BLANK,
Works Completed.csv,18114,Image,MISSING_OR_BLANK,
Works Completed.csv,18115,Image,MISSING_OR_BLANK,
Works Completed.csv,18116,Image,MISSING_OR_BLANK,
Works Completed.csv,18117,Image,MISSING_OR_BLANK,
Works Completed.csv,18119,Image,MISSING_OR_BLANK,
Works Completed.csv,18120,Image,MISSING_OR_BLANK,
Works Completed.csv,18125,Image,MISSING_OR_BLANK,
Works Completed.csv,18126,Image,MISSING_OR_BLANK,
Works Completed.csv,18127,Image,MISSING_OR_BLANK,
Works Completed.csv,18129,Image,MISSING_OR_BLANK,
Works Completed.csv,18130,Image,MISSING_OR_BLANK,
Works Completed.csv,18131,Image,MISSING_OR_BLANK,
Works Completed.csv,18135,Image,MISSING_OR_BLANK,
Works Completed.csv,18136,Image,MISSING_OR_BLANK,
Works Completed.csv,18137,Image,MISSING_OR_BLANK,
Works Completed.csv,18138,Image,MISSING_OR_BLANK,
Works Completed.csv,18139,Image,MISSING_OR_BLANK,
Works Completed.csv,18140,Image,MISSING_OR_BLANK,
Works Completed.csv,18141,Image,MISSING_OR_BLANK,
Works Completed.csv,18142,Image,MISSING_OR_BLANK,
Works Completed.csv,18143,Image,MISSING_OR_BLANK,
Works Completed.csv,18144,Image,MISSING_OR_BLANK,
Works Completed.csv,18145,Image,MISSING_OR_BLANK,
Works Completed.csv,18146,Image,MISSING_OR_BLANK,
Works Completed.csv,18147,Image,MISSING_OR_BLANK,
Works Completed.csv,18148,Image,MISSING_OR_BLANK,
Works Completed.csv,18149,Image,MISSING_OR_BLANK,
Works Completed.csv,18150,Image,MISSING_OR_BLANK,
Works Completed.csv,18151,Image,MISSING_OR_BLANK,
Works Completed.csv,18152,Image,MISSING_OR_BLANK,
Works Completed.csv,18153,Image,MISSING_OR_BLANK,
Works Completed.csv,18154,Image,MISSING_OR_BLANK,
Works Completed.csv,18155,Image,MISSING_OR_BLANK,
Works Completed.csv,18156,Image,MISSING_OR_BLANK,
Works Completed.csv,18158,Image,MISSING_OR_BLANK,
Works Completed.csv,18159,Image,MISSING_OR_BLANK,
Works Completed.csv,18160,Image,MISSING_OR_BLANK,
Works Completed.csv,18161,Image,MISSING_OR_BLANK,
Works Completed.csv,18162,Image,MISSING_OR_BLANK,
Works Completed.csv,18163,Image,MISSING_OR_BLANK,
Works Completed.csv,18164,Image,MISSING_OR_BLANK,
Works Completed.csv,18165,Image,MISSING_OR_BLANK,
Works Completed.csv,18166,Image,MISSING_OR_BLANK,
Works Completed.csv,18168,Image,MISSING_OR_BLANK,
Works Completed.csv,18169,Image,MISSING_OR_BLANK,
Works Completed.csv,18170,Image,MISSING_OR_BLANK,
Works Completed.csv,18172,Image,MISSING_OR_BLANK,
Works Completed.csv,18175,Image,MISSING_OR_BLANK,
Works Completed.csv,18177,Image,MISSING_OR_BLANK,
Works Completed.csv,18181,Image,MISSING_OR_BLANK,
Works Completed.csv,18182,Image,MISSING_OR_BLANK,
Works Completed.csv,18183,Image,MISSING_OR_BLANK,
Works Completed.csv,18184,Image,MISSING_OR_BLANK,
Works Completed.csv,18185,Image,MISSING_OR_BLANK,
Works Completed.csv,18186,Image,MISSING_OR_BLANK,
Works Completed.csv,18194,Image,MISSING_OR_BLANK,
Works Completed.csv,18212,Image,MISSING_OR_BLANK,
Works Completed.csv,18216,Image,MISSING_OR_BLANK,
Works Completed.csv,18218,Image,MISSING_OR_BLANK,
Works Completed.csv,18224,Image,MISSING_OR_BLANK,
Works Completed.csv,18227,Image,MISSING_OR_BLANK,
Works Completed.csv,18230,Image,MISSING_OR_BLANK,
Works Completed.csv,18248,Image,MISSING_OR_BLANK,
Works Completed.csv,18252,Image,MISSING_OR_BLANK,
Works Completed.csv,18258,Image,MISSING_OR_BLANK,
Works Completed.csv,18265,Image,MISSING_OR_BLANK,
Works Completed.csv,18287,Image,MISSING_OR_BLANK,
Works Completed.csv,18318,Image,MISSING_OR_BLANK,
Works Completed.csv,18335,Image,MISSING_OR_BLANK,
Works Completed.csv,18338,Image,MISSING_OR_BLANK,
Works Completed.csv,18339,Image,MISSING_OR_BLANK,
Works Completed.csv,18357,Image,MISSING_OR_BLANK,
Works Completed.csv,18361,Image,MISSING_OR_BLANK,
Works Completed.csv,18362,Image,MISSING_OR_BLANK,
Works Completed.csv,18363,Image,MISSING_OR_BLANK,
Works Completed.csv,18364,Image,MISSING_OR_BLANK,
Works Completed.csv,18366,Image,MISSING_OR_BLANK,
Works Completed.csv,18368,Image,MISSING_OR_BLANK,
Works Completed.csv,18371,Image,MISSING_OR_BLANK,
Works Completed.csv,18373,Image,MISSING_OR_BLANK,
Works Completed.csv,18374,Image,MISSING_OR_BLANK,
Works Completed.csv,18375,Image,MISSING_OR_BLANK,
Works Completed.csv,18382,Image,MISSING_OR_BLANK,
Works Completed.csv,18386,Image,MISSING_OR_BLANK,
Works Completed.csv,18391,Image,MISSING_OR_BLANK,
Works Completed.csv,18395,Image,MISSING_OR_BLANK,
Works Completed.csv,18396,Image,MISSING_OR_BLANK,
Works Completed.csv,18397,Image,MISSING_OR_BLANK,
Works Completed.csv,18398,Image,MISSING_OR_BLANK,
Works Completed.csv,18399,Image,MISSING_OR_BLANK,
Works Completed.csv,18400,Image,MISSING_OR_BLANK,
Works Completed.csv,18403,Image,MISSING_OR_BLANK,
Works Completed.csv,18423,Image,MISSING_OR_BLANK,
Works Completed.csv,18428,Image,MISSING_OR_BLANK,
Works Completed.csv,18429,Image,MISSING_OR_BLANK,
Works Completed.csv,18430,Image,MISSING_OR_BLANK,
Works Completed.csv,18431,Image,MISSING_OR_BLANK,
Works Completed.csv,18441,Image,MISSING_OR_BLANK,
Works Completed.csv,18444,Image,MISSING_OR_BLANK,
Works Completed.csv,18446,Image,MISSING_OR_BLANK,
Works Completed.csv,18450,Image,MISSING_OR_BLANK,
Works Completed.csv,18462,Image,MISSING_OR_BLANK,
Works Completed.csv,18463,Image,MISSING_OR_BLANK,
Works Completed.csv,18466,Image,MISSING_OR_BLANK,
Works Completed.csv,18470,Image,MISSING_OR_BLANK,
Works Completed.csv,18476,Image,MISSING_OR_BLANK,
Works Completed.csv,18484,Image,MISSING_OR_BLANK,
Works Completed.csv,18487,Image,MISSING_OR_BLANK,
Works Completed.csv,18491,Image,MISSING_OR_BLANK,
Works Completed.csv,18492,Image,MISSING_OR_BLANK,
Works Completed.csv,18493,Image,MISSING_OR_BLANK,
Works Completed.csv,18495,Image,MISSING_OR_BLANK,
Works Completed.csv,18498,Image,MISSING_OR_BLANK,
Works Completed.csv,18499,Image,MISSING_OR_BLANK,
Works Completed.csv,18500,Image,MISSING_OR_BLANK,
Works Completed.csv,18501,Image,MISSING_OR_BLANK,
Works Completed.csv,18502,Image,MISSING_OR_BLANK,
Works Completed.csv,18503,Image,MISSING_OR_BLANK,
Works Completed.csv,18504,Image,MISSING_OR_BLANK,
Works Completed.csv,18505,Image,MISSING_OR_BLANK,
Works Completed.csv,18506,Image,MISSING_OR_BLANK,
Works Completed.csv,18507,Image,MISSING_OR_BLANK,
Works Completed.csv,18508,Image,MISSING_OR_BLANK,
Works Completed.csv,18509,Image,MISSING_OR_BLANK,
Works Completed.csv,18510,Image,MISSING_OR_BLANK,
Works Completed.csv,18511,Image,MISSING_OR_BLANK,
Works Completed.csv,18512,Image,MISSING_OR_BLANK,
Works Completed.csv,18513,Image,MISSING_OR_BLANK,
Works Completed.csv,18515,Image,MISSING_OR_BLANK,
Works Completed.csv,18516,Image,MISSING_OR_BLANK,
Works Completed.csv,18517,Image,MISSING_OR_BLANK,
Works Completed.csv,18519,Image,MISSING_OR_BLANK,
Works Completed.csv,18525,Image,MISSING_OR_BLANK,
Works Completed.csv,18528,Image,MISSING_OR_BLANK,
Works Completed.csv,18529,Image,MISSING_OR_BLANK,
Works Completed.csv,18533,Image,MISSING_OR_BLANK,
Works Completed.csv,18546,Image,MISSING_OR_BLANK,
Works Completed.csv,18550,Image,MISSING_OR_BLANK,
Works Completed.csv,18561,Image,MISSING_OR_BLANK,
Works Completed.csv,18563,Image,MISSING_OR_BLANK,
Works Completed.csv,18599,Image,MISSING_OR_BLANK,
Works Completed.csv,18604,Image,MISSING_OR_BLANK,
Works Completed.csv,18605,Image,MISSING_OR_BLANK,
Works Completed.csv,18607,Image,MISSING_OR_BLANK,
Works Completed.csv,18608,Image,MISSING_OR_BLANK,
Works Completed.csv,18615,Image,MISSING_OR_BLANK,
Works Completed.csv,18624,Image,MISSING_OR_BLANK,
Works Completed.csv,18627,Image,MISSING_OR_BLANK,
Works Completed.csv,18655,Image,MISSING_OR_BLANK,
Works Completed.csv,18656,Image,MISSING_OR_BLANK,
Works Completed.csv,18658,Image,MISSING_OR_BLANK,
Works Completed.csv,18666,Image,MISSING_OR_BLANK,
Works Completed.csv,18668,Image,MISSING_OR_BLANK,
Works Completed.csv,18670,Image,MISSING_OR_BLANK,
Works Completed.csv,18677,Image,MISSING_OR_BLANK,
Works Completed.csv,18687,Image,MISSING_OR_BLANK,
Works Completed.csv,18688,Image,MISSING_OR_BLANK,
Works Completed.csv,18689,Image,MISSING_OR_BLANK,
Works Completed.csv,18693,Image,MISSING_OR_BLANK,
Works Completed.csv,18698,Image,MISSING_OR_BLANK,
Works Completed.csv,18700,Image,MISSING_OR_BLANK,
Works Completed.csv,18706,Image,MISSING_OR_BLANK,
Works Completed.csv,18721,Image,MISSING_OR_BLANK,
Works Completed.csv,18723,Image,MISSING_OR_BLANK,
Works Completed.csv,18725,Image,MISSING_OR_BLANK,
Works Completed.csv,18726,Image,MISSING_OR_BLANK,
Works Completed.csv,18727,Image,MISSING_OR_BLANK,
Works Completed.csv,18733,Image,MISSING_OR_BLANK,
Works Completed.csv,18735,Image,MISSING_OR_BLANK,
Works Completed.csv,18740,Image,MISSING_OR_BLANK,
Works Completed.csv,18745,Image,MISSING_OR_BLANK,
Works Completed.csv,18746,Image,MISSING_OR_BLANK,
Works Completed.csv,18753,Image,MISSING_OR_BLANK,
Works Completed.csv,18754,Image,MISSING_OR_BLANK,
Works Completed.csv,18757,Image,MISSING_OR_BLANK,
Works Completed.csv,18759,Image,MISSING_OR_BLANK,
Works Completed.csv,18761,Image,MISSING_OR_BLANK,
Works Completed.csv,18765,Image,MISSING_OR_BLANK,
Works Completed.csv,18771,Image,MISSING_OR_BLANK,
Works Completed.csv,18772,Image,MISSING_OR_BLANK,
Works Completed.csv,18773,Image,MISSING_OR_BLANK,
Works Completed.csv,18774,Image,MISSING_OR_BLANK,
Works Completed.csv,18775,Image,MISSING_OR_BLANK,
Works Completed.csv,18778,Image,MISSING_OR_BLANK,
Works Completed.csv,18779,Image,MISSING_OR_BLANK,
Works Completed.csv,18780,Image,MISSING_OR_BLANK,
Works Completed.csv,18781,Image,MISSING_OR_BLANK,
Works Completed.csv,18782,Image,MISSING_OR_BLANK,
Works Completed.csv,18783,Image,MISSING_OR_BLANK,
Works Completed.csv,18785,Image,MISSING_OR_BLANK,
Works Completed.csv,18786,Image,MISSING_OR_BLANK,
Works Completed.csv,18788,Image,MISSING_OR_BLANK,
Works Completed.csv,18789,Image,MISSING_OR_BLANK,
Works Completed.csv,18790,Image,MISSING_OR_BLANK,
Works Completed.csv,18791,Image,MISSING_OR_BLANK,
Works Completed.csv,18794,Image,MISSING_OR_BLANK,
Works Completed.csv,18795,Image,MISSING_OR_BLANK,
Works Completed.csv,18799,Image,MISSING_OR_BLANK,
Works Completed.csv,18800,Image,MISSING_OR_BLANK,
Works Completed.csv,18803,Image,MISSING_OR_BLANK,
Works Completed.csv,18810,Image,MISSING_OR_BLANK,
Works Completed.csv,18818,Image,MISSING_OR_BLANK,
Works Completed.csv,18819,Image,MISSING_OR_BLANK,
Works Completed.csv,18820,Image,MISSING_OR_BLANK,
Works Completed.csv,18821,Image,MISSING_OR_BLANK,
Works Completed.csv,18823,Image,MISSING_OR_BLANK,
Works Completed.csv,18831,Image,MISSING_OR_BLANK,
Works Completed.csv,18832,Image,MISSING_OR_BLANK,
Works Completed.csv,18834,Image,MISSING_OR_BLANK,
Works Completed.csv,18835,Image,MISSING_OR_BLANK,
Works Completed.csv,18838,Image,MISSING_OR_BLANK,
Works Completed.csv,18839,Image,MISSING_OR_BLANK,
Works Completed.csv,18845,Image,MISSING_OR_BLANK,
Works Completed.csv,18847,Image,MISSING_OR_BLANK,
Works Completed.csv,18849,Image,MISSING_OR_BLANK,
Works Completed.csv,18851,Image,MISSING_OR_BLANK,
Works Completed.csv,18852,Image,MISSING_OR_BLANK,
Works Completed.csv,18853,Image,MISSING_OR_BLANK,
Works Completed.csv,18855,Image,MISSING_OR_BLANK,
Works Completed.csv,18865,Image,MISSING_OR_BLANK,
Works Completed.csv,18866,Image,MISSING_OR_BLANK,
Works Completed.csv,18867,Image,MISSING_OR_BLANK,
Works Completed.csv,18869,Image,MISSING_OR_BLANK,
Works Completed.csv,18882,Image,MISSING_OR_BLANK,
Works Completed.csv,18883,Image,MISSING_OR_BLANK,
Works Completed.csv,18884,Image,MISSING_OR_BLANK,
Works Completed.csv,18888,Image,MISSING_OR_BLANK,
Works Completed.csv,18891,Image,MISSING_OR_BLANK,
Works Completed.csv,18892,Image,MISSING_OR_BLANK,
Works Completed.csv,18899,Image,MISSING_OR_BLANK,
Works Completed.csv,18901,Image,MISSING_OR_BLANK,
Works Completed.csv,18903,Image,MISSING_OR_BLANK,
Works Completed.csv,18904,Image,MISSING_OR_BLANK,
Works Completed.csv,18905,Image,MISSING_OR_BLANK,
Works Completed.csv,18906,Image,MISSING_OR_BLANK,
Works Completed.csv,18907,Image,MISSING_OR_BLANK,
Works Completed.csv,18909,Image,MISSING_OR_BLANK,
Works Completed.csv,18911,Image,MISSING_OR_BLANK,
Works Completed.csv,18915,Image,MISSING_OR_BLANK,
Works Completed.csv,18918,Image,MISSING_OR_BLANK,
Works Completed.csv,18933,Image,MISSING_OR_BLANK,
Works Completed.csv,18934,Image,MISSING_OR_BLANK,
Works Completed.csv,18937,Image,MISSING_OR_BLANK,
Works Completed.csv,18943,Image,MISSING_OR_BLANK,
Works Completed.csv,18948,Image,MISSING_OR_BLANK,
Works Completed.csv,18951,Image,MISSING_OR_BLANK,
Works Completed.csv,18952,Image,MISSING_OR_BLANK,
Works Completed.csv,18953,Image,MISSING_OR_BLANK,
Works Completed.csv,18961,Image,MISSING_OR_BLANK,
Works Completed.csv,18962,Image,MISSING_OR_BLANK,
Works Completed.csv,18980,Image,MISSING_OR_BLANK,
Works Completed.csv,18987,Image,MISSING_OR_BLANK,
Works Completed.csv,18988,Image,MISSING_OR_BLANK,
Works Completed.csv,18989,Image,MISSING_OR_BLANK,
Works Completed.csv,18992,Image,MISSING_OR_BLANK,
Works Completed.csv,18994,Image,MISSING_OR_BLANK,
Works Completed.csv,18995,Image,MISSING_OR_BLANK,
Works Completed.csv,18996,Image,MISSING_OR_BLANK,
Works Completed.csv,19001,Image,MISSING_OR_BLANK,
Works Completed.csv,19003,Image,MISSING_OR_BLANK,
Works Completed.csv,19004,Image,MISSING_OR_BLANK,
Works Completed.csv,19005,Image,MISSING_OR_BLANK,
Works Completed.csv,19006,Image,MISSING_OR_BLANK,
Works Completed.csv,19011,Image,MISSING_OR_BLANK,
Works Completed.csv,19014,Image,MISSING_OR_BLANK,
Works Completed.csv,19015,Image,MISSING_OR_BLANK,
Works Completed.csv,19016,Image,MISSING_OR_BLANK,
Works Completed.csv,19017,Image,MISSING_OR_BLANK,
Works Completed.csv,19018,Image,MISSING_OR_BLANK,
Works Completed.csv,19019,Image,MISSING_OR_BLANK,
Works Completed.csv,19020,Image,MISSING_OR_BLANK,
Works Completed.csv,19022,Image,MISSING_OR_BLANK,
Works Completed.csv,19024,Image,MISSING_OR_BLANK,
Works Completed.csv,19025,Image,MISSING_OR_BLANK,
Works Completed.csv,19031,Image,MISSING_OR_BLANK,
Works Completed.csv,19032,Image,MISSING_OR_BLANK,
Works Completed.csv,19033,Image,MISSING_OR_BLANK,
Works Completed.csv,19034,Image,MISSING_OR_BLANK,
Works Completed.csv,19035,Image,MISSING_OR_BLANK,
Works Completed.csv,19036,Image,MISSING_OR_BLANK,
Works Completed.csv,19059,Image,MISSING_OR_BLANK,
Works Completed.csv,19063,Image,MISSING_OR_BLANK,
Works Completed.csv,19065,Image,MISSING_OR_BLANK,
Works Completed.csv,19066,Image,MISSING_OR_BLANK,
Works Completed.csv,19075,Image,MISSING_OR_BLANK,
Works Completed.csv,19076,Image,MISSING_OR_BLANK,
Works Completed.csv,19078,Image,MISSING_OR_BLANK,
Works Completed.csv,19083,Image,MISSING_OR_BLANK,
Works Completed.csv,19087,Image,MISSING_OR_BLANK,
Works Completed.csv,19098,Image,MISSING_OR_BLANK,
Works Completed.csv,19099,Image,MISSING_OR_BLANK,
Works Completed.csv,19101,Image,MISSING_OR_BLANK,
Works Completed.csv,19102,Image,MISSING_OR_BLANK,
Works Completed.csv,19104,Image,MISSING_OR_BLANK,
Works Completed.csv,19106,Image,MISSING_OR_BLANK,
Works Completed.csv,19107,Image,MISSING_OR_BLANK,
Works Completed.csv,19108,Image,MISSING_OR_BLANK,
Works Completed.csv,19114,Image,MISSING_OR_BLANK,
Works Completed.csv,19115,Image,MISSING_OR_BLANK,
Works Completed.csv,19119,Image,MISSING_OR_BLANK,
Works Completed.csv,19122,Image,MISSING_OR_BLANK,
Works Completed.csv,19123,Image,MISSING_OR_BLANK,
Works Completed.csv,19136,Image,MISSING_OR_BLANK,
Works Completed.csv,19138,Image,MISSING_OR_BLANK,
Works Completed.csv,19139,Image,MISSING_OR_BLANK,
Works Completed.csv,19149,Image,MISSING_OR_BLANK,
Works Completed.csv,19150,Image,MISSING_OR_BLANK,
Works Completed.csv,19151,Image,MISSING_OR_BLANK,
Works Completed.csv,19153,Image,MISSING_OR_BLANK,
Works Completed.csv,19154,Image,MISSING_OR_BLANK,
Works Completed.csv,19155,Image,MISSING_OR_BLANK,
Works Completed.csv,19156,Image,MISSING_OR_BLANK,
Works Completed.csv,19157,Image,MISSING_OR_BLANK,
Works Completed.csv,19158,Image,MISSING_OR_BLANK,
Works Completed.csv,19159,Image,MISSING_OR_BLANK,
Works Completed.csv,19160,Image,MISSING_OR_BLANK,
Works Completed.csv,19161,Image,MISSING_OR_BLANK,
Works Completed.csv,19162,Image,MISSING_OR_BLANK,
Works Completed.csv,19163,Image,MISSING_OR_BLANK,
Works Completed.csv,19164,Image,MISSING_OR_BLANK,
Works Completed.csv,19165,Image,MISSING_OR_BLANK,
Works Completed.csv,19166,Image,MISSING_OR_BLANK,
Works Completed.csv,19167,Image,MISSING_OR_BLANK,
Works Completed.csv,19168,Image,MISSING_OR_BLANK,
Works Completed.csv,19169,Image,MISSING_OR_BLANK,
Works Completed.csv,19170,Image,MISSING_OR_BLANK,
Works Completed.csv,19171,Image,MISSING_OR_BLANK,
Works Completed.csv,19173,Image,MISSING_OR_BLANK,
Works Completed.csv,19176,Image,MISSING_OR_BLANK,
Works Completed.csv,19178,Image,MISSING_OR_BLANK,
Works Completed.csv,19180,Image,MISSING_OR_BLANK,
Works Completed.csv,19182,Image,MISSING_OR_BLANK,
Works Completed.csv,19186,Image,MISSING_OR_BLANK,
Works Completed.csv,19188,Image,MISSING_OR_BLANK,
Works Completed.csv,19189,Image,MISSING_OR_BLANK,
Works Completed.csv,19190,Image,MISSING_OR_BLANK,
Works Completed.csv,19191,Image,MISSING_OR_BLANK,
Works Completed.csv,19192,Image,MISSING_OR_BLANK,
Works Completed.csv,19193,Image,MISSING_OR_BLANK,
Works Completed.csv,19197,Image,MISSING_OR_BLANK,
Works Completed.csv,19198,Image,MISSING_OR_BLANK,
Works Completed.csv,19199,Image,MISSING_OR_BLANK,
Works Completed.csv,19226,Image,MISSING_OR_BLANK,
Works Completed.csv,19231,Image,MISSING_OR_BLANK,
Works Completed.csv,19234,Image,MISSING_OR_BLANK,
Works Completed.csv,19236,Image,MISSING_OR_BLANK,
Works Completed.csv,19238,Image,MISSING_OR_BLANK,
Works Completed.csv,19240,Image,MISSING_OR_BLANK,
Works Completed.csv,19257,Image,MISSING_OR_BLANK,
Works Completed.csv,19276,Image,MISSING_OR_BLANK,
Works Completed.csv,19278,Image,MISSING_OR_BLANK,
Works Completed.csv,19279,Image,MISSING_OR_BLANK,
Works Completed.csv,19281,Image,MISSING_OR_BLANK,
Works Completed.csv,19284,Image,MISSING_OR_BLANK,
Works Completed.csv,19286,Image,MISSING_OR_BLANK,
Works Completed.csv,19288,Image,MISSING_OR_BLANK,
Works Completed.csv,19289,Image,MISSING_OR_BLANK,
Works Completed.csv,19291,Image,MISSING_OR_BLANK,
Works Completed.csv,19293,Image,MISSING_OR_BLANK,
Works Completed.csv,19298,Image,MISSING_OR_BLANK,
Works Completed.csv,19310,Image,MISSING_OR_BLANK,
Works Completed.csv,19369,Image,MISSING_OR_BLANK,
Works Completed.csv,19380,Image,MISSING_OR_BLANK,
Works Completed.csv,19386,Image,MISSING_OR_BLANK,
Works Completed.csv,19387,Image,MISSING_OR_BLANK,
Works Completed.csv,19388,Image,MISSING_OR_BLANK,
Works Completed.csv,19401,Image,MISSING_OR_BLANK,
Works Completed.csv,19410,Image,MISSING_OR_BLANK,
Works Completed.csv,19411,Image,MISSING_OR_BLANK,
Works Completed.csv,19412,Image,MISSING_OR_BLANK,
Works Completed.csv,19413,Image,MISSING_OR_BLANK,
Works Completed.csv,19414,Image,MISSING_OR_BLANK,
Works Completed.csv,19415,Image,MISSING_OR_BLANK,
Works Completed.csv,19416,Image,MISSING_OR_BLANK,
Works Completed.csv,19417,Image,MISSING_OR_BLANK,
Works Completed.csv,19419,Image,MISSING_OR_BLANK,
Works Completed.csv,19426,Image,MISSING_OR_BLANK,
Works Completed.csv,19427,Image,MISSING_OR_BLANK,
Works Completed.csv,19430,Image,MISSING_OR_BLANK,
Works Completed.csv,19432,Image,MISSING_OR_BLANK,
Works Completed.csv,19434,Image,MISSING_OR_BLANK,
Works Completed.csv,19435,Image,MISSING_OR_BLANK,
Works Completed.csv,19436,Image,MISSING_OR_BLANK,
Works Completed.csv,19438,Image,MISSING_OR_BLANK,
Works Completed.csv,19441,Image,MISSING_OR_BLANK,
Works Completed.csv,19442,Image,MISSING_OR_BLANK,
Works Completed.csv,19446,Image,MISSING_OR_BLANK,
Works Completed.csv,19448,Image,MISSING_OR_BLANK,
Works Completed.csv,19449,Image,MISSING_OR_BLANK,
Works Completed.csv,19451,Image,MISSING_OR_BLANK,
Works Completed.csv,19452,Image,MISSING_OR_BLANK,
Works Completed.csv,19453,Image,MISSING_OR_BLANK,
Works Completed.csv,19454,Image,MISSING_OR_BLANK,
Works Completed.csv,19455,Image,MISSING_OR_BLANK,
Works Completed.csv,19456,Image,MISSING_OR_BLANK,
Works Completed.csv,19457,Image,MISSING_OR_BLANK,
Works Completed.csv,19458,Image,MISSING_OR_BLANK,
Works Completed.csv,19459,Image,MISSING_OR_BLANK,
Works Completed.csv,19462,Image,MISSING_OR_BLANK,
Works Completed.csv,19468,Image,MISSING_OR_BLANK,
Works Completed.csv,19471,Image,MISSING_OR_BLANK,
Works Completed.csv,19472,Image,MISSING_OR_BLANK,
Works Completed.csv,19473,Image,MISSING_OR_BLANK,
Works Completed.csv,19474,Image,MISSING_OR_BLANK,
Works Completed.csv,19484,Image,MISSING_OR_BLANK,
Works Completed.csv,19497,Image,MISSING_OR_BLANK,
Works Completed.csv,19505,Image,MISSING_OR_BLANK,
Works Completed.csv,19506,Image,MISSING_OR_BLANK,
Works Completed.csv,19519,Image,MISSING_OR_BLANK,
Works Completed.csv,19520,Image,MISSING_OR_BLANK,
Works Completed.csv,19521,Image,MISSING_OR_BLANK,
Works Completed.csv,19522,Image,MISSING_OR_BLANK,
Works Completed.csv,19523,Image,MISSING_OR_BLANK,
Works Completed.csv,19524,Image,MISSING_OR_BLANK,
Works Completed.csv,19534,Image,MISSING_OR_BLANK,
Works Completed.csv,19538,Image,MISSING_OR_BLANK,
Works Completed.csv,19540,Image,MISSING_OR_BLANK,
Works Completed.csv,19542,Image,MISSING_OR_BLANK,
Works Completed.csv,19544,Image,MISSING_OR_BLANK,
Works Completed.csv,19547,Image,MISSING_OR_BLANK,
Works Completed.csv,19548,Image,MISSING_OR_BLANK,
Works Completed.csv,19550,Image,MISSING_OR_BLANK,
Works Completed.csv,19551,Image,MISSING_OR_BLANK,
Works Completed.csv,19552,Image,MISSING_OR_BLANK,
Works Completed.csv,19563,Image,MISSING_OR_BLANK,
Works Completed.csv,19589,Image,MISSING_OR_BLANK,
Works Completed.csv,19599,Image,MISSING_OR_BLANK,
Works Completed.csv,19600,Image,MISSING_OR_BLANK,
Works Completed.csv,19602,Image,MISSING_OR_BLANK,
Works Completed.csv,19624,Image,MISSING_OR_BLANK,
Works Completed.csv,19627,Image,MISSING_OR_BLANK,
Works Completed.csv,19631,Image,MISSING_OR_BLANK,
Works Completed.csv,19635,Image,MISSING_OR_BLANK,
Works Completed.csv,19638,Image,MISSING_OR_BLANK,
Works Completed.csv,19639,Image,MISSING_OR_BLANK,
Works Completed.csv,19642,Image,MISSING_OR_BLANK,
Works Completed.csv,19660,Image,MISSING_OR_BLANK,
Works Completed.csv,19691,Image,MISSING_OR_BLANK,
Works Completed.csv,19692,Image,MISSING_OR_BLANK,
Works Completed.csv,19694,Image,MISSING_OR_BLANK,
Works Completed.csv,19695,Image,MISSING_OR_BLANK,
Works Completed.csv,19696,Image,MISSING_OR_BLANK,
Works Completed.csv,19703,Image,MISSING_OR_BLANK,
Works Completed.csv,19706,Image,MISSING_OR_BLANK,
Works Completed.csv,19707,Image,MISSING_OR_BLANK,
Works Completed.csv,19708,Image,MISSING_OR_BLANK,
Works Completed.csv,19709,Image,MISSING_OR_BLANK,
Works Completed.csv,19710,Image,MISSING_OR_BLANK,
Works Completed.csv,19711,Image,MISSING_OR_BLANK,
Works Completed.csv,19725,Image,MISSING_OR_BLANK,
Works Completed.csv,19727,Image,MISSING_OR_BLANK,
Works Completed.csv,19728,Image,MISSING_OR_BLANK,
Works Completed.csv,19731,Image,MISSING_OR_BLANK,
Works Completed.csv,19742,Image,MISSING_OR_BLANK,
Works Completed.csv,19744,Image,MISSING_OR_BLANK,
Works Completed.csv,19746,Image,MISSING_OR_BLANK,
Works Completed.csv,19747,Image,MISSING_OR_BLANK,
Works Completed.csv,19748,Image,MISSING_OR_BLANK,
Works Completed.csv,19752,Image,MISSING_OR_BLANK,
Works Completed.csv,19755,Image,MISSING_OR_BLANK,
Works Completed.csv,19757,Image,MISSING_OR_BLANK,
Works Completed.csv,19764,Image,MISSING_OR_BLANK,
Works Completed.csv,19766,Image,MISSING_OR_BLANK,
Works Completed.csv,19767,Image,MISSING_OR_BLANK,
Works Completed.csv,19769,Image,MISSING_OR_BLANK,
Works Completed.csv,19772,Image,MISSING_OR_BLANK,
Works Completed.csv,19775,Image,MISSING_OR_BLANK,
Works Completed.csv,19778,Image,MISSING_OR_BLANK,
Works Completed.csv,19779,Image,MISSING_OR_BLANK,
Works Completed.csv,19789,Image,MISSING_OR_BLANK,
Works Completed.csv,19790,Image,MISSING_OR_BLANK,
Works Completed.csv,19791,Image,MISSING_OR_BLANK,
Works Completed.csv,19794,Image,MISSING_OR_BLANK,
Works Completed.csv,19795,Image,MISSING_OR_BLANK,
Works Completed.csv,19796,Image,MISSING_OR_BLANK,
Works Completed.csv,19797,Image,MISSING_OR_BLANK,
Works Completed.csv,19799,Image,MISSING_OR_BLANK,
Works Completed.csv,19800,Image,MISSING_OR_BLANK,
Works Completed.csv,19801,Image,MISSING_OR_BLANK,
Works Completed.csv,19802,Image,MISSING_OR_BLANK,
Works Completed.csv,19803,Image,MISSING_OR_BLANK,
Works Completed.csv,19804,Image,MISSING_OR_BLANK,
Works Completed.csv,19805,Image,MISSING_OR_BLANK,
Works Completed.csv,19806,Image,MISSING_OR_BLANK,
Works Completed.csv,19807,Image,MISSING_OR_BLANK,
Works Completed.csv,19809,Image,MISSING_OR_BLANK,
Works Completed.csv,19810,Image,MISSING_OR_BLANK,
Works Completed.csv,19811,Image,MISSING_OR_BLANK,
Works Completed.csv,19812,Image,MISSING_OR_BLANK,
Works Completed.csv,19813,Image,MISSING_OR_BLANK,
Works Completed.csv,19817,Image,MISSING_OR_BLANK,
Works Completed.csv,19862,Image,MISSING_OR_BLANK,
Works Completed.csv,19868,Image,MISSING_OR_BLANK,
Works Completed.csv,19869,Image,MISSING_OR_BLANK,
Works Completed.csv,19881,Image,MISSING_OR_BLANK,
Works Completed.csv,19885,Image,MISSING_OR_BLANK,
Works Completed.csv,19891,Image,MISSING_OR_BLANK,
Works Completed.csv,19893,Image,MISSING_OR_BLANK,
Works Completed.csv,19900,Image,MISSING_OR_BLANK,
Works Completed.csv,19901,Image,MISSING_OR_BLANK,
Works Completed.csv,19903,Image,MISSING_OR_BLANK,
Works Completed.csv,19906,Image,MISSING_OR_BLANK,
Works Completed.csv,19908,Image,MISSING_OR_BLANK,
Works Completed.csv,19909,Image,MISSING_OR_BLANK,
Works Completed.csv,19911,Image,MISSING_OR_BLANK,
Works Completed.csv,19915,Image,MISSING_OR_BLANK,
Works Completed.csv,19919,Image,MISSING_OR_BLANK,
Works Completed.csv,19928,Image,MISSING_OR_BLANK,
Works Completed.csv,19929,Image,MISSING_OR_BLANK,
Works Completed.csv,19931,Image,MISSING_OR_BLANK,
Works Completed.csv,19932,Image,MISSING_OR_BLANK,
Works Completed.csv,19938,Image,MISSING_OR_BLANK,
Works Completed.csv,19947,Image,MISSING_OR_BLANK,
Works Completed.csv,19953,Image,MISSING_OR_BLANK,
Works Completed.csv,19954,Image,MISSING_OR_BLANK,
Works Completed.csv,19967,Image,MISSING_OR_BLANK,
Works Completed.csv,19968,Image,MISSING_OR_BLANK,
Works Completed.csv,19973,Image,MISSING_OR_BLANK,
Works Completed.csv,19975,Image,MISSING_OR_BLANK,
Works Completed.csv,19983,Image,MISSING_OR_BLANK,
Works Completed.csv,19984,Image,MISSING_OR_BLANK,
Works Completed.csv,19995,Image,MISSING_OR_BLANK,
Works Completed.csv,20010,Image,MISSING_OR_BLANK,
Works Completed.csv,20025,Image,MISSING_OR_BLANK,
Works Completed.csv,20034,Image,MISSING_OR_BLANK,
Works Completed.csv,20042,Image,MISSING_OR_BLANK,
Works Completed.csv,20048,Image,MISSING_OR_BLANK,
Works Completed.csv,20049,Image,MISSING_OR_BLANK,
Works Completed.csv,20066,Image,MISSING_OR_BLANK,
Works Completed.csv,20067,Image,MISSING_OR_BLANK,
Works Completed.csv,20102,Image,MISSING_OR_BLANK,
Works Completed.csv,20103,Image,MISSING_OR_BLANK,
Works Completed.csv,20104,Image,MISSING_OR_BLANK,
Works Completed.csv,20105,Image,MISSING_OR_BLANK,
Works Completed.csv,20106,Image,MISSING_OR_BLANK,
Works Completed.csv,20107,Image,MISSING_OR_BLANK,
Works Completed.csv,20108,Image,MISSING_OR_BLANK,
Works Completed.csv,20109,Image,MISSING_OR_BLANK,
Works Completed.csv,20110,Image,MISSING_OR_BLANK,
Works Completed.csv,20111,Image,MISSING_OR_BLANK,
Works Completed.csv,20112,Image,MISSING_OR_BLANK,
Works Completed.csv,20113,Image,MISSING_OR_BLANK,
Works Completed.csv,20114,Image,MISSING_OR_BLANK,
Works Completed.csv,20115,Image,MISSING_OR_BLANK,
Works Completed.csv,20116,Image,MISSING_OR_BLANK,
Works Completed.csv,20119,Image,MISSING_OR_BLANK,
Works Completed.csv,20120,Image,MISSING_OR_BLANK,
Works Completed.csv,20126,Image,MISSING_OR_BLANK,
Works Completed.csv,20127,Image,MISSING_OR_BLANK,
Works Completed.csv,20129,Image,MISSING_OR_BLANK,
Works Completed.csv,20130,Image,MISSING_OR_BLANK,
Works Completed.csv,20131,Image,MISSING_OR_BLANK,
Works Completed.csv,20132,Image,MISSING_OR_BLANK,
Works Completed.csv,20133,Image,MISSING_OR_BLANK,
Works Completed.csv,20134,Image,MISSING_OR_BLANK,
Works Completed.csv,20136,Image,MISSING_OR_BLANK,
Works Completed.csv,20137,Image,MISSING_OR_BLANK,
Works Completed.csv,20138,Image,MISSING_OR_BLANK,
Works Completed.csv,20139,Image,MISSING_OR_BLANK,
Works Completed.csv,20140,Image,MISSING_OR_BLANK,
Works Completed.csv,20141,Image,MISSING_OR_BLANK,
Works Completed.csv,20143,Image,MISSING_OR_BLANK,
Works Completed.csv,20145,Image,MISSING_OR_BLANK,
Works Completed.csv,20146,Image,MISSING_OR_BLANK,
Works Completed.csv,20155,Image,MISSING_OR_BLANK,
Works Completed.csv,20157,Image,MISSING_OR_BLANK,
Works Completed.csv,20158,Image,MISSING_OR_BLANK,
Works Completed.csv,20177,Image,MISSING_OR_BLANK,
Works Completed.csv,20182,Image,MISSING_OR_BLANK,
Works Completed.csv,20183,Image,MISSING_OR_BLANK,
Works Completed.csv,20185,Image,MISSING_OR_BLANK,
Works Completed.csv,20189,Image,MISSING_OR_BLANK,
Works Completed.csv,20197,Image,MISSING_OR_BLANK,
Works Completed.csv,20198,Image,MISSING_OR_BLANK,
Works Completed.csv,20202,Image,MISSING_OR_BLANK,
Works Completed.csv,20203,Image,MISSING_OR_BLANK,
Works Completed.csv,20204,Image,MISSING_OR_BLANK,
Works Completed.csv,20214,Image,MISSING_OR_BLANK,
Works Completed.csv,20215,Image,MISSING_OR_BLANK,
Works Completed.csv,20216,Image,MISSING_OR_BLANK,
Works Completed.csv,20219,Image,MISSING_OR_BLANK,
Works Completed.csv,20225,Image,MISSING_OR_BLANK,
Works Completed.csv,20233,Image,MISSING_OR_BLANK,
Works Completed.csv,20234,Image,MISSING_OR_BLANK,
Works Completed.csv,20235,Image,MISSING_OR_BLANK,
Works Completed.csv,20236,Image,MISSING_OR_BLANK,
Works Completed.csv,20238,Image,MISSING_OR_BLANK,
Works Completed.csv,20241,Image,MISSING_OR_BLANK,
Works Completed.csv,20242,Image,MISSING_OR_BLANK,
Works Completed.csv,20244,Image,MISSING_OR_BLANK,
Works Completed.csv,20245,Image,MISSING_OR_BLANK,
Works Completed.csv,20251,Image,MISSING_OR_BLANK,
Works Completed.csv,20252,Image,MISSING_OR_BLANK,
Works Completed.csv,20259,Image,MISSING_OR_BLANK,
Works Completed.csv,20260,Image,MISSING_OR_BLANK,
Works Completed.csv,20266,Image,MISSING_OR_BLANK,
Works Completed.csv,20267,Image,MISSING_OR_BLANK,
Works Completed.csv,20269,Image,MISSING_OR_BLANK,
Works Completed.csv,20273,Image,MISSING_OR_BLANK,
Works Completed.csv,20277,Image,MISSING_OR_BLANK,
Works Completed.csv,20279,Image,MISSING_OR_BLANK,
Works Completed.csv,20282,Image,MISSING_OR_BLANK,
Works Completed.csv,20283,Image,MISSING_OR_BLANK,
Works Completed.csv,20284,Image,MISSING_OR_BLANK,
Works Completed.csv,20286,Image,MISSING_OR_BLANK,
Works Completed.csv,20295,Image,MISSING_OR_BLANK,
Works Completed.csv,20310,Image,MISSING_OR_BLANK,
Works Completed.csv,20320,Image,MISSING_OR_BLANK,
Works Completed.csv,20323,Image,MISSING_OR_BLANK,
Works Completed.csv,20324,Image,MISSING_OR_BLANK,
Works Completed.csv,20325,Image,MISSING_OR_BLANK,
Works Completed.csv,20332,Image,MISSING_OR_BLANK,
Works Completed.csv,20333,Image,MISSING_OR_BLANK,
Works Completed.csv,20334,Image,MISSING_OR_BLANK,
Works Completed.csv,20337,Image,MISSING_OR_BLANK,
Works Completed.csv,20338,Image,MISSING_OR_BLANK,
Works Completed.csv,20339,Image,MISSING_OR_BLANK,
Works Completed.csv,20340,Image,MISSING_OR_BLANK,
Works Completed.csv,20341,Image,MISSING_OR_BLANK,
Works Completed.csv,20342,Image,MISSING_OR_BLANK,
Works Completed.csv,20343,Image,MISSING_OR_BLANK,
Works Completed.csv,20345,Image,MISSING_OR_BLANK,
Works Completed.csv,20346,Image,MISSING_OR_BLANK,
Works Completed.csv,20347,Image,MISSING_OR_BLANK,
Works Completed.csv,20348,Image,MISSING_OR_BLANK,
Works Completed.csv,20349,Image,MISSING_OR_BLANK,
Works Completed.csv,20350,Image,MISSING_OR_BLANK,
Works Completed.csv,20351,Image,MISSING_OR_BLANK,
Works Completed.csv,20352,Image,MISSING_OR_BLANK,
Works Completed.csv,20353,Image,MISSING_OR_BLANK,
Works Completed.csv,20354,Image,MISSING_OR_BLANK,
Works Completed.csv,20356,Image,MISSING_OR_BLANK,
Works Completed.csv,20359,Image,MISSING_OR_BLANK,
Works Completed.csv,20361,Image,MISSING_OR_BLANK,
Works Completed.csv,20362,Image,MISSING_OR_BLANK,
Works Completed.csv,20364,Image,MISSING_OR_BLANK,
Works Completed.csv,20365,Image,MISSING_OR_BLANK,
Works Completed.csv,20368,Image,MISSING_OR_BLANK,
Works Completed.csv,20369,Image,MISSING_OR_BLANK,
Works Completed.csv,20370,Image,MISSING_OR_BLANK,
Works Completed.csv,20371,Image,MISSING_OR_BLANK,
Works Completed.csv,20372,Image,MISSING_OR_BLANK,
Works Completed.csv,20373,Image,MISSING_OR_BLANK,
Works Completed.csv,20374,Image,MISSING_OR_BLANK,
Works Completed.csv,20375,Image,MISSING_OR_BLANK,
Works Completed.csv,20376,Image,MISSING_OR_BLANK,
Works Completed.csv,20378,Image,MISSING_OR_BLANK,
Works Completed.csv,20379,Image,MISSING_OR_BLANK,
Works Completed.csv,20380,Image,MISSING_OR_BLANK,
Works Completed.csv,20381,Image,MISSING_OR_BLANK,
Works Completed.csv,20382,Image,MISSING_OR_BLANK,
Works Completed.csv,20384,Image,MISSING_OR_BLANK,
Works Completed.csv,20387,Image,MISSING_OR_BLANK,
Works Completed.csv,20390,Image,MISSING_OR_BLANK,
Works Completed.csv,20392,Image,MISSING_OR_BLANK,
Works Completed.csv,20394,Image,MISSING_OR_BLANK,
Works Completed.csv,20395,Image,MISSING_OR_BLANK,
Works Completed.csv,20396,Image,MISSING_OR_BLANK,
Works Completed.csv,20398,Image,MISSING_OR_BLANK,
Works Completed.csv,20399,Image,MISSING_OR_BLANK,
Works Completed.csv,20400,Image,MISSING_OR_BLANK,
Works Completed.csv,20401,Image,MISSING_OR_BLANK,
Works Completed.csv,20420,Image,MISSING_OR_BLANK,
Works Completed.csv,20445,Image,MISSING_OR_BLANK,
Works Completed.csv,20501,Image,MISSING_OR_BLANK,
Works Completed.csv,20534,Image,MISSING_OR_BLANK,
Works Completed.csv,20536,Image,MISSING_OR_BLANK,
Works Completed.csv,20540,Image,MISSING_OR_BLANK,
Works Completed.csv,20542,Image,MISSING_OR_BLANK,
Works Completed.csv,20543,Image,MISSING_OR_BLANK,
Works Completed.csv,20544,Image,MISSING_OR_BLANK,
Works Completed.csv,20545,Image,MISSING_OR_BLANK,
Works Completed.csv,20546,Image,MISSING_OR_BLANK,
Works Completed.csv,20547,Image,MISSING_OR_BLANK,
Works Completed.csv,20548,Image,MISSING_OR_BLANK,
Works Completed.csv,20549,Image,MISSING_OR_BLANK,
Works Completed.csv,20550,Image,MISSING_OR_BLANK,
Works Completed.csv,20552,Image,MISSING_OR_BLANK,
Works Completed.csv,20553,Image,MISSING_OR_BLANK,
Works Completed.csv,20555,Image,MISSING_OR_BLANK,
Works Completed.csv,20556,Image,MISSING_OR_BLANK,
Works Completed.csv,20557,Image,MISSING_OR_BLANK,
Works Completed.csv,20558,Image,MISSING_OR_BLANK,
Works Completed.csv,20559,Image,MISSING_OR_BLANK,
Works Completed.csv,20561,Image,MISSING_OR_BLANK,
Works Completed.csv,20562,Image,MISSING_OR_BLANK,
Works Completed.csv,20564,Image,MISSING_OR_BLANK,
Works Completed.csv,20566,Image,MISSING_OR_BLANK,
Works Completed.csv,20568,Image,MISSING_OR_BLANK,
Works Completed.csv,20570,Image,MISSING_OR_BLANK,
Works Completed.csv,20582,Image,MISSING_OR_BLANK,
Works Completed.csv,20584,Image,MISSING_OR_BLANK,
Works Completed.csv,20586,Image,MISSING_OR_BLANK,
Works Completed.csv,20617,Image,MISSING_OR_BLANK,
Works Completed.csv,20618,Image,MISSING_OR_BLANK,
Works Completed.csv,20619,Image,MISSING_OR_BLANK,
Works Completed.csv,20620,Image,MISSING_OR_BLANK,
Works Completed.csv,20621,Image,MISSING_OR_BLANK,
Works Completed.csv,20622,Image,MISSING_OR_BLANK,
Works Completed.csv,20623,Image,MISSING_OR_BLANK,
Works Completed.csv,20624,Image,MISSING_OR_BLANK,
Works Completed.csv,20625,Image,MISSING_OR_BLANK,
Works Completed.csv,20626,Image,MISSING_OR_BLANK,
Works Completed.csv,20627,Image,MISSING_OR_BLANK,
Works Completed.csv,20628,Image,MISSING_OR_BLANK,
Works Completed.csv,20629,Image,MISSING_OR_BLANK,
Works Completed.csv,20630,Image,MISSING_OR_BLANK,
Works Completed.csv,20631,Image,MISSING_OR_BLANK,
Works Completed.csv,20632,Image,MISSING_OR_BLANK,
Works Completed.csv,20633,Image,MISSING_OR_BLANK,
Works Completed.csv,20634,Image,MISSING_OR_BLANK,
Works Completed.csv,20635,Image,MISSING_OR_BLANK,
Works Completed.csv,20637,Image,MISSING_OR_BLANK,
Works Completed.csv,20638,Image,MISSING_OR_BLANK,
Works Completed.csv,20644,Image,MISSING_OR_BLANK,
Works Completed.csv,20648,Image,MISSING_OR_BLANK,
Works Completed.csv,20649,Image,MISSING_OR_BLANK,
Works Completed.csv,20659,Image,MISSING_OR_BLANK,
Works Completed.csv,20662,Image,MISSING_OR_BLANK,
Works Completed.csv,20664,Image,MISSING_OR_BLANK,
Works Completed.csv,20666,Image,MISSING_OR_BLANK,
Works Completed.csv,20667,Image,MISSING_OR_BLANK,
Works Completed.csv,20668,Image,MISSING_OR_BLANK,
Works Completed.csv,20669,Image,MISSING_OR_BLANK,
Works Completed.csv,20671,Image,MISSING_OR_BLANK,
Works Completed.csv,20672,Image,MISSING_OR_BLANK,
Works Completed.csv,20674,Image,MISSING_OR_BLANK,
Works Completed.csv,20675,Image,MISSING_OR_BLANK,
Works Completed.csv,20678,Image,MISSING_OR_BLANK,
Works Completed.csv,20679,Image,MISSING_OR_BLANK,
Works Completed.csv,20680,Image,MISSING_OR_BLANK,
Works Completed.csv,20681,Image,MISSING_OR_BLANK,
Works Completed.csv,20682,Image,MISSING_OR_BLANK,
Works Completed.csv,20683,Image,MISSING_OR_BLANK,
Works Completed.csv,20684,Image,MISSING_OR_BLANK,
Works Completed.csv,20685,Image,MISSING_OR_BLANK,
Works Completed.csv,20686,Image,MISSING_OR_BLANK,
Works Completed.csv,20687,Image,MISSING_OR_BLANK,
Works Completed.csv,20688,Image,MISSING_OR_BLANK,
Works Completed.csv,20689,Image,MISSING_OR_BLANK,
Works Completed.csv,20692,Image,MISSING_OR_BLANK,
Works Completed.csv,20697,Image,MISSING_OR_BLANK,
Works Completed.csv,20698,Image,MISSING_OR_BLANK,
Works Completed.csv,20701,Image,MISSING_OR_BLANK,
Works Completed.csv,20713,Image,MISSING_OR_BLANK,
Works Completed.csv,20714,Image,MISSING_OR_BLANK,
Works Completed.csv,20715,Image,MISSING_OR_BLANK,
Works Completed.csv,20716,Image,MISSING_OR_BLANK,
Works Completed.csv,20717,Image,MISSING_OR_BLANK,
Works Completed.csv,20718,Image,MISSING_OR_BLANK,
Works Completed.csv,20723,Image,MISSING_OR_BLANK,
Works Completed.csv,20732,Image,MISSING_OR_BLANK,
Works Completed.csv,20733,Image,MISSING_OR_BLANK,
Works Completed.csv,20739,Image,MISSING_OR_BLANK,
Works Completed.csv,20746,Image,MISSING_OR_BLANK,
Works Completed.csv,20755,Image,MISSING_OR_BLANK,
Works Completed.csv,20756,Image,MISSING_OR_BLANK,
Works Completed.csv,20757,Image,MISSING_OR_BLANK,
Works Completed.csv,20759,Image,MISSING_OR_BLANK,
Works Completed.csv,20760,Image,MISSING_OR_BLANK,
Works Completed.csv,20761,Image,MISSING_OR_BLANK,
Works Completed.csv,20762,Image,MISSING_OR_BLANK,
Works Completed.csv,20763,Image,MISSING_OR_BLANK,
Works Completed.csv,20764,Image,MISSING_OR_BLANK,
Works Completed.csv,20784,Image,MISSING_OR_BLANK,
Works Completed.csv,20788,Image,MISSING_OR_BLANK,
Works Completed.csv,20790,Image,MISSING_OR_BLANK,
Works Completed.csv,20791,Image,MISSING_OR_BLANK,
Works Completed.csv,20795,Image,MISSING_OR_BLANK,
Works Completed.csv,20796,Image,MISSING_OR_BLANK,
Works Completed.csv,20797,Image,MISSING_OR_BLANK,
Works Completed.csv,20799,Image,MISSING_OR_BLANK,
Works Completed.csv,20800,Image,MISSING_OR_BLANK,
Works Completed.csv,20801,Image,MISSING_OR_BLANK,
Works Completed.csv,20803,Image,MISSING_OR_BLANK,
Works Completed.csv,20804,Image,MISSING_OR_BLANK,
Works Completed.csv,20807,Image,MISSING_OR_BLANK,
Works Completed.csv,20809,Image,MISSING_OR_BLANK,
Works Completed.csv,20811,Image,MISSING_OR_BLANK,
Works Completed.csv,20812,Image,MISSING_OR_BLANK,
Works Completed.csv,20813,Image,MISSING_OR_BLANK,
Works Completed.csv,20814,Image,MISSING_OR_BLANK,
Works Completed.csv,20816,Image,MISSING_OR_BLANK,
Works Completed.csv,20817,Image,MISSING_OR_BLANK,
Works Completed.csv,20819,Image,MISSING_OR_BLANK,
Works Completed.csv,20820,Image,MISSING_OR_BLANK,
Works Completed.csv,20821,Image,MISSING_OR_BLANK,
Works Completed.csv,20822,Image,MISSING_OR_BLANK,
Works Completed.csv,20823,Image,MISSING_OR_BLANK,
Works Completed.csv,20826,Image,MISSING_OR_BLANK,
Works Completed.csv,20840,Image,MISSING_OR_BLANK,
Works Completed.csv,20842,Image,MISSING_OR_BLANK,
Works Completed.csv,20845,Image,MISSING_OR_BLANK,
Works Completed.csv,20846,Image,MISSING_OR_BLANK,
Works Completed.csv,20847,Image,MISSING_OR_BLANK,
Works Completed.csv,20848,Image,MISSING_OR_BLANK,
Works Completed.csv,20854,Image,MISSING_OR_BLANK,
Works Completed.csv,20870,Image,MISSING_OR_BLANK,
Works Completed.csv,20871,Image,MISSING_OR_BLANK,
Works Completed.csv,20872,Image,MISSING_OR_BLANK,
Works Completed.csv,20874,Image,MISSING_OR_BLANK,
Works Completed.csv,20875,Image,MISSING_OR_BLANK,
Works Completed.csv,20876,Image,MISSING_OR_BLANK,
Works Completed.csv,20877,Image,MISSING_OR_BLANK,
Works Completed.csv,20878,Image,MISSING_OR_BLANK,
Works Completed.csv,20879,Image,MISSING_OR_BLANK,
Works Completed.csv,20880,Image,MISSING_OR_BLANK,
Works Completed.csv,20881,Image,MISSING_OR_BLANK,
Works Completed.csv,20882,Image,MISSING_OR_BLANK,
Works Completed.csv,20885,Image,MISSING_OR_BLANK,
Works Completed.csv,20889,Image,MISSING_OR_BLANK,
Works Completed.csv,20894,Image,MISSING_OR_BLANK,
Works Completed.csv,20935,Image,MISSING_OR_BLANK,
Works Completed.csv,20937,Image,MISSING_OR_BLANK,
Works Completed.csv,20938,Image,MISSING_OR_BLANK,
Works Completed.csv,20939,Image,MISSING_OR_BLANK,
Works Completed.csv,20940,Image,MISSING_OR_BLANK,
Works Completed.csv,20941,Image,MISSING_OR_BLANK,
Works Completed.csv,20944,Image,MISSING_OR_BLANK,
Works Completed.csv,20951,Image,MISSING_OR_BLANK,
Works Completed.csv,20954,Image,MISSING_OR_BLANK,
Works Completed.csv,20956,Image,MISSING_OR_BLANK,
Works Completed.csv,20957,Image,MISSING_OR_BLANK,
Works Completed.csv,20958,Image,MISSING_OR_BLANK,
Works Completed.csv,20961,Image,MISSING_OR_BLANK,
Works Completed.csv,20965,Image,MISSING_OR_BLANK,
Works Completed.csv,20966,Image,MISSING_OR_BLANK,
Works Completed.csv,20968,Image,MISSING_OR_BLANK,
Works Completed.csv,20999,Image,MISSING_OR_BLANK,
Works Completed.csv,21000,Image,MISSING_OR_BLANK,
Works Completed.csv,21002,Image,MISSING_OR_BLANK,
Works Completed.csv,21003,Image,MISSING_OR_BLANK,
Works Completed.csv,21004,Image,MISSING_OR_BLANK,
Works Completed.csv,21005,Image,MISSING_OR_BLANK,
Works Completed.csv,21006,Image,MISSING_OR_BLANK,
Works Completed.csv,21007,Image,MISSING_OR_BLANK,
Works Completed.csv,21008,Image,MISSING_OR_BLANK,
Works Completed.csv,21009,Image,MISSING_OR_BLANK,
Works Completed.csv,21010,Image,MISSING_OR_BLANK,
Works Completed.csv,21011,Image,MISSING_OR_BLANK,
Works Completed.csv,21017,Image,MISSING_OR_BLANK,
Works Completed.csv,21018,Image,MISSING_OR_BLANK,
Works Completed.csv,21023,Image,MISSING_OR_BLANK,
Works Completed.csv,21025,Image,MISSING_OR_BLANK,
Works Completed.csv,21026,Image,MISSING_OR_BLANK,
Works Completed.csv,21031,Image,MISSING_OR_BLANK,
Works Completed.csv,21041,Image,MISSING_OR_BLANK,
Works Completed.csv,21043,Image,MISSING_OR_BLANK,
Works Completed.csv,21046,Image,MISSING_OR_BLANK,
Works Completed.csv,21049,Image,MISSING_OR_BLANK,
Works Completed.csv,21053,Image,MISSING_OR_BLANK,
Works Completed.csv,21057,Image,MISSING_OR_BLANK,
Works Completed.csv,21068,Image,MISSING_OR_BLANK,
Works Completed.csv,21069,Image,MISSING_OR_BLANK,
Works Completed.csv,21070,Image,MISSING_OR_BLANK,
Works Completed.csv,21071,Image,MISSING_OR_BLANK,
Works Completed.csv,21074,Image,MISSING_OR_BLANK,
Works Completed.csv,21082,Image,MISSING_OR_BLANK,
Works Completed.csv,21089,Image,MISSING_OR_BLANK,
Works Completed.csv,21092,Image,MISSING_OR_BLANK,
Works Completed.csv,21093,Image,MISSING_OR_BLANK,
Works Completed.csv,21094,Image,MISSING_OR_BLANK,
Works Completed.csv,21095,Image,MISSING_OR_BLANK,
Works Completed.csv,21099,Image,MISSING_OR_BLANK,
Works Completed.csv,21101,Image,MISSING_OR_BLANK,
Works Completed.csv,21104,Image,MISSING_OR_BLANK,
Works Completed.csv,21108,Image,MISSING_OR_BLANK,
Works Completed.csv,21110,Image,MISSING_OR_BLANK,
Works Completed.csv,21114,Image,MISSING_OR_BLANK,
Works Completed.csv,21115,Image,MISSING_OR_BLANK,
Works Completed.csv,21116,Image,MISSING_OR_BLANK,
Works Completed.csv,21117,Image,MISSING_OR_BLANK,
Works Completed.csv,21123,Image,MISSING_OR_BLANK,
Works Completed.csv,21124,Image,MISSING_OR_BLANK,
Works Completed.csv,21137,Image,MISSING_OR_BLANK,
Works Completed.csv,21155,Image,MISSING_OR_BLANK,
Works Completed.csv,21158,Image,MISSING_OR_BLANK,
Works Completed.csv,21159,Image,MISSING_OR_BLANK,
Works Completed.csv,21160,Image,MISSING_OR_BLANK,
Works Completed.csv,21163,Image,MISSING_OR_BLANK,
Works Completed.csv,21164,Image,MISSING_OR_BLANK,
Works Completed.csv,21165,Image,MISSING_OR_BLANK,
Works Completed.csv,21168,Image,MISSING_OR_BLANK,
Works Completed.csv,21170,Image,MISSING_OR_BLANK,
Works Completed.csv,21171,Image,MISSING_OR_BLANK,
Works Completed.csv,21174,Image,MISSING_OR_BLANK,
Works Completed.csv,21175,Image,MISSING_OR_BLANK,
Works Completed.csv,21176,Image,MISSING_OR_BLANK,
Works Completed.csv,21177,Image,MISSING_OR_BLANK,
Works Completed.csv,21180,Image,MISSING_OR_BLANK,
Works Completed.csv,21182,Image,MISSING_OR_BLANK,
Works Completed.csv,21183,Image,MISSING_OR_BLANK,
Works Completed.csv,21186,Image,MISSING_OR_BLANK,
Works Completed.csv,21187,Image,MISSING_OR_BLANK,
Works Completed.csv,21188,Image,MISSING_OR_BLANK,
Works Completed.csv,21189,Image,MISSING_OR_BLANK,
Works Completed.csv,21191,Image,MISSING_OR_BLANK,
Works Completed.csv,21197,Image,MISSING_OR_BLANK,
Works Completed.csv,21198,Image,MISSING_OR_BLANK,
Works Completed.csv,21199,Image,MISSING_OR_BLANK,
Works Completed.csv,21200,Image,MISSING_OR_BLANK,
Works Completed.csv,21201,Image,MISSING_OR_BLANK,
Works Completed.csv,21202,Image,MISSING_OR_BLANK,
Works Completed.csv,21203,Image,MISSING_OR_BLANK,
Works Completed.csv,21204,Image,MISSING_OR_BLANK,
Works Completed.csv,21205,Image,MISSING_OR_BLANK,
Works Completed.csv,21207,Image,MISSING_OR_BLANK,
Works Completed.csv,21208,Image,MISSING_OR_BLANK,
Works Completed.csv,21209,Image,MISSING_OR_BLANK,
Works Completed.csv,21210,Image,MISSING_OR_BLANK,
Works Completed.csv,21221,Image,MISSING_OR_BLANK,
Works Completed.csv,21224,Image,MISSING_OR_BLANK,
Works Completed.csv,21226,Image,MISSING_OR_BLANK,
Works Completed.csv,21227,Image,MISSING_OR_BLANK,
Works Completed.csv,21228,Image,MISSING_OR_BLANK,
Works Completed.csv,21229,Image,MISSING_OR_BLANK,
Works Completed.csv,21230,Image,MISSING_OR_BLANK,
Works Completed.csv,21234,Image,MISSING_OR_BLANK,
Works Completed.csv,21247,Image,MISSING_OR_BLANK,
Works Completed.csv,21253,Image,MISSING_OR_BLANK,
Works Completed.csv,21257,Image,MISSING_OR_BLANK,
Works Completed.csv,21258,Image,MISSING_OR_BLANK,
Works Completed.csv,21263,Image,MISSING_OR_BLANK,
Works Completed.csv,21271,Image,MISSING_OR_BLANK,
Works Completed.csv,21272,Image,MISSING_OR_BLANK,
Works Completed.csv,21273,Image,MISSING_OR_BLANK,
Works Completed.csv,21274,Image,MISSING_OR_BLANK,
Works Completed.csv,21277,Image,MISSING_OR_BLANK,
Works Completed.csv,21281,Image,MISSING_OR_BLANK,
Works Completed.csv,21290,Image,MISSING_OR_BLANK,
Works Completed.csv,21292,Image,MISSING_OR_BLANK,
Works Completed.csv,21304,Image,MISSING_OR_BLANK,
Works Completed.csv,21305,Image,MISSING_OR_BLANK,
Works Completed.csv,21306,Image,MISSING_OR_BLANK,
Works Completed.csv,21307,Image,MISSING_OR_BLANK,
Works Completed.csv,21309,Image,MISSING_OR_BLANK,
Works Completed.csv,21310,Image,MISSING_OR_BLANK,
Works Completed.csv,21312,Image,MISSING_OR_BLANK,
Works Completed.csv,21313,Image,MISSING_OR_BLANK,
Works Completed.csv,21314,Image,MISSING_OR_BLANK,
Works Completed.csv,21315,Image,MISSING_OR_BLANK,
Works Completed.csv,21316,Image,MISSING_OR_BLANK,
Works Completed.csv,21317,Image,MISSING_OR_BLANK,
Works Completed.csv,21319,Image,MISSING_OR_BLANK,
Works Completed.csv,21320,Image,MISSING_OR_BLANK,
Works Completed.csv,21321,Image,MISSING_OR_BLANK,
Works Completed.csv,21322,Image,MISSING_OR_BLANK,
Works Completed.csv,21326,Image,MISSING_OR_BLANK,
Works Completed.csv,21330,Image,MISSING_OR_BLANK,
Works Completed.csv,21333,Image,MISSING_OR_BLANK,
Works Completed.csv,21336,Image,MISSING_OR_BLANK,
Works Completed.csv,21338,Image,MISSING_OR_BLANK,
Works Completed.csv,21339,Image,MISSING_OR_BLANK,
Works Completed.csv,21340,Image,MISSING_OR_BLANK,
Works Completed.csv,21342,Image,MISSING_OR_BLANK,
Works Completed.csv,21345,Image,MISSING_OR_BLANK,
Works Completed.csv,21347,Image,MISSING_OR_BLANK,
Works Completed.csv,21351,Image,MISSING_OR_BLANK,
Works Completed.csv,21352,Image,MISSING_OR_BLANK,
Works Completed.csv,21353,Image,MISSING_OR_BLANK,
Works Completed.csv,21354,Image,MISSING_OR_BLANK,
Works Completed.csv,21355,Image,MISSING_OR_BLANK,
Works Completed.csv,21357,Image,MISSING_OR_BLANK,
Works Completed.csv,21358,Image,MISSING_OR_BLANK,
Works Completed.csv,21359,Image,MISSING_OR_BLANK,
Works Completed.csv,21398,Image,MISSING_OR_BLANK,
Works Completed.csv,21399,Image,MISSING_OR_BLANK,
Works Completed.csv,21400,Image,MISSING_OR_BLANK,
Works Completed.csv,21401,Image,MISSING_OR_BLANK,
Works Completed.csv,21402,Image,MISSING_OR_BLANK,
Works Completed.csv,21403,Image,MISSING_OR_BLANK,
Works Completed.csv,21415,Image,MISSING_OR_BLANK,
Works Completed.csv,21418,Image,MISSING_OR_BLANK,
Works Completed.csv,21420,Image,MISSING_OR_BLANK,
Works Completed.csv,21421,Image,MISSING_OR_BLANK,
Works Completed.csv,21430,Image,MISSING_OR_BLANK,
Works Completed.csv,21432,Image,MISSING_OR_BLANK,
Works Completed.csv,21436,Image,MISSING_OR_BLANK,
Works Completed.csv,21437,Image,MISSING_OR_BLANK,
Works Completed.csv,21438,Image,MISSING_OR_BLANK,
Works Completed.csv,21439,Image,MISSING_OR_BLANK,
Works Completed.csv,21440,Image,MISSING_OR_BLANK,
Works Completed.csv,21446,Image,MISSING_OR_BLANK,
Works Completed.csv,21450,Image,MISSING_OR_BLANK,
Works Completed.csv,21451,Image,MISSING_OR_BLANK,
Works Completed.csv,21454,Image,MISSING_OR_BLANK,
Works Completed.csv,21456,Image,MISSING_OR_BLANK,
Works Completed.csv,21458,Image,MISSING_OR_BLANK,
Works Completed.csv,21459,Image,MISSING_OR_BLANK,
Works Completed.csv,21460,Image,MISSING_OR_BLANK,
Works Completed.csv,21462,Image,MISSING_OR_BLANK,
Works Completed.csv,21464,Image,MISSING_OR_BLANK,
Works Completed.csv,21465,Image,MISSING_OR_BLANK,
Works Completed.csv,21467,Image,MISSING_OR_BLANK,
Works Completed.csv,21468,Image,MISSING_OR_BLANK,
Works Completed.csv,21470,Image,MISSING_OR_BLANK,
Works Completed.csv,21473,Image,MISSING_OR_BLANK,
Works Completed.csv,21474,Image,MISSING_OR_BLANK,
Works Completed.csv,21475,Image,MISSING_OR_BLANK,
Works Completed.csv,21476,Image,MISSING_OR_BLANK,
Works Completed.csv,21477,Image,MISSING_OR_BLANK,
Works Completed.csv,21478,Image,MISSING_OR_BLANK,
Works Completed.csv,21479,Image,MISSING_OR_BLANK,
Works Completed.csv,21480,Image,MISSING_OR_BLANK,
Works Completed.csv,21482,Image,MISSING_OR_BLANK,
Works Completed.csv,21487,Image,MISSING_OR_BLANK,
Works Completed.csv,21488,Image,MISSING_OR_BLANK,
Works Completed.csv,21489,Image,MISSING_OR_BLANK,
Works Completed.csv,21490,Image,MISSING_OR_BLANK,
Works Completed.csv,21491,Image,MISSING_OR_BLANK,
Works Completed.csv,21493,Image,MISSING_OR_BLANK,
Works Completed.csv,21497,Image,MISSING_OR_BLANK,
Works Completed.csv,21499,Image,MISSING_OR_BLANK,
Works Completed.csv,21500,Image,MISSING_OR_BLANK,
Works Completed.csv,21501,Image,MISSING_OR_BLANK,
Works Completed.csv,21502,Image,MISSING_OR_BLANK,
Works Completed.csv,21503,Image,MISSING_OR_BLANK,
Works Completed.csv,21506,Image,MISSING_OR_BLANK,
Works Completed.csv,21507,Image,MISSING_OR_BLANK,
Works Completed.csv,21508,Image,MISSING_OR_BLANK,
Works Completed.csv,21509,Image,MISSING_OR_BLANK,
Works Completed.csv,21511,Image,MISSING_OR_BLANK,
Works Completed.csv,21512,Image,MISSING_OR_BLANK,
Works Completed.csv,21514,Image,MISSING_OR_BLANK,
Works Completed.csv,21516,Image,MISSING_OR_BLANK,
Works Completed.csv,21517,Image,MISSING_OR_BLANK,
Works Completed.csv,21518,Image,MISSING_OR_BLANK,
Works Completed.csv,21519,Image,MISSING_OR_BLANK,
Works Completed.csv,21520,Image,MISSING_OR_BLANK,
Works Completed.csv,21521,Image,MISSING_OR_BLANK,
Works Completed.csv,21523,Image,MISSING_OR_BLANK,
Works Completed.csv,21525,Image,MISSING_OR_BLANK,
Works Completed.csv,21526,Image,MISSING_OR_BLANK,
Works Completed.csv,21527,Image,MISSING_OR_BLANK,
Works Completed.csv,21528,Image,MISSING_OR_BLANK,
Works Completed.csv,21532,Image,MISSING_OR_BLANK,
Works Completed.csv,21535,Image,MISSING_OR_BLANK,
Works Completed.csv,21538,Image,MISSING_OR_BLANK,
Works Completed.csv,21542,Image,MISSING_OR_BLANK,
Works Completed.csv,21580,Image,MISSING_OR_BLANK,
Works Completed.csv,21584,Image,MISSING_OR_BLANK,
Works Completed.csv,21587,Image,MISSING_OR_BLANK,
Works Completed.csv,21602,Image,MISSING_OR_BLANK,
Works Completed.csv,21616,Image,MISSING_OR_BLANK,
Works Completed.csv,21627,Image,MISSING_OR_BLANK,
Works Completed.csv,21653,Image,MISSING_OR_BLANK,
Works Completed.csv,21661,Image,MISSING_OR_BLANK,
Works Completed.csv,21662,Image,MISSING_OR_BLANK,
Works Completed.csv,21663,Image,MISSING_OR_BLANK,
Works Completed.csv,21669,Image,MISSING_OR_BLANK,
Works Completed.csv,21670,Image,MISSING_OR_BLANK,
Works Completed.csv,21671,Image,MISSING_OR_BLANK,
Works Completed.csv,21673,Image,MISSING_OR_BLANK,
Works Completed.csv,21674,Image,MISSING_OR_BLANK,
Works Completed.csv,21675,Image,MISSING_OR_BLANK,
Works Completed.csv,21676,Image,MISSING_OR_BLANK,
Works Completed.csv,21677,Image,MISSING_OR_BLANK,
Works Completed.csv,21678,Image,MISSING_OR_BLANK,
Works Completed.csv,21679,Image,MISSING_OR_BLANK,
Works Completed.csv,21680,Image,MISSING_OR_BLANK,
Works Completed.csv,21681,Image,MISSING_OR_BLANK,
Works Completed.csv,21682,Image,MISSING_OR_BLANK,
Works Completed.csv,21683,Image,MISSING_OR_BLANK,
Works Completed.csv,21684,Image,MISSING_OR_BLANK,
Works Completed.csv,21685,Image,MISSING_OR_BLANK,
Works Completed.csv,21686,Image,MISSING_OR_BLANK,
Works Completed.csv,21693,Image,MISSING_OR_BLANK,
Works Completed.csv,21694,Image,MISSING_OR_BLANK,
Works Completed.csv,21695,Image,MISSING_OR_BLANK,
Works Completed.csv,21699,Image,MISSING_OR_BLANK,
Works Completed.csv,21700,Image,MISSING_OR_BLANK,
Works Completed.csv,21702,Image,MISSING_OR_BLANK,
Works Completed.csv,21703,Image,MISSING_OR_BLANK,
Works Completed.csv,21706,Image,MISSING_OR_BLANK,
Works Completed.csv,21713,Image,MISSING_OR_BLANK,
Works Completed.csv,21716,Image,MISSING_OR_BLANK,
Works Completed.csv,21719,Image,MISSING_OR_BLANK,
Works Completed.csv,21720,Image,MISSING_OR_BLANK,
Works Completed.csv,21722,Image,MISSING_OR_BLANK,
Works Completed.csv,21723,Image,MISSING_OR_BLANK,
Works Completed.csv,21724,Image,MISSING_OR_BLANK,
Works Completed.csv,21725,Image,MISSING_OR_BLANK,
Works Completed.csv,21726,Image,MISSING_OR_BLANK,
Works Completed.csv,21727,Image,MISSING_OR_BLANK,
Works Completed.csv,21728,Image,MISSING_OR_BLANK,
Works Completed.csv,21730,Image,MISSING_OR_BLANK,
Works Completed.csv,21740,Image,MISSING_OR_BLANK,
Works Completed.csv,21741,Image,MISSING_OR_BLANK,
Works Completed.csv,21746,Image,MISSING_OR_BLANK,
Works Completed.csv,21755,Image,MISSING_OR_BLANK,
Works Completed.csv,21758,Image,MISSING_OR_BLANK,
Works Completed.csv,21760,Image,MISSING_OR_BLANK,
Works Completed.csv,21761,Image,MISSING_OR_BLANK,
Works Completed.csv,21768,Image,MISSING_OR_BLANK,
Works Completed.csv,21770,Image,MISSING_OR_BLANK,
Works Completed.csv,21771,Image,MISSING_OR_BLANK,
Works Completed.csv,21777,Image,MISSING_OR_BLANK,
Works Completed.csv,21779,Image,MISSING_OR_BLANK,
Works Completed.csv,21785,Image,MISSING_OR_BLANK,
Works Completed.csv,21788,Image,MISSING_OR_BLANK,
Works Completed.csv,21801,Image,MISSING_OR_BLANK,
Works Completed.csv,21802,Image,MISSING_OR_BLANK,
Works Completed.csv,21804,Image,MISSING_OR_BLANK,
Works Completed.csv,21805,Image,MISSING_OR_BLANK,
Works Completed.csv,21810,Image,MISSING_OR_BLANK,
Works Completed.csv,21817,Image,MISSING_OR_BLANK,
Works Completed.csv,21819,Image,MISSING_OR_BLANK,
Works Completed.csv,21828,Image,MISSING_OR_BLANK,
Works Completed.csv,21834,Image,MISSING_OR_BLANK,
Works Completed.csv,21838,Image,MISSING_OR_BLANK,
Works Completed.csv,21839,Image,MISSING_OR_BLANK,
Works Completed.csv,21840,Image,MISSING_OR_BLANK,
Works Completed.csv,21842,Image,MISSING_OR_BLANK,
Works Completed.csv,21865,Image,MISSING_OR_BLANK,
Works Completed.csv,21866,Image,MISSING_OR_BLANK,
Works Completed.csv,21867,Image,MISSING_OR_BLANK,
Works Completed.csv,21868,Image,MISSING_OR_BLANK,
Works Completed.csv,21871,Image,MISSING_OR_BLANK,
Works Completed.csv,21872,Image,MISSING_OR_BLANK,
Works Completed.csv,21882,Image,MISSING_OR_BLANK,
Works Completed.csv,21905,Image,MISSING_OR_BLANK,
Works Completed.csv,21913,Image,MISSING_OR_BLANK,
Works Completed.csv,21916,Image,MISSING_OR_BLANK,
Works Completed.csv,21933,Image,MISSING_OR_BLANK,
Works Completed.csv,21935,Image,MISSING_OR_BLANK,
Works Completed.csv,21936,Image,MISSING_OR_BLANK,
Works Completed.csv,21937,Image,MISSING_OR_BLANK,
Works Completed.csv,21938,Image,MISSING_OR_BLANK,
Works Completed.csv,21939,Image,MISSING_OR_BLANK,
Works Completed.csv,21940,Image,MISSING_OR_BLANK,
Works Completed.csv,21941,Image,MISSING_OR_BLANK,
Works Completed.csv,21942,Image,MISSING_OR_BLANK,
Works Completed.csv,21943,Image,MISSING_OR_BLANK,
Works Completed.csv,21944,Image,MISSING_OR_BLANK,
Works Completed.csv,21945,Image,MISSING_OR_BLANK,
Works Completed.csv,21946,Image,MISSING_OR_BLANK,
Works Completed.csv,21948,Image,MISSING_OR_BLANK,
Works Completed.csv,21949,Image,MISSING_OR_BLANK,
Works Completed.csv,21950,Image,MISSING_OR_BLANK,
Works Completed.csv,21952,Image,MISSING_OR_BLANK,
Works Completed.csv,21953,Image,MISSING_OR_BLANK,
Works Completed.csv,21954,Image,MISSING_OR_BLANK,
Works Completed.csv,21955,Image,MISSING_OR_BLANK,
Works Completed.csv,21959,Image,MISSING_OR_BLANK,
Works Completed.csv,21960,Image,MISSING_OR_BLANK,
Works Completed.csv,21962,Image,MISSING_OR_BLANK,
Works Completed.csv,21963,Image,MISSING_OR_BLANK,
Works Completed.csv,21965,Image,MISSING_OR_BLANK,
Works Completed.csv,21967,Image,MISSING_OR_BLANK,
Works Completed.csv,21969,Image,MISSING_OR_BLANK,
Works Completed.csv,21977,Image,MISSING_OR_BLANK,
Works Completed.csv,21981,Image,MISSING_OR_BLANK,
Works Completed.csv,21983,Image,MISSING_OR_BLANK,
Works Completed.csv,21987,Image,MISSING_OR_BLANK,
Works Completed.csv,21989,Image,MISSING_OR_BLANK,
Works Completed.csv,21990,Image,MISSING_OR_BLANK,
Works Completed.csv,21991,Image,MISSING_OR_BLANK,
Works Completed.csv,21992,Image,MISSING_OR_BLANK,
Works Completed.csv,21993,Image,MISSING_OR_BLANK,
Works Completed.csv,21996,Image,MISSING_OR_BLANK,
Works Completed.csv,21997,Image,MISSING_OR_BLANK,
Works Completed.csv,21999,Image,MISSING_OR_BLANK,
Works Completed.csv,22001,Image,MISSING_OR_BLANK,
Works Completed.csv,22007,Image,MISSING_OR_BLANK,
Works Completed.csv,22012,Image,MISSING_OR_BLANK,
Works Completed.csv,22020,Image,MISSING_OR_BLANK,
Works Completed.csv,22026,Image,MISSING_OR_BLANK,
Works Completed.csv,22029,Image,MISSING_OR_BLANK,
Works Completed.csv,22038,Image,MISSING_OR_BLANK,
Works Completed.csv,22048,Image,MISSING_OR_BLANK,
Works Completed.csv,22050,Image,MISSING_OR_BLANK,
Works Completed.csv,22053,Image,MISSING_OR_BLANK,
Works Completed.csv,22055,Image,MISSING_OR_BLANK,
Works Completed.csv,22065,Image,MISSING_OR_BLANK,
Works Completed.csv,22068,Image,MISSING_OR_BLANK,
Works Completed.csv,22071,Image,MISSING_OR_BLANK,
Works Completed.csv,22074,Image,MISSING_OR_BLANK,
Works Completed.csv,22079,Image,MISSING_OR_BLANK,
Works Completed.csv,22150,Image,MISSING_OR_BLANK,
Works Completed.csv,22162,Image,MISSING_OR_BLANK,
Works Completed.csv,22165,Image,MISSING_OR_BLANK,
Works Completed.csv,22166,Image,MISSING_OR_BLANK,
Works Completed.csv,22168,Image,MISSING_OR_BLANK,
Works Completed.csv,22171,Image,MISSING_OR_BLANK,
Works Completed.csv,22177,Image,MISSING_OR_BLANK,
Works Completed.csv,22179,Image,MISSING_OR_BLANK,
Works Completed.csv,22181,Image,MISSING_OR_BLANK,
Works Completed.csv,22182,Image,MISSING_OR_BLANK,
Works Completed.csv,22190,Image,MISSING_OR_BLANK,
Works Completed.csv,22192,Image,MISSING_OR_BLANK,
Works Completed.csv,22193,Image,MISSING_OR_BLANK,
Works Completed.csv,22199,Image,MISSING_OR_BLANK,
Works Completed.csv,22201,Image,MISSING_OR_BLANK,
Works Completed.csv,22204,Image,MISSING_OR_BLANK,
Works Completed.csv,22210,Image,MISSING_OR_BLANK,
Works Completed.csv,22211,Image,MISSING_OR_BLANK,
Works Completed.csv,22213,Image,MISSING_OR_BLANK,
Works Completed.csv,22214,Image,MISSING_OR_BLANK,
Works Completed.csv,22217,Image,MISSING_OR_BLANK,
Works Completed.csv,22219,Image,MISSING_OR_BLANK,
Works Completed.csv,22220,Image,MISSING_OR_BLANK,
Works Completed.csv,22221,Image,MISSING_OR_BLANK,
Works Completed.csv,22222,Image,MISSING_OR_BLANK,
Works Completed.csv,22224,Image,MISSING_OR_BLANK,
Works Completed.csv,22227,Image,MISSING_OR_BLANK,
Works Completed.csv,22234,Image,MISSING_OR_BLANK,
Works Completed.csv,22242,Image,MISSING_OR_BLANK,
Works Completed.csv,22244,Image,MISSING_OR_BLANK,
Works Completed.csv,22247,Image,MISSING_OR_BLANK,
Works Completed.csv,22249,Image,MISSING_OR_BLANK,
Works Completed.csv,22252,Image,MISSING_OR_BLANK,
Works Completed.csv,22253,Image,MISSING_OR_BLANK,
Works Completed.csv,22256,Image,MISSING_OR_BLANK,
Works Completed.csv,22276,Image,MISSING_OR_BLANK,
Works Completed.csv,22278,Image,MISSING_OR_BLANK,
Works Completed.csv,22283,Image,MISSING_OR_BLANK,
Works Completed.csv,22286,Image,MISSING_OR_BLANK,
Works Completed.csv,22292,Image,MISSING_OR_BLANK,
Works Completed.csv,22293,Image,MISSING_OR_BLANK,
Works Completed.csv,22294,Image,MISSING_OR_BLANK,
Works Completed.csv,22296,Image,MISSING_OR_BLANK,
Works Completed.csv,22298,Image,MISSING_OR_BLANK,
Works Completed.csv,22299,Image,MISSING_OR_BLANK,
Works Completed.csv,22301,Image,MISSING_OR_BLANK,
Works Completed.csv,22302,Image,MISSING_OR_BLANK,
Works Completed.csv,22304,Image,MISSING_OR_BLANK,
Works Completed.csv,22310,Image,MISSING_OR_BLANK,
Works Completed.csv,22319,Image,MISSING_OR_BLANK,
Works Completed.csv,22320,Image,MISSING_OR_BLANK,
Works Completed.csv,22321,Image,MISSING_OR_BLANK,
Works Completed.csv,22332,Image,MISSING_OR_BLANK,
Works Completed.csv,22335,Image,MISSING_OR_BLANK,
Works Completed.csv,22350,Image,MISSING_OR_BLANK,
Works Completed.csv,22357,Image,MISSING_OR_BLANK,
Works Completed.csv,22360,Image,MISSING_OR_BLANK,
Works Completed.csv,22365,Image,MISSING_OR_BLANK,
Works Completed.csv,22366,Image,MISSING_OR_BLANK,
Works Completed.csv,22371,Image,MISSING_OR_BLANK,
Works Completed.csv,22374,Image,MISSING_OR_BLANK,
Works Completed.csv,22376,Image,MISSING_OR_BLANK,
Works Completed.csv,22382,Image,MISSING_OR_BLANK,
Works Completed.csv,22383,Image,MISSING_OR_BLANK,
Works Completed.csv,22387,Image,MISSING_OR_BLANK,
Works Completed.csv,22391,Image,MISSING_OR_BLANK,
Works Completed.csv,22397,Image,MISSING_OR_BLANK,
Works Completed.csv,22405,Image,MISSING_OR_BLANK,
Works Completed.csv,22406,Image,MISSING_OR_BLANK,
Works Completed.csv,22407,Image,MISSING_OR_BLANK,
Works Completed.csv,22408,Image,MISSING_OR_BLANK,
Works Completed.csv,22409,Image,MISSING_OR_BLANK,
Works Completed.csv,22412,Image,MISSING_OR_BLANK,
Works Completed.csv,22418,Image,MISSING_OR_BLANK,
Works Completed.csv,22433,Image,MISSING_OR_BLANK,
Works Completed.csv,22434,Image,MISSING_OR_BLANK,
Works Completed.csv,22447,Image,MISSING_OR_BLANK,
Works Completed.csv,22451,Image,MISSING_OR_BLANK,
Works Completed.csv,22452,Image,MISSING_OR_BLANK,
Works Completed.csv,22463,Image,MISSING_OR_BLANK,
Works Completed.csv,22471,Image,MISSING_OR_BLANK,
Works Completed.csv,22479,Image,MISSING_OR_BLANK,
Works Completed.csv,22483,Image,MISSING_OR_BLANK,
Works Completed.csv,22495,Image,MISSING_OR_BLANK,
Works Completed.csv,22499,Image,MISSING_OR_BLANK,
Works Completed.csv,22500,Image,MISSING_OR_BLANK,
Works Completed.csv,22501,Image,MISSING_OR_BLANK,
Works Completed.csv,22503,Image,MISSING_OR_BLANK,
Works Completed.csv,22505,Image,MISSING_OR_BLANK,
Works Completed.csv,22519,Image,MISSING_OR_BLANK,
Works Completed.csv,22521,Image,MISSING_OR_BLANK,
Works Completed.csv,22536,Image,MISSING_OR_BLANK,
Works Completed.csv,22574,Image,MISSING_OR_BLANK,
Works Completed.csv,22575,Image,MISSING_OR_BLANK,
Works Completed.csv,22576,Image,MISSING_OR_BLANK,
Works Completed.csv,22577,Image,MISSING_OR_BLANK,
Works Completed.csv,22582,Image,MISSING_OR_BLANK,
Works Completed.csv,22584,Image,MISSING_OR_BLANK,
Works Completed.csv,22586,Image,MISSING_OR_BLANK,
Works Completed.csv,22588,Image,MISSING_OR_BLANK,
Works Completed.csv,22589,Image,MISSING_OR_BLANK,
Works Completed.csv,22590,Image,MISSING_OR_BLANK,
Works Completed.csv,22592,Image,MISSING_OR_BLANK,
Works Completed.csv,22593,Image,MISSING_OR_BLANK,
Works Completed.csv,22604,Image,MISSING_OR_BLANK,
Works Completed.csv,22606,Image,MISSING_OR_BLANK,
Works Completed.csv,22608,Image,MISSING_OR_BLANK,
Works Completed.csv,22609,Image,MISSING_OR_BLANK,
Works Completed.csv,22610,Image,MISSING_OR_BLANK,
Works Completed.csv,22614,Image,MISSING_OR_BLANK,
Works Completed.csv,22615,Image,MISSING_OR_BLANK,
Works Completed.csv,22616,Image,MISSING_OR_BLANK,
Works Completed.csv,22622,Image,MISSING_OR_BLANK,
Works Completed.csv,22624,Image,MISSING_OR_BLANK,
Works Completed.csv,22643,Image,MISSING_OR_BLANK,
Works Completed.csv,22648,Image,MISSING_OR_BLANK,
Works Completed.csv,22649,Image,MISSING_OR_BLANK,
Works Completed.csv,22652,Image,MISSING_OR_BLANK,
Works Completed.csv,22653,Image,MISSING_OR_BLANK,
Works Completed.csv,22656,Image,MISSING_OR_BLANK,
Works Completed.csv,22657,Image,MISSING_OR_BLANK,
Works Completed.csv,22659,Image,MISSING_OR_BLANK,
Works Completed.csv,22677,Image,MISSING_OR_BLANK,
Works Completed.csv,22679,Image,MISSING_OR_BLANK,
Works Completed.csv,22681,Image,MISSING_OR_BLANK,
Works Completed.csv,22692,Image,MISSING_OR_BLANK,
Works Completed.csv,22697,Image,MISSING_OR_BLANK,
Works Completed.csv,22705,Image,MISSING_OR_BLANK,
Works Completed.csv,22716,Image,MISSING_OR_BLANK,
Works Completed.csv,22717,Image,MISSING_OR_BLANK,
Works Completed.csv,22718,Image,MISSING_OR_BLANK,
Works Completed.csv,22721,Image,MISSING_OR_BLANK,
Works Completed.csv,22722,Image,MISSING_OR_BLANK,
Works Completed.csv,22723,Image,MISSING_OR_BLANK,
Works Completed.csv,22724,Image,MISSING_OR_BLANK,
Works Completed.csv,22726,Image,MISSING_OR_BLANK,
Works Completed.csv,22727,Image,MISSING_OR_BLANK,
Works Completed.csv,22728,Image,MISSING_OR_BLANK,
Works Completed.csv,22731,Image,MISSING_OR_BLANK,
Works Completed.csv,22733,Image,MISSING_OR_BLANK,
Works Completed.csv,22734,Image,MISSING_OR_BLANK,
Works Completed.csv,22736,Image,MISSING_OR_BLANK,
Works Completed.csv,22737,Image,MISSING_OR_BLANK,
Works Completed.csv,22742,Image,MISSING_OR_BLANK,
Works Completed.csv,22744,Image,MISSING_OR_BLANK,
Works Completed.csv,22745,Image,MISSING_OR_BLANK,
Works Completed.csv,22749,Image,MISSING_OR_BLANK,
Works Completed.csv,22750,Image,MISSING_OR_BLANK,
Works Completed.csv,22751,Image,MISSING_OR_BLANK,
Works Completed.csv,22752,Image,MISSING_OR_BLANK,
Works Completed.csv,22753,Image,MISSING_OR_BLANK,
Works Completed.csv,22754,Image,MISSING_OR_BLANK,
Works Completed.csv,22758,Image,MISSING_OR_BLANK,
Works Completed.csv,22765,Image,MISSING_OR_BLANK,
Works Completed.csv,22768,Image,MISSING_OR_BLANK,
Works Completed.csv,22769,Image,MISSING_OR_BLANK,
Works Completed.csv,22771,Image,MISSING_OR_BLANK,
Works Completed.csv,22772,Image,MISSING_OR_BLANK,
Works Completed.csv,22773,Image,MISSING_OR_BLANK,
Works Completed.csv,22774,Image,MISSING_OR_BLANK,
Works Completed.csv,22775,Image,MISSING_OR_BLANK,
Works Completed.csv,22777,Image,MISSING_OR_BLANK,
Works Completed.csv,22778,Image,MISSING_OR_BLANK,
Works Completed.csv,22786,Image,MISSING_OR_BLANK,
Works Completed.csv,22787,Image,MISSING_OR_BLANK,
Works Completed.csv,22788,Image,MISSING_OR_BLANK,
Works Completed.csv,22789,Image,MISSING_OR_BLANK,
Works Completed.csv,22792,Image,MISSING_OR_BLANK,
Works Completed.csv,22794,Image,MISSING_OR_BLANK,
Works Completed.csv,22795,Image,MISSING_OR_BLANK,
Works Completed.csv,22799,Image,MISSING_OR_BLANK,
Works Completed.csv,22801,Image,MISSING_OR_BLANK,
Works Completed.csv,22806,Image,MISSING_OR_BLANK,
Works Completed.csv,22807,Image,MISSING_OR_BLANK,
Works Completed.csv,22808,Image,MISSING_OR_BLANK,
Works Completed.csv,22810,Image,MISSING_OR_BLANK,
Works Completed.csv,22811,Image,MISSING_OR_BLANK,
Works Completed.csv,22820,Image,MISSING_OR_BLANK,
Works Completed.csv,22822,Image,MISSING_OR_BLANK,
Works Completed.csv,22824,Image,MISSING_OR_BLANK,
Works Completed.csv,22830,Image,MISSING_OR_BLANK,
Works Completed.csv,22831,Image,MISSING_OR_BLANK,
Works Completed.csv,22832,Image,MISSING_OR_BLANK,
Works Completed.csv,22833,Image,MISSING_OR_BLANK,
Works Completed.csv,22835,Image,MISSING_OR_BLANK,
Works Completed.csv,22851,Image,MISSING_OR_BLANK,
Works Completed.csv,22855,Image,MISSING_OR_BLANK,
Works Completed.csv,22857,Image,MISSING_OR_BLANK,
Works Completed.csv,22859,Image,MISSING_OR_BLANK,
Works Completed.csv,22860,Image,MISSING_OR_BLANK,
Works Completed.csv,22862,Image,MISSING_OR_BLANK,
Works Completed.csv,22864,Image,MISSING_OR_BLANK,
Works Completed.csv,22870,Image,MISSING_OR_BLANK,
Works Completed.csv,22871,Image,MISSING_OR_BLANK,
Works Completed.csv,22873,Image,MISSING_OR_BLANK,
Works Completed.csv,22877,Image,MISSING_OR_BLANK,
Works Completed.csv,22879,Image,MISSING_OR_BLANK,
Works Completed.csv,22887,Image,MISSING_OR_BLANK,
Works Completed.csv,22890,Image,MISSING_OR_BLANK,
Works Completed.csv,22892,Image,MISSING_OR_BLANK,
Works Completed.csv,22895,Image,MISSING_OR_BLANK,
Works Completed.csv,22898,Image,MISSING_OR_BLANK,
Works Completed.csv,22900,Image,MISSING_OR_BLANK,
Works Completed.csv,22902,Image,MISSING_OR_BLANK,
Works Completed.csv,22903,Image,MISSING_OR_BLANK,
Works Completed.csv,22904,Image,MISSING_OR_BLANK,
Works Completed.csv,22906,Image,MISSING_OR_BLANK,
Works Completed.csv,22907,Image,MISSING_OR_BLANK,
Works Completed.csv,22916,Image,MISSING_OR_BLANK,
Works Completed.csv,22919,Image,MISSING_OR_BLANK,
Works Completed.csv,22921,Image,MISSING_OR_BLANK,
Works Completed.csv,22935,Image,MISSING_OR_BLANK,
Works Completed.csv,22944,Image,MISSING_OR_BLANK,
Works Completed.csv,22950,Image,MISSING_OR_BLANK,
Works Completed.csv,23032,Image,MISSING_OR_BLANK,
Works Completed.csv,23059,Image,MISSING_OR_BLANK,
Works Completed.csv,23076,Image,MISSING_OR_BLANK,
Works Completed.csv,23083,Image,MISSING_OR_BLANK,
Works Completed.csv,23086,Image,MISSING_OR_BLANK,
Works Completed.csv,23088,Image,MISSING_OR_BLANK,
Works Completed.csv,23092,Image,MISSING_OR_BLANK,
Works Completed.csv,23096,Image,MISSING_OR_BLANK,
Works Completed.csv,23108,Image,MISSING_OR_BLANK,
Works Completed.csv,23146,Image,MISSING_OR_BLANK,
Works Completed.csv,23165,Image,MISSING_OR_BLANK,
Works Completed.csv,23167,Image,MISSING_OR_BLANK,
Works Completed.csv,23168,Image,MISSING_OR_BLANK,
Works Completed.csv,23170,Image,MISSING_OR_BLANK,
Works Completed.csv,23172,Image,MISSING_OR_BLANK,
Works Completed.csv,23200,Image,MISSING_OR_BLANK,
Works Completed.csv,23201,Image,MISSING_OR_BLANK,
Works Completed.csv,23210,Image,MISSING_OR_BLANK,
Works Completed.csv,23225,Image,MISSING_OR_BLANK,
Works Completed.csv,23227,Image,MISSING_OR_BLANK,
Works Completed.csv,23235,Image,MISSING_OR_BLANK,
Works Completed.csv,23238,Image,MISSING_OR_BLANK,
Works Completed.csv,23269,Image,MISSING_OR_BLANK,
Works Completed.csv,23270,Image,MISSING_OR_BLANK,
Works Completed.csv,23277,Image,MISSING_OR_BLANK,
Works Completed.csv,23280,Image,MISSING_OR_BLANK,
Works Completed.csv,23281,Image,MISSING_OR_BLANK,
Works Completed.csv,23282,Image,MISSING_OR_BLANK,
Works Completed.csv,23283,Image,MISSING_OR_BLANK,
Works Completed.csv,23286,Image,MISSING_OR_BLANK,
Works Completed.csv,23289,Image,MISSING_OR_BLANK,
Works Completed.csv,23290,Image,MISSING_OR_BLANK,
Works Completed.csv,23307,Image,MISSING_OR_BLANK,
Works Completed.csv,23310,Image,MISSING_OR_BLANK,
Works Completed.csv,23316,Image,MISSING_OR_BLANK,
Works Completed.csv,23317,Image,MISSING_OR_BLANK,
Works Completed.csv,23318,Image,MISSING_OR_BLANK,
Works Completed.csv,23319,Image,MISSING_OR_BLANK,
Works Completed.csv,23321,Image,MISSING_OR_BLANK,
Works Completed.csv,23322,Image,MISSING_OR_BLANK,
Works Completed.csv,23323,Image,MISSING_OR_BLANK,
Works Completed.csv,23326,Image,MISSING_OR_BLANK,
Works Completed.csv,23327,Image,MISSING_OR_BLANK,
Works Completed.csv,23328,Image,MISSING_OR_BLANK,
Works Completed.csv,23329,Image,MISSING_OR_BLANK,
Works Completed.csv,23330,Image,MISSING_OR_BLANK,
Works Completed.csv,23332,Image,MISSING_OR_BLANK,
Works Completed.csv,23333,Image,MISSING_OR_BLANK,
Works Completed.csv,23334,Image,MISSING_OR_BLANK,
Works Completed.csv,23335,Image,MISSING_OR_BLANK,
Works Completed.csv,23336,Image,MISSING_OR_BLANK,
Works Completed.csv,23337,Image,MISSING_OR_BLANK,
Works Completed.csv,23338,Image,MISSING_OR_BLANK,
Works Completed.csv,23339,Image,MISSING_OR_BLANK,
Works Completed.csv,23340,Image,MISSING_OR_BLANK,
Works Completed.csv,23341,Image,MISSING_OR_BLANK,
Works Completed.csv,23342,Image,MISSING_OR_BLANK,
Works Completed.csv,23343,Image,MISSING_OR_BLANK,
Works Completed.csv,23344,Image,MISSING_OR_BLANK,
Works Completed.csv,23345,Image,MISSING_OR_BLANK,
Works Completed.csv,23346,Image,MISSING_OR_BLANK,
Works Completed.csv,23347,Image,MISSING_OR_BLANK,
Works Completed.csv,23348,Image,MISSING_OR_BLANK,
Works Completed.csv,23349,Image,MISSING_OR_BLANK,
Works Completed.csv,23350,Image,MISSING_OR_BLANK,
Works Completed.csv,23351,Image,MISSING_OR_BLANK,
Works Completed.csv,23352,Image,MISSING_OR_BLANK,
Works Completed.csv,23353,Image,MISSING_OR_BLANK,
Works Completed.csv,23354,Image,MISSING_OR_BLANK,
Works Completed.csv,23355,Image,MISSING_OR_BLANK,
Works Completed.csv,23356,Image,MISSING_OR_BLANK,
Works Completed.csv,23357,Image,MISSING_OR_BLANK,
Works Completed.csv,23358,Image,MISSING_OR_BLANK,
Works Completed.csv,23359,Image,MISSING_OR_BLANK,
Works Completed.csv,23360,Image,MISSING_OR_BLANK,
Works Completed.csv,23361,Image,MISSING_OR_BLANK,
Works Completed.csv,23363,Image,MISSING_OR_BLANK,
Works Completed.csv,23364,Image,MISSING_OR_BLANK,
Works Completed.csv,23365,Image,MISSING_OR_BLANK,
Works Completed.csv,23367,Image,MISSING_OR_BLANK,
Works Completed.csv,23368,Image,MISSING_OR_BLANK,
Works Completed.csv,23371,Image,MISSING_OR_BLANK,
Works Completed.csv,23376,Image,MISSING_OR_BLANK,
Works Completed.csv,23377,Image,MISSING_OR_BLANK,
Works Completed.csv,23380,Image,MISSING_OR_BLANK,
Works Completed.csv,23382,Image,MISSING_OR_BLANK,
Works Completed.csv,23385,Image,MISSING_OR_BLANK,
Works Completed.csv,23386,Image,MISSING_OR_BLANK,
Works Completed.csv,23387,Image,MISSING_OR_BLANK,
Works Completed.csv,23388,Image,MISSING_OR_BLANK,
Works Completed.csv,23389,Image,MISSING_OR_BLANK,
Works Completed.csv,23390,Image,MISSING_OR_BLANK,
Works Completed.csv,23391,Image,MISSING_OR_BLANK,
Works Completed.csv,23392,Image,MISSING_OR_BLANK,
Works Completed.csv,23393,Image,MISSING_OR_BLANK,
Works Completed.csv,23394,Image,MISSING_OR_BLANK,
Works Completed.csv,23395,Image,MISSING_OR_BLANK,
Works Completed.csv,23396,Image,MISSING_OR_BLANK,
Works Completed.csv,23397,Image,MISSING_OR_BLANK,
Works Completed.csv,23398,Image,MISSING_OR_BLANK,
Works Completed.csv,23399,Image,MISSING_OR_BLANK,
Works Completed.csv,23400,Image,MISSING_OR_BLANK,
Works Completed.csv,23401,Image,MISSING_OR_BLANK,
Works Completed.csv,23402,Image,MISSING_OR_BLANK,
Works Completed.csv,23403,Image,MISSING_OR_BLANK,
Works Completed.csv,23404,Image,MISSING_OR_BLANK,
Works Completed.csv,23405,Image,MISSING_OR_BLANK,
Works Completed.csv,23406,Image,MISSING_OR_BLANK,
Works Completed.csv,23407,Image,MISSING_OR_BLANK,
Works Completed.csv,23408,Image,MISSING_OR_BLANK,
Works Completed.csv,23409,Image,MISSING_OR_BLANK,
Works Completed.csv,23410,Image,MISSING_OR_BLANK,
Works Completed.csv,23411,Image,MISSING_OR_BLANK,
Works Completed.csv,23412,Image,MISSING_OR_BLANK,
Works Completed.csv,23413,Image,MISSING_OR_BLANK,
Works Completed.csv,23422,Image,MISSING_OR_BLANK,
Works Completed.csv,23423,Image,MISSING_OR_BLANK,
Works Completed.csv,23425,Image,MISSING_OR_BLANK,
Works Completed.csv,23447,Image,MISSING_OR_BLANK,
Works Completed.csv,23450,Image,MISSING_OR_BLANK,
Works Completed.csv,23453,Image,MISSING_OR_BLANK,
Works Completed.csv,23454,Image,MISSING_OR_BLANK,
Works Completed.csv,23455,Image,MISSING_OR_BLANK,
Works Completed.csv,23456,Image,MISSING_OR_BLANK,
Works Completed.csv,23461,Image,MISSING_OR_BLANK,
Works Completed.csv,23464,Image,MISSING_OR_BLANK,
Works Completed.csv,23466,Image,MISSING_OR_BLANK,
Works Completed.csv,23467,Image,MISSING_OR_BLANK,
Works Completed.csv,23468,Image,MISSING_OR_BLANK,
Works Completed.csv,23472,Image,MISSING_OR_BLANK,
Works Completed.csv,23481,Image,MISSING_OR_BLANK,
Works Completed.csv,23484,Image,MISSING_OR_BLANK,
Works Completed.csv,23527,Image,MISSING_OR_BLANK,
Works Completed.csv,23542,Image,MISSING_OR_BLANK,
Works Completed.csv,23543,Image,MISSING_OR_BLANK,
Works Completed.csv,23545,Image,MISSING_OR_BLANK,
Works Completed.csv,23547,Image,MISSING_OR_BLANK,
Works Completed.csv,23552,Image,MISSING_OR_BLANK,
Works Completed.csv,23553,Image,MISSING_OR_BLANK,
Works Completed.csv,23554,Image,MISSING_OR_BLANK,
Works Completed.csv,23558,Image,MISSING_OR_BLANK,
Works Completed.csv,23559,Image,MISSING_OR_BLANK,
Works Completed.csv,23582,Image,MISSING_OR_BLANK,
Works Completed.csv,23586,Image,MISSING_OR_BLANK,
Works Completed.csv,23587,Image,MISSING_OR_BLANK,
Works Completed.csv,23589,Image,MISSING_OR_BLANK,
Works Completed.csv,23590,Image,MISSING_OR_BLANK,
Works Completed.csv,23592,Image,MISSING_OR_BLANK,
Works Completed.csv,23594,Image,MISSING_OR_BLANK,
Works Completed.csv,23598,Image,MISSING_OR_BLANK,
Works Completed.csv,23637,Image,MISSING_OR_BLANK,
Works Completed.csv,23644,Image,MISSING_OR_BLANK,
Works Completed.csv,23647,Image,MISSING_OR_BLANK,
Works Completed.csv,23650,Image,MISSING_OR_BLANK,
Works Completed.csv,23651,Image,MISSING_OR_BLANK,
Works Completed.csv,23652,Image,MISSING_OR_BLANK,
Works Completed.csv,23653,Image,MISSING_OR_BLANK,
Works Completed.csv,23654,Image,MISSING_OR_BLANK,
Works Completed.csv,23655,Image,MISSING_OR_BLANK,
Works Completed.csv,23656,Image,MISSING_OR_BLANK,
Works Completed.csv,23657,Image,MISSING_OR_BLANK,
Works Completed.csv,23658,Image,MISSING_OR_BLANK,
Works Completed.csv,23660,Image,MISSING_OR_BLANK,
Works Completed.csv,23661,Image,MISSING_OR_BLANK,
Works Completed.csv,23663,Image,MISSING_OR_BLANK,
Works Completed.csv,23669,Image,MISSING_OR_BLANK,
Works Completed.csv,23670,Image,MISSING_OR_BLANK,
Works Completed.csv,23673,Image,MISSING_OR_BLANK,
Works Completed.csv,23678,Image,MISSING_OR_BLANK,
Works Completed.csv,23689,Image,MISSING_OR_BLANK,
Works Completed.csv,23697,Image,MISSING_OR_BLANK,
Works Completed.csv,23698,Image,MISSING_OR_BLANK,
Works Completed.csv,23700,Image,MISSING_OR_BLANK,
Works Completed.csv,23703,Image,MISSING_OR_BLANK,
Works Completed.csv,23705,Image,MISSING_OR_BLANK,
Works Completed.csv,23706,Image,MISSING_OR_BLANK,
Works Completed.csv,23707,Image,MISSING_OR_BLANK,
Works Completed.csv,23708,Image,MISSING_OR_BLANK,
Works Completed.csv,23709,Image,MISSING_OR_BLANK,
Works Completed.csv,23712,Image,MISSING_OR_BLANK,
Works Completed.csv,23715,Image,MISSING_OR_BLANK,
Works Completed.csv,23719,Image,MISSING_OR_BLANK,
Works Completed.csv,23721,Image,MISSING_OR_BLANK,
Works Completed.csv,23739,Image,MISSING_OR_BLANK,
Works Completed.csv,23746,Image,MISSING_OR_BLANK,
Works Completed.csv,23747,Image,MISSING_OR_BLANK,
Works Completed.csv,23748,Image,MISSING_OR_BLANK,
Works Completed.csv,23749,Image,MISSING_OR_BLANK,
Works Completed.csv,23750,Image,MISSING_OR_BLANK,
Works Completed.csv,23753,Image,MISSING_OR_BLANK,
Works Completed.csv,23755,Image,MISSING_OR_BLANK,
Works Completed.csv,23769,Image,MISSING_OR_BLANK,
Works Completed.csv,23770,Image,MISSING_OR_BLANK,
Works Completed.csv,23774,Image,MISSING_OR_BLANK,
Works Completed.csv,23776,Image,MISSING_OR_BLANK,
Works Completed.csv,23779,Image,MISSING_OR_BLANK,
Works Completed.csv,23780,Image,MISSING_OR_BLANK,
Works Completed.csv,23792,Image,MISSING_OR_BLANK,
Works Completed.csv,23804,Image,MISSING_OR_BLANK,
Works Completed.csv,23818,Image,MISSING_OR_BLANK,
Works Completed.csv,23820,Image,MISSING_OR_BLANK,
Works Completed.csv,23824,Image,MISSING_OR_BLANK,
Works Completed.csv,23835,Image,MISSING_OR_BLANK,
Works Completed.csv,23839,Image,MISSING_OR_BLANK,
Works Completed.csv,23841,Image,MISSING_OR_BLANK,
Works Completed.csv,23843,Image,MISSING_OR_BLANK,
Works Completed.csv,23844,Image,MISSING_OR_BLANK,
Works Completed.csv,23847,Image,MISSING_OR_BLANK,
Works Completed.csv,23848,Image,MISSING_OR_BLANK,
Works Completed.csv,23859,Image,MISSING_OR_BLANK,
Works Completed.csv,23866,Image,MISSING_OR_BLANK,
Works Completed.csv,23873,Image,MISSING_OR_BLANK,
Works Completed.csv,23878,Image,MISSING_OR_BLANK,
Works Completed.csv,23889,Image,MISSING_OR_BLANK,
Works Completed.csv,23892,Image,MISSING_OR_BLANK,
Works Completed.csv,23893,Image,MISSING_OR_BLANK,
Works Completed.csv,23894,Image,MISSING_OR_BLANK,
Works Completed.csv,23897,Image,MISSING_OR_BLANK,
Works Completed.csv,23900,Image,MISSING_OR_BLANK,
Works Completed.csv,23904,Image,MISSING_OR_BLANK,
Works Completed.csv,23911,Image,MISSING_OR_BLANK,
Works Completed.csv,23917,Image,MISSING_OR_BLANK,
Works Completed.csv,23919,Image,MISSING_OR_BLANK,
Works Completed.csv,23944,Image,MISSING_OR_BLANK,
Works Completed.csv,23951,Image,MISSING_OR_BLANK,
Works Completed.csv,23957,Image,MISSING_OR_BLANK,
Works Completed.csv,23962,Image,MISSING_OR_BLANK,
Works Completed.csv,23964,Image,MISSING_OR_BLANK,
Works Completed.csv,23966,Image,MISSING_OR_BLANK,
Works Completed.csv,23976,Image,MISSING_OR_BLANK,
Works Completed.csv,23977,Image,MISSING_OR_BLANK,
Works Completed.csv,23978,Image,MISSING_OR_BLANK,
Works Completed.csv,23980,Image,MISSING_OR_BLANK,
Works Completed.csv,23981,Image,MISSING_OR_BLANK,
Works Completed.csv,23986,Image,MISSING_OR_BLANK,
Works Completed.csv,23987,Image,MISSING_OR_BLANK,
Works Completed.csv,23990,Image,MISSING_OR_BLANK,
Works Completed.csv,23993,Image,MISSING_OR_BLANK,
Works Completed.csv,23994,Image,MISSING_OR_BLANK,
Works Completed.csv,23999,Image,MISSING_OR_BLANK,
Works Completed.csv,24001,Image,MISSING_OR_BLANK,
Works Completed.csv,24011,Image,MISSING_OR_BLANK,
Works Completed.csv,24022,Image,MISSING_OR_BLANK,
Works Completed.csv,24033,Image,MISSING_OR_BLANK,
Works Completed.csv,24034,Image,MISSING_OR_BLANK,
Works Completed.csv,24035,Image,MISSING_OR_BLANK,
Works Completed.csv,24036,Image,MISSING_OR_BLANK,
Works Completed.csv,24055,Image,MISSING_OR_BLANK,
Works Completed.csv,24061,Image,MISSING_OR_BLANK,
Works Completed.csv,24064,Image,MISSING_OR_BLANK,
Works Completed.csv,24067,Image,MISSING_OR_BLANK,
Works Completed.csv,24069,Image,MISSING_OR_BLANK,
Works Completed.csv,24078,Image,MISSING_OR_BLANK,
Works Completed.csv,24082,Image,MISSING_OR_BLANK,
Works Completed.csv,24083,Image,MISSING_OR_BLANK,
Works Completed.csv,24103,Image,MISSING_OR_BLANK,
Works Completed.csv,24126,Image,MISSING_OR_BLANK,
Works Completed.csv,24133,Image,MISSING_OR_BLANK,
Works Completed.csv,24137,Image,MISSING_OR_BLANK,
Works Completed.csv,24143,Image,MISSING_OR_BLANK,
Works Completed.csv,24146,Image,MISSING_OR_BLANK,
Works Completed.csv,24147,Image,MISSING_OR_BLANK,
Works Completed.csv,24155,Image,MISSING_OR_BLANK,
Works Completed.csv,24158,Image,MISSING_OR_BLANK,
Works Completed.csv,24159,Image,MISSING_OR_BLANK,
Works Completed.csv,24160,Image,MISSING_OR_BLANK,
Works Completed.csv,24161,Image,MISSING_OR_BLANK,
Works Completed.csv,24162,Image,MISSING_OR_BLANK,
Works Completed.csv,24163,Image,MISSING_OR_BLANK,
Works Completed.csv,24164,Image,MISSING_OR_BLANK,
Works Completed.csv,24165,Image,MISSING_OR_BLANK,
Works Completed.csv,24166,Image,MISSING_OR_BLANK,
Works Completed.csv,24167,Image,MISSING_OR_BLANK,
Works Completed.csv,24169,Image,MISSING_OR_BLANK,
Works Completed.csv,24172,Image,MISSING_OR_BLANK,
Works Completed.csv,24173,Image,MISSING_OR_BLANK,
Works Completed.csv,24176,Image,MISSING_OR_BLANK,
Works Completed.csv,24182,Image,MISSING_OR_BLANK,
Works Completed.csv,24188,Image,MISSING_OR_BLANK,
Works Completed.csv,24189,Image,MISSING_OR_BLANK,
Works Completed.csv,24191,Image,MISSING_OR_BLANK,
Works Completed.csv,24193,Image,MISSING_OR_BLANK,
Works Completed.csv,24194,Image,MISSING_OR_BLANK,
Works Completed.csv,24198,Image,MISSING_OR_BLANK,
Works Completed.csv,24199,Image,MISSING_OR_BLANK,
Works Completed.csv,24203,Image,MISSING_OR_BLANK,
Works Completed.csv,24228,Image,MISSING_OR_BLANK,
Works Completed.csv,24229,Image,MISSING_OR_BLANK,
Works Completed.csv,24238,Image,MISSING_OR_BLANK,
Works Completed.csv,24239,Image,MISSING_OR_BLANK,
Works Completed.csv,24240,Image,MISSING_OR_BLANK,
Works Completed.csv,24241,Image,MISSING_OR_BLANK,
Works Completed.csv,24242,Image,MISSING_OR_BLANK,
Works Completed.csv,24244,Image,MISSING_OR_BLANK,
Works Completed.csv,24245,Image,MISSING_OR_BLANK,
Works Completed.csv,24246,Image,MISSING_OR_BLANK,
Works Completed.csv,24253,Image,MISSING_OR_BLANK,
Works Completed.csv,24254,Image,MISSING_OR_BLANK,
Works Completed.csv,24255,Image,MISSING_OR_BLANK,
Works Completed.csv,24261,Image,MISSING_OR_BLANK,
Works Completed.csv,24262,Image,MISSING_OR_BLANK,
Works Completed.csv,24263,Image,MISSING_OR_BLANK,
Works Completed.csv,24270,Image,MISSING_OR_BLANK,
Works Completed.csv,24271,Image,MISSING_OR_BLANK,
Works Completed.csv,24293,Image,MISSING_OR_BLANK,
Works Completed.csv,24305,Image,MISSING_OR_BLANK,
Works Completed.csv,24316,Image,MISSING_OR_BLANK,
Works Completed.csv,24317,Image,MISSING_OR_BLANK,
Works Completed.csv,24324,Image,MISSING_OR_BLANK,
Works Completed.csv,24340,Image,MISSING_OR_BLANK,
Works Completed.csv,24353,Image,MISSING_OR_BLANK,
Works Completed.csv,24354,Image,MISSING_OR_BLANK,
Works Completed.csv,24358,Image,MISSING_OR_BLANK,
Works Completed.csv,24360,Image,MISSING_OR_BLANK,
Works Completed.csv,24362,Image,MISSING_OR_BLANK,
Works Completed.csv,24363,Image,MISSING_OR_BLANK,
Works Completed.csv,24364,Image,MISSING_OR_BLANK,
Works Completed.csv,24365,Image,MISSING_OR_BLANK,
Works Completed.csv,24366,Image,MISSING_OR_BLANK,
Works Completed.csv,24367,Image,MISSING_OR_BLANK,
Works Completed.csv,24376,Image,MISSING_OR_BLANK,
Works Completed.csv,24378,Image,MISSING_OR_BLANK,
Works Completed.csv,24379,Image,MISSING_OR_BLANK,
Works Completed.csv,24380,Image,MISSING_OR_BLANK,
Works Completed.csv,24408,Image,MISSING_OR_BLANK,
Works Completed.csv,24410,Image,MISSING_OR_BLANK,
Works Completed.csv,24450,Image,MISSING_OR_BLANK,
Works Completed.csv,24457,Image,MISSING_OR_BLANK,
Works Completed.csv,24465,Image,MISSING_OR_BLANK,
Works Completed.csv,24466,Image,MISSING_OR_BLANK,
Works Completed.csv,24468,Image,MISSING_OR_BLANK,
Works Completed.csv,24513,Image,MISSING_OR_BLANK,
Works Completed.csv,24515,Image,MISSING_OR_BLANK,
Works Completed.csv,24516,Image,MISSING_OR_BLANK,
Works Completed.csv,24517,Image,MISSING_OR_BLANK,
Works Completed.csv,24518,Image,MISSING_OR_BLANK,
Works Completed.csv,24519,Image,MISSING_OR_BLANK,
Works Completed.csv,24523,Image,MISSING_OR_BLANK,
Works Completed.csv,24529,Image,MISSING_OR_BLANK,
Works Completed.csv,24531,Image,MISSING_OR_BLANK,
Works Completed.csv,24534,Image,MISSING_OR_BLANK,
Works Completed.csv,24537,Image,MISSING_OR_BLANK,
Works Completed.csv,24545,Image,MISSING_OR_BLANK,
Works Completed.csv,24550,Image,MISSING_OR_BLANK,
Works Completed.csv,24565,Image,MISSING_OR_BLANK,
Works Completed.csv,24571,Image,MISSING_OR_BLANK,
Works Completed.csv,24572,Image,MISSING_OR_BLANK,
Works Completed.csv,24573,Image,MISSING_OR_BLANK,
Works Completed.csv,24574,Image,MISSING_OR_BLANK,
Works Completed.csv,24577,Image,MISSING_OR_BLANK,
Works Completed.csv,24584,Image,MISSING_OR_BLANK,
Works Completed.csv,24591,Image,MISSING_OR_BLANK,
Works Completed.csv,24594,Image,MISSING_OR_BLANK,
Works Completed.csv,24610,Image,MISSING_OR_BLANK,
Works Completed.csv,24611,Image,MISSING_OR_BLANK,
Works Completed.csv,24612,Image,MISSING_OR_BLANK,
Works Completed.csv,24625,Image,MISSING_OR_BLANK,
Works Completed.csv,24626,Image,MISSING_OR_BLANK,
Works Completed.csv,24634,Image,MISSING_OR_BLANK,
Works Completed.csv,24639,Image,MISSING_OR_BLANK,
Works Completed.csv,24643,Image,MISSING_OR_BLANK,
Works Completed.csv,24669,Image,MISSING_OR_BLANK,
Works Completed.csv,24670,Image,MISSING_OR_BLANK,
Works Completed.csv,24683,Image,MISSING_OR_BLANK,
Works Completed.csv,24687,Image,MISSING_OR_BLANK,
Works Completed.csv,24689,Image,MISSING_OR_BLANK,
Works Completed.csv,24704,Image,MISSING_OR_BLANK,
Works Completed.csv,24711,Image,MISSING_OR_BLANK,
Works Completed.csv,24713,Image,MISSING_OR_BLANK,
Works Completed.csv,24714,Image,MISSING_OR_BLANK,
Works Completed.csv,24715,Image,MISSING_OR_BLANK,
Works Completed.csv,24716,Image,MISSING_OR_BLANK,
Works Completed.csv,24718,Image,MISSING_OR_BLANK,
Works Completed.csv,24721,Image,MISSING_OR_BLANK,
Works Completed.csv,24725,Image,MISSING_OR_BLANK,
Works Completed.csv,24726,Image,MISSING_OR_BLANK,
Works Completed.csv,24727,Image,MISSING_OR_BLANK,
Works Completed.csv,24728,Image,MISSING_OR_BLANK,
Works Completed.csv,24731,Image,MISSING_OR_BLANK,
Works Completed.csv,24732,Image,MISSING_OR_BLANK,
Works Completed.csv,24734,Image,MISSING_OR_BLANK,
Works Completed.csv,24735,Image,MISSING_OR_BLANK,
Works Completed.csv,24736,Image,MISSING_OR_BLANK,
Works Completed.csv,24775,Image,MISSING_OR_BLANK,
Works Completed.csv,24776,Image,MISSING_OR_BLANK,
Works Completed.csv,24778,Image,MISSING_OR_BLANK,
Works Completed.csv,24781,Image,MISSING_OR_BLANK,
Works Completed.csv,24782,Image,MISSING_OR_BLANK,
Works Completed.csv,24785,Image,MISSING_OR_BLANK,
Works Completed.csv,24788,Image,MISSING_OR_BLANK,
Works Completed.csv,24797,Image,MISSING_OR_BLANK,
Works Completed.csv,24798,Image,MISSING_OR_BLANK,
Works Completed.csv,24801,Image,MISSING_OR_BLANK,
Works Completed.csv,24804,Image,MISSING_OR_BLANK,
Works Completed.csv,24807,Image,MISSING_OR_BLANK,
Works Completed.csv,24808,Image,MISSING_OR_BLANK,
Works Completed.csv,24816,Image,MISSING_OR_BLANK,
Works Completed.csv,24817,Image,MISSING_OR_BLANK,
Works Completed.csv,24824,Image,MISSING_OR_BLANK,
Works Completed.csv,24828,Image,MISSING_OR_BLANK,
Works Completed.csv,24835,Image,MISSING_OR_BLANK,
Works Completed.csv,24837,Image,MISSING_OR_BLANK,
Works Completed.csv,24846,Image,MISSING_OR_BLANK,
Works Completed.csv,24851,Image,MISSING_OR_BLANK,
Works Completed.csv,24875,Image,MISSING_OR_BLANK,
Works Completed.csv,24876,Image,MISSING_OR_BLANK,
Works Completed.csv,24877,Image,MISSING_OR_BLANK,
Works Completed.csv,24878,Image,MISSING_OR_BLANK,
Works Completed.csv,24891,Image,MISSING_OR_BLANK,
Works Completed.csv,24911,Image,MISSING_OR_BLANK,
Works Completed.csv,24929,Image,MISSING_OR_BLANK,
Works Completed.csv,24931,Image,MISSING_OR_BLANK,
Works Completed.csv,24932,Image,MISSING_OR_BLANK,
Works Completed.csv,24936,Image,MISSING_OR_BLANK,
Works Completed.csv,24937,Image,MISSING_OR_BLANK,
Works Completed.csv,24938,Image,MISSING_OR_BLANK,
Works Completed.csv,24949,Image,MISSING_OR_BLANK,
Works Completed.csv,24958,Image,MISSING_OR_BLANK,
Works Completed.csv,24959,Image,MISSING_OR_BLANK,
Works Completed.csv,24960,Image,MISSING_OR_BLANK,
Works Completed.csv,24962,Image,MISSING_OR_BLANK,
Works Completed.csv,24963,Image,MISSING_OR_BLANK,
Works Completed.csv,24964,Image,MISSING_OR_BLANK,
Works Completed.csv,24965,Image,MISSING_OR_BLANK,
Works Completed.csv,24967,Image,MISSING_OR_BLANK,
Works Completed.csv,24973,Image,MISSING_OR_BLANK,
Works Completed.csv,24975,Image,MISSING_OR_BLANK,
Works Completed.csv,24980,Image,MISSING_OR_BLANK,
Works Completed.csv,24985,Image,MISSING_OR_BLANK,
Works Completed.csv,24998,Image,MISSING_OR_BLANK,
Works Completed.csv,25000,Image,MISSING_OR_BLANK,
Works Completed.csv,25005,Image,MISSING_OR_BLANK,
Works Completed.csv,25015,Image,MISSING_OR_BLANK,
Works Completed.csv,25018,Image,MISSING_OR_BLANK,
Works Completed.csv,25022,Image,MISSING_OR_BLANK,
Works Completed.csv,25023,Image,MISSING_OR_BLANK,
Works Completed.csv,25031,Image,MISSING_OR_BLANK,
Works Completed.csv,25032,Image,MISSING_OR_BLANK,
Works Completed.csv,25033,Image,MISSING_OR_BLANK,
Works Completed.csv,25034,Image,MISSING_OR_BLANK,
Works Completed.csv,25035,Image,MISSING_OR_BLANK,
Works Completed.csv,25053,Image,MISSING_OR_BLANK,
Works Completed.csv,25056,Image,MISSING_OR_BLANK,
Works Completed.csv,25057,Image,MISSING_OR_BLANK,
Works Completed.csv,25062,Image,MISSING_OR_BLANK,
Works Completed.csv,25063,Image,MISSING_OR_BLANK,
Works Completed.csv,25064,Image,MISSING_OR_BLANK,
Works Completed.csv,25066,Image,MISSING_OR_BLANK,
Works Completed.csv,25076,Image,MISSING_OR_BLANK,
Works Completed.csv,25078,Image,MISSING_OR_BLANK,
Works Completed.csv,25080,Image,MISSING_OR_BLANK,
Works Completed.csv,25088,Image,MISSING_OR_BLANK,
Works Completed.csv,25091,Image,MISSING_OR_BLANK,
Works Completed.csv,25095,Image,MISSING_OR_BLANK,
Works Completed.csv,25097,Image,MISSING_OR_BLANK,
Works Completed.csv,25103,Image,MISSING_OR_BLANK,
Works Completed.csv,25110,Image,MISSING_OR_BLANK,
Works Completed.csv,25122,Image,MISSING_OR_BLANK,
Works Completed.csv,25123,Image,MISSING_OR_BLANK,
Works Completed.csv,25143,Image,MISSING_OR_BLANK,
Works Completed.csv,25158,Image,MISSING_OR_BLANK,
Works Completed.csv,25166,Image,MISSING_OR_BLANK,
Works Completed.csv,25172,Image,MISSING_OR_BLANK,
Works Completed.csv,25176,Image,MISSING_OR_BLANK,
Works Completed.csv,25178,Image,MISSING_OR_BLANK,
Works Completed.csv,25180,Image,MISSING_OR_BLANK,
Works Completed.csv,25181,Image,MISSING_OR_BLANK,
Works Completed.csv,25182,Image,MISSING_OR_BLANK,
Works Completed.csv,25183,Image,MISSING_OR_BLANK,
Works Completed.csv,25184,Image,MISSING_OR_BLANK,
Works Completed.csv,25186,Image,MISSING_OR_BLANK,
Works Completed.csv,25188,Image,MISSING_OR_BLANK,
Works Completed.csv,25191,Image,MISSING_OR_BLANK,
Works Completed.csv,25192,Image,MISSING_OR_BLANK,
Works Completed.csv,25195,Image,MISSING_OR_BLANK,
Works Completed.csv,25197,Image,MISSING_OR_BLANK,
Works Completed.csv,25200,Image,MISSING_OR_BLANK,
Works Completed.csv,25201,Image,MISSING_OR_BLANK,
Works Completed.csv,25205,Image,MISSING_OR_BLANK,
Works Completed.csv,25215,Image,MISSING_OR_BLANK,
Works Completed.csv,25217,Image,MISSING_OR_BLANK,
Works Completed.csv,25220,Image,MISSING_OR_BLANK,
Works Completed.csv,25228,Image,MISSING_OR_BLANK,
Works Completed.csv,25229,Image,MISSING_OR_BLANK,
Works Completed.csv,25237,Image,MISSING_OR_BLANK,
Works Completed.csv,25244,Image,MISSING_OR_BLANK,
Works Completed.csv,25250,Image,MISSING_OR_BLANK,
Works Completed.csv,25251,Image,MISSING_OR_BLANK,
Works Completed.csv,25254,Image,MISSING_OR_BLANK,
Works Completed.csv,25255,Image,MISSING_OR_BLANK,
Works Completed.csv,25259,Image,MISSING_OR_BLANK,
Works Completed.csv,25278,Image,MISSING_OR_BLANK,
Works Completed.csv,25279,Image,MISSING_OR_BLANK,
Works Completed.csv,25313,Image,MISSING_OR_BLANK,
Works Completed.csv,25340,Image,MISSING_OR_BLANK,
Works Completed.csv,25341,Image,MISSING_OR_BLANK,
Works Completed.csv,25349,Image,MISSING_OR_BLANK,
Works Completed.csv,25350,Image,MISSING_OR_BLANK,
Works Completed.csv,25351,Image,MISSING_OR_BLANK,
Works Completed.csv,25353,Image,MISSING_OR_BLANK,
Works Completed.csv,25354,Image,MISSING_OR_BLANK,
Works Completed.csv,25355,Image,MISSING_OR_BLANK,
Works Completed.csv,25356,Image,MISSING_OR_BLANK,
Works Completed.csv,25357,Image,MISSING_OR_BLANK,
Works Completed.csv,25361,Image,MISSING_OR_BLANK,
Works Completed.csv,25365,Image,MISSING_OR_BLANK,
Works Completed.csv,25366,Image,MISSING_OR_BLANK,
Works Completed.csv,25367,Image,MISSING_OR_BLANK,
Works Completed.csv,25375,Image,MISSING_OR_BLANK,
Works Completed.csv,25376,Image,MISSING_OR_BLANK,
Works Completed.csv,25378,Image,MISSING_OR_BLANK,
Works Completed.csv,25379,Image,MISSING_OR_BLANK,
Works Completed.csv,25408,Image,MISSING_OR_BLANK,
Works Completed.csv,25416,Image,MISSING_OR_BLANK,
Works Completed.csv,25430,Image,MISSING_OR_BLANK,
Works Completed.csv,25431,Image,MISSING_OR_BLANK,
Works Completed.csv,25436,Image,MISSING_OR_BLANK,
Works Completed.csv,25452,Image,MISSING_OR_BLANK,
Works Completed.csv,25454,Image,MISSING_OR_BLANK,
Works Completed.csv,25457,Image,MISSING_OR_BLANK,
Works Completed.csv,25459,Image,MISSING_OR_BLANK,
Works Completed.csv,25462,Image,MISSING_OR_BLANK,
Works Completed.csv,25496,Image,MISSING_OR_BLANK,
Works Completed.csv,25501,Image,MISSING_OR_BLANK,
Works Completed.csv,25503,Image,MISSING_OR_BLANK,
Works Completed.csv,25504,Image,MISSING_OR_BLANK,
Works Completed.csv,25505,Image,MISSING_OR_BLANK,
Works Completed.csv,25506,Image,MISSING_OR_BLANK,
Works Completed.csv,25521,Image,MISSING_OR_BLANK,
Works Completed.csv,25523,Image,MISSING_OR_BLANK,
Works Completed.csv,25524,Image,MISSING_OR_BLANK,
Works Completed.csv,25525,Image,MISSING_OR_BLANK,
Works Completed.csv,25526,Image,MISSING_OR_BLANK,
Works Completed.csv,25527,Image,MISSING_OR_BLANK,
Works Completed.csv,25528,Image,MISSING_OR_BLANK,
Works Completed.csv,25530,Image,MISSING_OR_BLANK,
Works Completed.csv,25531,Image,MISSING_OR_BLANK,
Works Completed.csv,25534,Image,MISSING_OR_BLANK,
Works Completed.csv,25535,Image,MISSING_OR_BLANK,
Works Completed.csv,25537,Image,MISSING_OR_BLANK,
Works Completed.csv,25538,Image,MISSING_OR_BLANK,
Works Completed.csv,25544,Image,MISSING_OR_BLANK,
Works Completed.csv,25547,Image,MISSING_OR_BLANK,
Works Completed.csv,25548,Image,MISSING_OR_BLANK,
Works Completed.csv,25551,Image,MISSING_OR_BLANK,
Works Completed.csv,25553,Image,MISSING_OR_BLANK,
Works Completed.csv,25569,Image,MISSING_OR_BLANK,
Works Completed.csv,25572,Image,MISSING_OR_BLANK,
Works Completed.csv,25581,Image,MISSING_OR_BLANK,
Works Completed.csv,25582,Image,MISSING_OR_BLANK,
Works Completed.csv,25583,Image,MISSING_OR_BLANK,
Works Completed.csv,25589,Image,MISSING_OR_BLANK,
Works Completed.csv,25591,Image,MISSING_OR_BLANK,
Works Completed.csv,25593,Image,MISSING_OR_BLANK,
Works Completed.csv,25594,Image,MISSING_OR_BLANK,
Works Completed.csv,25595,Image,MISSING_OR_BLANK,
Works Completed.csv,25597,Image,MISSING_OR_BLANK,
Works Completed.csv,25603,Image,MISSING_OR_BLANK,
Works Completed.csv,25607,Image,MISSING_OR_BLANK,
Works Completed.csv,25612,Image,MISSING_OR_BLANK,
Works Completed.csv,25614,Image,MISSING_OR_BLANK,
Works Completed.csv,25615,Image,MISSING_OR_BLANK,
Works Completed.csv,25617,Image,MISSING_OR_BLANK,
Works Completed.csv,25622,Image,MISSING_OR_BLANK,
Works Completed.csv,25624,Image,MISSING_OR_BLANK,
Works Completed.csv,25625,Image,MISSING_OR_BLANK,
Works Completed.csv,25626,Image,MISSING_OR_BLANK,
Works Completed.csv,25627,Image,MISSING_OR_BLANK,
Works Completed.csv,25629,Image,MISSING_OR_BLANK,
Works Completed.csv,25630,Image,MISSING_OR_BLANK,
Works Completed.csv,25632,Image,MISSING_OR_BLANK,
Works Completed.csv,25634,Image,MISSING_OR_BLANK,
Works Completed.csv,25637,Image,MISSING_OR_BLANK,
Works Completed.csv,25640,Image,MISSING_OR_BLANK,
Works Completed.csv,25643,Image,MISSING_OR_BLANK,
Works Completed.csv,25646,Image,MISSING_OR_BLANK,
Works Completed.csv,25648,Image,MISSING_OR_BLANK,
Works Completed.csv,25664,Image,MISSING_OR_BLANK,
Works Completed.csv,25675,Image,MISSING_OR_BLANK,
Works Completed.csv,25676,Image,MISSING_OR_BLANK,
Works Completed.csv,25677,Image,MISSING_OR_BLANK,
Works Completed.csv,25681,Image,MISSING_OR_BLANK,
Works Completed.csv,25683,Image,MISSING_OR_BLANK,
Works Completed.csv,25686,Image,MISSING_OR_BLANK,
Works Completed.csv,25688,Image,MISSING_OR_BLANK,
Works Completed.csv,25693,Image,MISSING_OR_BLANK,
Works Completed.csv,25703,Image,MISSING_OR_BLANK,
Works Completed.csv,25724,Image,MISSING_OR_BLANK,
Works Completed.csv,25732,Image,MISSING_OR_BLANK,
Works Completed.csv,25735,Image,MISSING_OR_BLANK,
Works Completed.csv,25761,Image,MISSING_OR_BLANK,
Works Completed.csv,25767,Image,MISSING_OR_BLANK,
Works Completed.csv,25776,Image,MISSING_OR_BLANK,
Works Completed.csv,25777,Image,MISSING_OR_BLANK,
Works Completed.csv,25781,Image,MISSING_OR_BLANK,
Works Completed.csv,25783,Image,MISSING_OR_BLANK,
Works Completed.csv,25785,Image,MISSING_OR_BLANK,
Works Completed.csv,25786,Image,MISSING_OR_BLANK,
Works Completed.csv,25788,Image,MISSING_OR_BLANK,
Works Completed.csv,25789,Image,MISSING_OR_BLANK,
Works Completed.csv,25802,Image,MISSING_OR_BLANK,
Works Completed.csv,25814,Image,MISSING_OR_BLANK,
Works Completed.csv,25815,Image,MISSING_OR_BLANK,
Works Completed.csv,25817,Image,MISSING_OR_BLANK,
Works Completed.csv,25819,Image,MISSING_OR_BLANK,
Works Completed.csv,25820,Image,MISSING_OR_BLANK,
Works Completed.csv,25826,Image,MISSING_OR_BLANK,
Works Completed.csv,25828,Image,MISSING_OR_BLANK,
Works Completed.csv,25830,Image,MISSING_OR_BLANK,
Works Completed.csv,25831,Image,MISSING_OR_BLANK,
Works Completed.csv,25832,Image,MISSING_OR_BLANK,
Works Completed.csv,25833,Image,MISSING_OR_BLANK,
Works Completed.csv,25834,Image,MISSING_OR_BLANK,
Works Completed.csv,25835,Image,MISSING_OR_BLANK,
Works Completed.csv,25836,Image,MISSING_OR_BLANK,
Works Completed.csv,25838,Image,MISSING_OR_BLANK,
Works Completed.csv,25840,Image,MISSING_OR_BLANK,
Works Completed.csv,25845,Image,MISSING_OR_BLANK,
Works Completed.csv,25846,Image,MISSING_OR_BLANK,
Works Completed.csv,25853,Image,MISSING_OR_BLANK,
Works Completed.csv,25856,Image,MISSING_OR_BLANK,
Works Completed.csv,25866,Image,MISSING_OR_BLANK,
Works Completed.csv,25880,Image,MISSING_OR_BLANK,
Works Completed.csv,25894,Image,MISSING_OR_BLANK,
Works Completed.csv,25900,Image,MISSING_OR_BLANK,
Works Completed.csv,25901,Image,MISSING_OR_BLANK,
Works Completed.csv,25903,Image,MISSING_OR_BLANK,
Works Completed.csv,25905,Image,MISSING_OR_BLANK,
Works Completed.csv,25906,Image,MISSING_OR_BLANK,
Works Completed.csv,25908,Image,MISSING_OR_BLANK,
Works Completed.csv,25910,Image,MISSING_OR_BLANK,
Works Completed.csv,25912,Image,MISSING_OR_BLANK,
Works Completed.csv,25917,Image,MISSING_OR_BLANK,
Works Completed.csv,25918,Image,MISSING_OR_BLANK,
Works Completed.csv,25919,Image,MISSING_OR_BLANK,
Works Completed.csv,25920,Image,MISSING_OR_BLANK,
Works Completed.csv,25921,Image,MISSING_OR_BLANK,
Works Completed.csv,25922,Image,MISSING_OR_BLANK,
Works Completed.csv,25923,Image,MISSING_OR_BLANK,
Works Completed.csv,25924,Image,MISSING_OR_BLANK,
Works Completed.csv,25925,Image,MISSING_OR_BLANK,
Works Completed.csv,25926,Image,MISSING_OR_BLANK,
Works Completed.csv,25927,Image,MISSING_OR_BLANK,
Works Completed.csv,25928,Image,MISSING_OR_BLANK,
Works Completed.csv,25929,Image,MISSING_OR_BLANK,
Works Completed.csv,25930,Image,MISSING_OR_BLANK,
Works Completed.csv,25931,Image,MISSING_OR_BLANK,
Works Completed.csv,25932,Image,MISSING_OR_BLANK,
Works Completed.csv,25933,Image,MISSING_OR_BLANK,
Works Completed.csv,25934,Image,MISSING_OR_BLANK,
Works Completed.csv,25935,Image,MISSING_OR_BLANK,
Works Completed.csv,25936,Image,MISSING_OR_BLANK,
Works Completed.csv,25937,Image,MISSING_OR_BLANK,
Works Completed.csv,25938,Image,MISSING_OR_BLANK,
Works Completed.csv,25939,Image,MISSING_OR_BLANK,
Works Completed.csv,25940,Image,MISSING_OR_BLANK,
Works Completed.csv,25941,Image,MISSING_OR_BLANK,
Works Completed.csv,25942,Image,MISSING_OR_BLANK,
Works Completed.csv,25943,Image,MISSING_OR_BLANK,
Works Completed.csv,25944,Image,MISSING_OR_BLANK,
Works Completed.csv,25945,Image,MISSING_OR_BLANK,
Works Completed.csv,25947,Image,MISSING_OR_BLANK,
Works Completed.csv,25952,Image,MISSING_OR_BLANK,
Works Completed.csv,25953,Image,MISSING_OR_BLANK,
Works Completed.csv,25956,Image,MISSING_OR_BLANK,
Works Completed.csv,25961,Image,MISSING_OR_BLANK,
Works Completed.csv,25962,Image,MISSING_OR_BLANK,
Works Completed.csv,25968,Image,MISSING_OR_BLANK,
Works Completed.csv,25969,Image,MISSING_OR_BLANK,
Works Completed.csv,25970,Image,MISSING_OR_BLANK,
Works Completed.csv,25972,Image,MISSING_OR_BLANK,
Works Completed.csv,25973,Image,MISSING_OR_BLANK,
Works Completed.csv,25974,Image,MISSING_OR_BLANK,
Works Completed.csv,25981,Image,MISSING_OR_BLANK,
Works Completed.csv,25984,Image,MISSING_OR_BLANK,
Works Completed.csv,25988,Image,MISSING_OR_BLANK,
Works Completed.csv,25990,Image,MISSING_OR_BLANK,
Works Completed.csv,25997,Image,MISSING_OR_BLANK,
Works Completed.csv,25998,Image,MISSING_OR_BLANK,
Works Completed.csv,25999,Image,MISSING_OR_BLANK,
Works Completed.csv,26001,Image,MISSING_OR_BLANK,
Works Completed.csv,26002,Image,MISSING_OR_BLANK,
Works Completed.csv,26005,Image,MISSING_OR_BLANK,
Works Completed.csv,26006,Image,MISSING_OR_BLANK,
Works Completed.csv,26007,Image,MISSING_OR_BLANK,
Works Completed.csv,26018,Image,MISSING_OR_BLANK,
Works Completed.csv,26022,Image,MISSING_OR_BLANK,
Works Completed.csv,26024,Image,MISSING_OR_BLANK,
Works Completed.csv,26028,Image,MISSING_OR_BLANK,
Works Completed.csv,26030,Image,MISSING_OR_BLANK,
Works Completed.csv,26034,Image,MISSING_OR_BLANK,
Works Completed.csv,26035,Image,MISSING_OR_BLANK,
Works Completed.csv,26039,Image,MISSING_OR_BLANK,
Works Completed.csv,26043,Image,MISSING_OR_BLANK,
Works Completed.csv,26044,Image,MISSING_OR_BLANK,
Works Completed.csv,26079,Image,MISSING_OR_BLANK,
Works Completed.csv,26081,Image,MISSING_OR_BLANK,
Works Completed.csv,26083,Image,MISSING_OR_BLANK,
Works Completed.csv,26085,Image,MISSING_OR_BLANK,
Works Completed.csv,26087,Image,MISSING_OR_BLANK,
Works Completed.csv,26089,Image,MISSING_OR_BLANK,
Works Completed.csv,26091,Image,MISSING_OR_BLANK,
Works Completed.csv,26092,Image,MISSING_OR_BLANK,
Works Completed.csv,26096,Image,MISSING_OR_BLANK,
Works Completed.csv,26097,Image,MISSING_OR_BLANK,
Works Completed.csv,26100,Image,MISSING_OR_BLANK,
Works Completed.csv,26120,Image,MISSING_OR_BLANK,
Works Completed.csv,26137,Image,MISSING_OR_BLANK,
Works Completed.csv,26140,Image,MISSING_OR_BLANK,
Works Completed.csv,26141,Image,MISSING_OR_BLANK,
Works Completed.csv,26142,Image,MISSING_OR_BLANK,
Works Completed.csv,26143,Image,MISSING_OR_BLANK,
Works Completed.csv,26186,Image,MISSING_OR_BLANK,
Works Completed.csv,26187,Image,MISSING_OR_BLANK,
Works Completed.csv,26191,Image,MISSING_OR_BLANK,
Works Completed.csv,26193,Image,MISSING_OR_BLANK,
Works Completed.csv,26194,Image,MISSING_OR_BLANK,
Works Completed.csv,26210,Image,MISSING_OR_BLANK,
Works Completed.csv,26211,Image,MISSING_OR_BLANK,
Works Completed.csv,26213,Image,MISSING_OR_BLANK,
Works Completed.csv,26223,Image,MISSING_OR_BLANK,
Works Completed.csv,26225,Image,MISSING_OR_BLANK,
Works Completed.csv,26226,Image,MISSING_OR_BLANK,
Works Completed.csv,26227,Image,MISSING_OR_BLANK,
Works Completed.csv,26228,Image,MISSING_OR_BLANK,
Works Completed.csv,26229,Image,MISSING_OR_BLANK,
Works Completed.csv,26230,Image,MISSING_OR_BLANK,
Works Completed.csv,26231,Image,MISSING_OR_BLANK,
Works Completed.csv,26242,Image,MISSING_OR_BLANK,
Works Completed.csv,26267,Image,MISSING_OR_BLANK,
Works Completed.csv,26273,Image,MISSING_OR_BLANK,
Works Completed.csv,26285,Image,MISSING_OR_BLANK,
Works Completed.csv,26288,Image,MISSING_OR_BLANK,
Works Completed.csv,26293,Image,MISSING_OR_BLANK,
Works Completed.csv,26307,Image,MISSING_OR_BLANK,
Works Completed.csv,26314,Image,MISSING_OR_BLANK,
Works Completed.csv,26317,Image,MISSING_OR_BLANK,
Works Completed.csv,26320,Image,MISSING_OR_BLANK,
Works Completed.csv,26328,Image,MISSING_OR_BLANK,
Works Completed.csv,26336,Image,MISSING_OR_BLANK,
Works Completed.csv,26339,Image,MISSING_OR_BLANK,
Works Completed.csv,26340,Image,MISSING_OR_BLANK,
Works Completed.csv,26341,Image,MISSING_OR_BLANK,
Works Completed.csv,26342,Image,MISSING_OR_BLANK,
Works Completed.csv,26343,Image,MISSING_OR_BLANK,
Works Completed.csv,26345,Image,MISSING_OR_BLANK,
Works Completed.csv,26355,Image,MISSING_OR_BLANK,
Works Completed.csv,26358,Image,MISSING_OR_BLANK,
Works Completed.csv,26359,Image,MISSING_OR_BLANK,
Works Completed.csv,26365,Image,MISSING_OR_BLANK,
Works Completed.csv,26370,Image,MISSING_OR_BLANK,
Works Completed.csv,26376,Image,MISSING_OR_BLANK,
Works Completed.csv,26389,Image,MISSING_OR_BLANK,
Works Completed.csv,26403,Image,MISSING_OR_BLANK,
Works Completed.csv,26406,Image,MISSING_OR_BLANK,
Works Completed.csv,26465,Image,MISSING_OR_BLANK,
Works Completed.csv,26466,Image,MISSING_OR_BLANK,
Works Completed.csv,26467,Image,MISSING_OR_BLANK,
Works Completed.csv,26478,Image,MISSING_OR_BLANK,
Works Completed.csv,26481,Image,MISSING_OR_BLANK,
Works Completed.csv,26485,Image,MISSING_OR_BLANK,
Works Completed.csv,26492,Image,MISSING_OR_BLANK,
Works Completed.csv,26496,Image,MISSING_OR_BLANK,
Works Completed.csv,26497,Image,MISSING_OR_BLANK,
Works Completed.csv,26500,Image,MISSING_OR_BLANK,
Works Completed.csv,26501,Image,MISSING_OR_BLANK,
Works Completed.csv,26504,Image,MISSING_OR_BLANK,
Works Completed.csv,26512,Image,MISSING_OR_BLANK,
Works Completed.csv,26513,Image,MISSING_OR_BLANK,
Works Completed.csv,26517,Image,MISSING_OR_BLANK,
Works Completed.csv,26523,Image,MISSING_OR_BLANK,
Works Completed.csv,26525,Image,MISSING_OR_BLANK,
Works Completed.csv,26528,Image,MISSING_OR_BLANK,
Works Completed.csv,26530,Image,MISSING_OR_BLANK,
Works Completed.csv,26531,Image,MISSING_OR_BLANK,
Works Completed.csv,26533,Image,MISSING_OR_BLANK,
Works Completed.csv,26535,Image,MISSING_OR_BLANK,
Works Completed.csv,26536,Image,MISSING_OR_BLANK,
Works Completed.csv,26538,Image,MISSING_OR_BLANK,
Works Completed.csv,26540,Image,MISSING_OR_BLANK,
Works Completed.csv,26541,Image,MISSING_OR_BLANK,
Works Completed.csv,26542,Image,MISSING_OR_BLANK,
Works Completed.csv,26544,Image,MISSING_OR_BLANK,
Works Completed.csv,26546,Image,MISSING_OR_BLANK,
Works Completed.csv,26548,Image,MISSING_OR_BLANK,
Works Completed.csv,26549,Image,MISSING_OR_BLANK,
Works Completed.csv,26592,Image,MISSING_OR_BLANK,
Works Completed.csv,26595,Image,MISSING_OR_BLANK,
Works Completed.csv,26596,Image,MISSING_OR_BLANK,
Works Completed.csv,26599,Image,MISSING_OR_BLANK,
Works Completed.csv,26603,Image,MISSING_OR_BLANK,
Works Completed.csv,26608,Image,MISSING_OR_BLANK,
Works Completed.csv,26610,Image,MISSING_OR_BLANK,
Works Completed.csv,26616,Image,MISSING_OR_BLANK,
Works Completed.csv,26617,Image,MISSING_OR_BLANK,
Works Completed.csv,26619,Image,MISSING_OR_BLANK,
Works Completed.csv,26621,Image,MISSING_OR_BLANK,
Works Completed.csv,26622,Image,MISSING_OR_BLANK,
Works Completed.csv,26637,Image,MISSING_OR_BLANK,
Works Completed.csv,26640,Image,MISSING_OR_BLANK,
Works Completed.csv,26641,Image,MISSING_OR_BLANK,
Works Completed.csv,26643,Image,MISSING_OR_BLANK,
Works Completed.csv,26644,Image,MISSING_OR_BLANK,
Works Completed.csv,26645,Image,MISSING_OR_BLANK,
Works Completed.csv,26647,Image,MISSING_OR_BLANK,
Works Completed.csv,26650,Image,MISSING_OR_BLANK,
Works Completed.csv,26651,Image,MISSING_OR_BLANK,
Works Completed.csv,26652,Image,MISSING_OR_BLANK,
Works Completed.csv,26656,Image,MISSING_OR_BLANK,
Works Completed.csv,26657,Image,MISSING_OR_BLANK,
Works Completed.csv,26659,Image,MISSING_OR_BLANK,
Works Completed.csv,26660,Image,MISSING_OR_BLANK,
Works Completed.csv,26661,Image,MISSING_OR_BLANK,
Works Completed.csv,26668,Image,MISSING_OR_BLANK,
Works Completed.csv,26669,Image,MISSING_OR_BLANK,
Works Completed.csv,26672,Image,MISSING_OR_BLANK,
Works Completed.csv,26681,Image,MISSING_OR_BLANK,
Works Completed.csv,26683,Image,MISSING_OR_BLANK,
Works Completed.csv,26694,Image,MISSING_OR_BLANK,
Works Completed.csv,26695,Image,MISSING_OR_BLANK,
Works Completed.csv,26696,Image,MISSING_OR_BLANK,
Works Completed.csv,26715,Image,MISSING_OR_BLANK,
Works Completed.csv,26721,Image,MISSING_OR_BLANK,
Works Completed.csv,26722,Image,MISSING_OR_BLANK,
Works Completed.csv,26723,Image,MISSING_OR_BLANK,
Works Completed.csv,26724,Image,MISSING_OR_BLANK,
Works Completed.csv,26750,Image,MISSING_OR_BLANK,
Works Completed.csv,26756,Image,MISSING_OR_BLANK,
Works Completed.csv,26759,Image,MISSING_OR_BLANK,
Works Completed.csv,26762,Image,MISSING_OR_BLANK,
Works Completed.csv,26763,Image,MISSING_OR_BLANK,
Works Completed.csv,26764,Image,MISSING_OR_BLANK,
Works Completed.csv,26765,Image,MISSING_OR_BLANK,
Works Completed.csv,26766,Image,MISSING_OR_BLANK,
Works Completed.csv,26779,Image,MISSING_OR_BLANK,
Works Completed.csv,26784,Image,MISSING_OR_BLANK,
Works Completed.csv,26793,Image,MISSING_OR_BLANK,
Works Completed.csv,26794,Image,MISSING_OR_BLANK,
Works Completed.csv,26802,Image,MISSING_OR_BLANK,
Works Completed.csv,26805,Image,MISSING_OR_BLANK,
Works Completed.csv,26814,Image,MISSING_OR_BLANK,
Works Completed.csv,26818,Image,MISSING_OR_BLANK,
Works Completed.csv,26823,Image,MISSING_OR_BLANK,
Works Completed.csv,26824,Image,MISSING_OR_BLANK,
Works Completed.csv,26825,Image,MISSING_OR_BLANK,
Works Completed.csv,26827,Image,MISSING_OR_BLANK,
Works Completed.csv,26835,Image,MISSING_OR_BLANK,
Works Completed.csv,26836,Image,MISSING_OR_BLANK,
Works Completed.csv,26838,Image,MISSING_OR_BLANK,
Works Completed.csv,26848,Image,MISSING_OR_BLANK,
Works Completed.csv,26859,Image,MISSING_OR_BLANK,
Works Completed.csv,26862,Image,MISSING_OR_BLANK,
Works Completed.csv,26863,Image,MISSING_OR_BLANK,
Works Completed.csv,26867,Image,MISSING_OR_BLANK,
Works Completed.csv,26920,Image,MISSING_OR_BLANK,
Works Completed.csv,26922,Image,MISSING_OR_BLANK,
Works Completed.csv,26923,Image,MISSING_OR_BLANK,
Works Completed.csv,26925,Image,MISSING_OR_BLANK,
Works Completed.csv,26926,Image,MISSING_OR_BLANK,
Works Completed.csv,26927,Image,MISSING_OR_BLANK,
Works Completed.csv,26929,Image,MISSING_OR_BLANK,
Works Completed.csv,26931,Image,MISSING_OR_BLANK,
Works Completed.csv,26933,Image,MISSING_OR_BLANK,
Works Completed.csv,26935,Image,MISSING_OR_BLANK,
Works Completed.csv,26945,Image,MISSING_OR_BLANK,
Works Completed.csv,26950,Image,MISSING_OR_BLANK,
Works Completed.csv,26956,Image,MISSING_OR_BLANK,
Works Completed.csv,26959,Image,MISSING_OR_BLANK,
Works Completed.csv,26960,Image,MISSING_OR_BLANK,
Works Completed.csv,26961,Image,MISSING_OR_BLANK,
Works Completed.csv,26962,Image,MISSING_OR_BLANK,
Works Completed.csv,26963,Image,MISSING_OR_BLANK,
Works Completed.csv,26964,Image,MISSING_OR_BLANK,
Works Completed.csv,26965,Image,MISSING_OR_BLANK,
Works Completed.csv,26967,Image,MISSING_OR_BLANK,
Works Completed.csv,26972,Image,MISSING_OR_BLANK,
Works Completed.csv,27002,Image,MISSING_OR_BLANK, 
Works Completed.csv,27002,Completion Date,MISSING_OR_BLANK, 
Works Completed.csv,2208,Amount Disbursed ( ₹ ),MISSING_OR_BLANK,
Works Completed.csv,2314,Amount Disbursed ( ₹ ),MISSING_OR_BLANK,
Works Completed.csv,2359,Amount Disbursed ( ₹ ),MISSING_OR_BLANK,
Works Completed.csv,3506,Amount Disbursed ( ₹ ),MISSING_OR_BLANK,
Works Completed.csv,14664,Amount Disbursed ( ₹ ),MISSING_OR_BLANK,
Works Completed.csv,15183,Amount Disbursed ( ₹ ),MISSING_OR_BLANK,
Works Completed.csv,16003,Amount Disbursed ( ₹ ),MISSING_OR_BLANK,
Works Completed.csv,17247,Amount Disbursed ( ₹ ),MISSING_OR_BLANK,
Works Completed.csv,17873,Amount Disbursed ( ₹ ),MISSING_OR_BLANK,
Works Completed.csv,18472,Amount Disbursed ( ₹ ),MISSING_OR_BLANK,
Works Completed.csv,18523,Amount Disbursed ( ₹ ),MISSING_OR_BLANK,
Works Completed.csv,18526,Amount Disbursed ( ₹ ),MISSING_OR_BLANK,
Works Completed.csv,18725,Amount Disbursed ( ₹ ),MISSING_OR_BLANK,
Works Completed.csv,21755,Amount Disbursed ( ₹ ),MISSING_OR_BLANK,
Works Completed.csv,22861,Amount Disbursed ( ₹ ),MISSING_OR_BLANK,
Works Completed.csv,24169,Amount Disbursed ( ₹ ),MISSING_OR_BLANK,
Works Completed.csv,24173,Amount Disbursed ( ₹ ),MISSING_OR_BLANK,
Works Completed.csv,24340,Amount Disbursed ( ₹ ),MISSING_OR_BLANK,
Works Completed.csv,24893,Amount Disbursed ( ₹ ),MISSING_OR_BLANK,
Works Completed.csv,25344,Amount Disbursed ( ₹ ),MISSING_OR_BLANK,
Works Completed.csv,25649,Amount Disbursed ( ₹ ),MISSING_OR_BLANK,
Works Completed.csv,25792,Amount Disbursed ( ₹ ),MISSING_OR_BLANK,
Works Completed.csv,26037,Amount Disbursed ( ₹ ),MISSING_OR_BLANK,
Works Completed.csv,26346,Amount Disbursed ( ₹ ),MISSING_OR_BLANK,
Works Completed.csv,26353,Amount Disbursed ( ₹ ),MISSING_OR_BLANK,
Works Completed.csv,26661,Amount Disbursed ( ₹ ),MISSING_OR_BLANK,
Works Completed.csv,26924,Amount Disbursed ( ₹ ),MISSING_OR_BLANK,
Works Sanctioned.csv,37002,Work category,MISSING_OR_BLANK, 
Works Sanctioned.csv,37002,Work,MISSING_OR_BLANK, 
Works Sanctioned.csv,37002,State,MISSING_OR_BLANK, 
Works Sanctioned.csv,37002,IDA,MISSING_OR_BLANK, 
Works Sanctioned.csv,37002,Hon'ble Members of Parliament,MISSING_OR_BLANK, 
Works Sanctioned.csv,37002,Constituency,MISSING_OR_BLANK, 
Works Sanctioned.csv,854,Work description,MISSING_OR_BLANK,
Works Sanctioned.csv,896,Work description,MISSING_OR_BLANK,
Works Sanctioned.csv,897,Work description,MISSING_OR_BLANK,
Works Sanctioned.csv,900,Work description,MISSING_OR_BLANK,
Works Sanctioned.csv,4251,Work description,MISSING_OR_BLANK,
Works Sanctioned.csv,4252,Work description,MISSING_OR_BLANK,
Works Sanctioned.csv,4253,Work description,MISSING_OR_BLANK,
Works Sanctioned.csv,4254,Work description,MISSING_OR_BLANK,
Works Sanctioned.csv,4255,Work description,MISSING_OR_BLANK,
Works Sanctioned.csv,4256,Work description,MISSING_OR_BLANK,
Works Sanctioned.csv,4257,Work description,MISSING_OR_BLANK,
Works Sanctioned.csv,4258,Work description,MISSING_OR_BLANK,
Works Sanctioned.csv,4259,Work description,MISSING_OR_BLANK,
Works Sanctioned.csv,4260,Work description,MISSING_OR_BLANK,
Works Sanctioned.csv,5503,Work description,MISSING_OR_BLANK,
Works Sanctioned.csv,5504,Work description,MISSING_OR_BLANK,
Works Sanctioned.csv,5505,Work description,MISSING_OR_BLANK,
Works Sanctioned.csv,5506,Work description,MISSING_OR_BLANK,
Works Sanctioned.csv,5507,Work description,MISSING_OR_BLANK,
Works Sanctioned.csv,5508,Work description,MISSING_OR_BLANK,
Works Sanctioned.csv,5509,Work description,MISSING_OR_BLANK,
Works Sanctioned.csv,5510,Work description,MISSING_OR_BLANK,
Works Sanctioned.csv,5511,Work description,MISSING_OR_BLANK,
Works Sanctioned.csv,5512,Work description,MISSING_OR_BLANK,
Works Sanctioned.csv,5513,Work description,MISSING_OR_BLANK,
Works Sanctioned.csv,5514,Work description,MISSING_OR_BLANK,
Works Sanctioned.csv,5515,Work description,MISSING_OR_BLANK,
Works Sanctioned.csv,5516,Work description,MISSING_OR_BLANK,
Works Sanctioned.csv,5517,Work description,MISSING_OR_BLANK,
Works Sanctioned.csv,5518,Work description,MISSING_OR_BLANK,
Works Sanctioned.csv,5519,Work description,MISSING_OR_BLANK,
Works Sanctioned.csv,5520,Work description,MISSING_OR_BLANK,
Works Sanctioned.csv,5521,Work description,MISSING_OR_BLANK,
Works Sanctioned.csv,5522,Work description,MISSING_OR_BLANK,
Works Sanctioned.csv,5523,Work description,MISSING_OR_BLANK,
Works Sanctioned.csv,5524,Work description,MISSING_OR_BLANK,
Works Sanctioned.csv,5525,Work description,MISSING_OR_BLANK,
Works Sanctioned.csv,5526,Work description,MISSING_OR_BLANK,
Works Sanctioned.csv,6932,Work description,MISSING_OR_BLANK,
Works Sanctioned.csv,8448,Work description,MISSING_OR_BLANK,
Works Sanctioned.csv,8449,Work description,MISSING_OR_BLANK,
Works Sanctioned.csv,8450,Work description,MISSING_OR_BLANK,
Works Sanctioned.csv,8451,Work description,MISSING_OR_BLANK,
Works Sanctioned.csv,8452,Work description,MISSING_OR_BLANK,
Works Sanctioned.csv,12205,Work description,MISSING_OR_BLANK,
Works Sanctioned.csv,17217,Work description,MISSING_OR_BLANK,
Works Sanctioned.csv,18065,Work description,MISSING_OR_BLANK,
Works Sanctioned.csv,20429,Work description,MISSING_OR_BLANK,
Works Sanctioned.csv,21558,Work description,MISSING_OR_BLANK,
Works Sanctioned.csv,21559,Work description,MISSING_OR_BLANK,
Works Sanctioned.csv,21560,Work description,MISSING_OR_BLANK,
Works Sanctioned.csv,21563,Work description,MISSING_OR_BLANK,
Works Sanctioned.csv,21564,Work description,MISSING_OR_BLANK,
Works Sanctioned.csv,25830,Work description,MISSING_OR_BLANK,
Works Sanctioned.csv,25831,Work description,MISSING_OR_BLANK,
Works Sanctioned.csv,27514,Work description,MISSING_OR_BLANK,
Works Sanctioned.csv,28195,Work description,MISSING_OR_BLANK,
Works Sanctioned.csv,30177,Work description,MISSING_OR_BLANK,
Works Sanctioned.csv,30353,Work description,MISSING_OR_BLANK,
Works Sanctioned.csv,30354,Work description,MISSING_OR_BLANK,
Works Sanctioned.csv,30441,Work description,MISSING_OR_BLANK,
Works Sanctioned.csv,31597,Work description,MISSING_OR_BLANK,
Works Sanctioned.csv,31598,Work description,MISSING_OR_BLANK,
Works Sanctioned.csv,31599,Work description,MISSING_OR_BLANK,
Works Sanctioned.csv,31600,Work description,MISSING_OR_BLANK,
Works Sanctioned.csv,31601,Work description,MISSING_OR_BLANK,
Works Sanctioned.csv,31602,Work description,MISSING_OR_BLANK,
Works Sanctioned.csv,31603,Work description,MISSING_OR_BLANK,
Works Sanctioned.csv,31604,Work description,MISSING_OR_BLANK,
Works Sanctioned.csv,31605,Work description,MISSING_OR_BLANK,
Works Sanctioned.csv,31606,Work description,MISSING_OR_BLANK,
Works Sanctioned.csv,31607,Work description,MISSING_OR_BLANK,
Works Sanctioned.csv,31608,Work description,MISSING_OR_BLANK,
Works Sanctioned.csv,31609,Work description,MISSING_OR_BLANK,
Works Sanctioned.csv,31610,Work description,MISSING_OR_BLANK,
Works Sanctioned.csv,31611,Work description,MISSING_OR_BLANK,
Works Sanctioned.csv,31612,Work description,MISSING_OR_BLANK,
Works Sanctioned.csv,31613,Work description,MISSING_OR_BLANK,
Works Sanctioned.csv,31614,Work description,MISSING_OR_BLANK,
Works Sanctioned.csv,31615,Work description,MISSING_OR_BLANK,
Works Sanctioned.csv,31616,Work description,MISSING_OR_BLANK,
Works Sanctioned.csv,31617,Work description,MISSING_OR_BLANK,
Works Sanctioned.csv,31635,Work description,MISSING_OR_BLANK,
Works Sanctioned.csv,34499,Work description,MISSING_OR_BLANK,
Works Sanctioned.csv,34647,Work description,MISSING_OR_BLANK,
Works Sanctioned.csv,34648,Work description,MISSING_OR_BLANK,
Works Sanctioned.csv,37002,Work description,MISSING_OR_BLANK, 
Works Sanctioned.csv,37002,Recommended date,MISSING_OR_BLANK, 
Works Sanctioned.csv,37002,Sanction Date,MISSING_OR_BLANK, 
Works Sanctioned.csv,37002,Sanction Amount ( ₹ ),MISSING_OR_BLANK, 
Works_Recommended.csv,24727,Work category,MISSING_OR_BLANK,
Works_Recommended.csv,24728,Work category,MISSING_OR_BLANK,
Works_Recommended.csv,24729,Work category,MISSING_OR_BLANK,
Works_Recommended.csv,24733,Work category,MISSING_OR_BLANK,
Works_Recommended.csv,24860,Work category,MISSING_OR_BLANK,
Works_Recommended.csv,24964,Work category,MISSING_OR_BLANK, 
Works_Recommended.csv,24964,WORK,MISSING_OR_BLANK, 
Works_Recommended.csv,24964,State,MISSING_OR_BLANK, 
Works_Recommended.csv,24964,IDA,MISSING_OR_BLANK, 
Works_Recommended.csv,24964,Hon'ble Members of Parliament,MISSING_OR_BLANK, 
Works_Recommended.csv,24964,Elected/Nominated,MISSING_OR_BLANK, 
Works_Recommended.csv,4191,Work description,MISSING_OR_BLANK,
Works_Recommended.csv,4204,Work description,MISSING_OR_BLANK,
Works_Recommended.csv,5626,Work description,MISSING_OR_BLANK,
Works_Recommended.csv,6029,Work description,MISSING_OR_BLANK,
Works_Recommended.csv,8587,Work description,MISSING_OR_BLANK,
Works_Recommended.csv,8600,Work description,MISSING_OR_BLANK,
Works_Recommended.csv,9132,Work description,MISSING_OR_BLANK,
Works_Recommended.csv,9133,Work description,MISSING_OR_BLANK,
Works_Recommended.csv,9134,Work description,MISSING_OR_BLANK,
Works_Recommended.csv,9137,Work description,MISSING_OR_BLANK,
Works_Recommended.csv,14564,Work description,MISSING_OR_BLANK,
Works_Recommended.csv,16585,Work description,MISSING_OR_BLANK,
Works_Recommended.csv,17956,Work description,MISSING_OR_BLANK,
Works_Recommended.csv,21751,Work description,MISSING_OR_BLANK,
Works_Recommended.csv,21932,Work description,MISSING_OR_BLANK,
Works_Recommended.csv,21933,Work description,MISSING_OR_BLANK,
Works_Recommended.csv,22048,Work description,MISSING_OR_BLANK,
Works_Recommended.csv,22055,Work description,MISSING_OR_BLANK,
Works_Recommended.csv,22855,Work description,MISSING_OR_BLANK,
Works_Recommended.csv,23126,Work description,MISSING_OR_BLANK,
Works_Recommended.csv,24357,Work description,MISSING_OR_BLANK,
Works_Recommended.csv,24849,Work description,MISSING_OR_BLANK,
Works_Recommended.csv,24959,Work description,MISSING_OR_BLANK,
Works_Recommended.csv,24964,Work description,MISSING_OR_BLANK, 
Works_Recommended.csv,24964,Recommended date,MISSING_OR_BLANK, 
Works_Recommended.csv,24964,RECOMMENDED AMOUNT   ( ₹ ),MISSING_OR_BLANK, 
Works_Recommended.csv,139,Sanction Date,MISSING_OR_BLANK,
Works_Recommended.csv,140,Sanction Date,MISSING_OR_BLANK,
Works_Recommended.csv,141,Sanction Date,MISSING_OR_BLANK,
Works_Recommended.csv,154,Sanction Date,MISSING_OR_BLANK,
Works_Recommended.csv,155,Sanction Date,MISSING_OR_BLANK,
Works_Recommended.csv,158,Sanction Date,MISSING_OR_BLANK,
Works_Recommended.csv,179,Sanction Date,MISSING_OR_BLANK,
Works_Recommended.csv,534,Sanction Date,MISSING_OR_BLANK,
Works_Recommended.csv,741,Sanction Date,MISSING_OR_BLANK,
Works_Recommended.csv,804,Sanction Date,MISSING_OR_BLANK,
Works_Recommended.csv,805,Sanction Date,MISSING_OR_BLANK,
Works_Recommended.csv,806,Sanction Date,MISSING_OR_BLANK,
Works_Recommended.csv,808,Sanction Date,MISSING_OR_BLANK,
Works_Recommended.csv,812,Sanction Date,MISSING_OR_BLANK,
Works_Recommended.csv,814,Sanction Date,MISSING_OR_BLANK,
Works_Recommended.csv,821,Sanction Date,MISSING_OR_BLANK,
Works_Recommended.csv,822,Sanction Date,MISSING_OR_BLANK,
Works_Recommended.csv,825,Sanction Date,MISSING_OR_BLANK,
Works_Recommended.csv,828,Sanction Date,MISSING_OR_BLANK,
Works_Recommended.csv,834,Sanction Date,MISSING_OR_BLANK,
Works_Recommended.csv,835,Sanction Date,MISSING_OR_BLANK,
Works_Recommended.csv,841,Sanction Date,MISSING_OR_BLANK,
Works_Recommended.csv,848,Sanction Date,MISSING_OR_BLANK,
Works_Recommended.csv,850,Sanction Date,MISSING_OR_BLANK,
Works_Recommended.csv,851,Sanction Date,MISSING_OR_BLANK,
Works_Recommended.csv,860,Sanction Date,MISSING_OR_BLANK,
Works_Recommended.csv,897,Sanction Date,MISSING_OR_BLANK,
Works_Recommended.csv,905,Sanction Date,MISSING_OR_BLANK,
Works_Recommended.csv,946,Sanction Date,MISSING_OR_BLANK,
Works_Recommended.csv,1802,Sanction Date,MISSING_OR_BLANK,
Works_Recommended.csv,2099,Sanction Date,MISSING_OR_BLANK,
Works_Recommended.csv,2207,Sanction Date,MISSING_OR_BLANK,
Works_Recommended.csv,2420,Sanction Date,MISSING_OR_BLANK,
Works_Recommended.csv,2422,Sanction Date,MISSING_OR_BLANK,
Works_Recommended.csv,2577,Sanction Date,MISSING_OR_BLANK,
Works_Recommended.csv,2578,Sanction Date,MISSING_OR_BLANK,
Works_Recommended.csv,2579,Sanction Date,MISSING_OR_BLANK,
Works_Recommended.csv,2580,Sanction Date,MISSING_OR_BLANK,
Works_Recommended.csv,2584,Sanction Date,MISSING_OR_BLANK,
Works_Recommended.csv,2615,Sanction Date,MISSING_OR_BLANK,
Works_Recommended.csv,2645,Sanction Date,MISSING_OR_BLANK,
Works_Recommended.csv,2646,Sanction Date,MISSING_OR_BLANK,
Works_Recommended.csv,2649,Sanction Date,MISSING_OR_BLANK,
Works_Recommended.csv,2658,Sanction Date,MISSING_OR_BLANK,
Works_Recommended.csv,2659,Sanction Date,MISSING_OR_BLANK,
Works_Recommended.csv,2660,Sanction Date,MISSING_OR_BLANK,
Works_Recommended.csv,2697,Sanction Date,MISSING_OR_BLANK,
Works_Recommended.csv,2764,Sanction Date,MISSING_OR_BLANK,
Works_Recommended.csv,2965,Sanction Date,MISSING_OR_BLANK,
Works_Recommended.csv,2967,Sanction Date,MISSING_OR_BLANK,
Works_Recommended.csv,3040,Sanction Date,MISSING_OR_BLANK,
Works_Recommended.csv,3505,Sanction Date,MISSING_OR_BLANK,
Works_Recommended.csv,3842,Sanction Date,MISSING_OR_BLANK,
Works_Recommended.csv,3942,Sanction Date,MISSING_OR_BLANK,
Works_Recommended.csv,3997,Sanction Date,MISSING_OR_BLANK,
Works_Recommended.csv,4006,Sanction Date,MISSING_OR_BLANK,
Works_Recommended.csv,4008,Sanction Date,MISSING_OR_BLANK,
Works_Recommended.csv,4013,Sanction Date,MISSING_OR_BLANK,
Works_Recommended.csv,4029,Sanction Date,MISSING_OR_BLANK,
Works_Recommended.csv,4073,Sanction Date,MISSING_OR_BLANK,
Works_Recommended.csv,4085,Sanction Date,MISSING_OR_BLANK,
Works_Recommended.csv,4155,Sanction Date,MISSING_OR_BLANK,
Works_Recommended.csv,4156,Sanction Date,MISSING_OR_BLANK,
Works_Recommended.csv,4187,Sanction Date,MISSING_OR_BLANK,
Works_Recommended.csv,4253,Sanction Date,MISSING_OR_BLANK,
Works_Recommended.csv,4354,Sanction Date,MISSING_OR_BLANK,
Works_Recommended.csv,4368,Sanction Date,MISSING_OR_BLANK,
Works_Recommended.csv,4388,Sanction Date,MISSING_OR_BLANK,
Works_Recommended.csv,4418,Sanction Date,MISSING_OR_BLANK,
Works_Recommended.csv,4457,Sanction Date,MISSING_OR_BLANK,
Works_Recommended.csv,4651,Sanction Date,MISSING_OR_BLANK,
Works_Recommended.csv,4652,Sanction Date,MISSING_OR_BLANK,
Works_Recommended.csv,4653,Sanction Date,MISSING_OR_BLANK,
Works_Recommended.csv,4673,Sanction Date,MISSING_OR_BLANK,
Works_Recommended.csv,4798,Sanction Date,MISSING_OR_BLANK,
Works_Recommended.csv,5056,Sanction Date,MISSING_OR_BLANK,
Works_Recommended.csv,5107,Sanction Date,MISSING_OR_BLANK,
Works_Recommended.csv,5133,Sanction Date,MISSING_OR_BLANK,
Works_Recommended.csv,5134,Sanction Date,MISSING_OR_BLANK,
Works_Recommended.csv,5213,Sanction Date,MISSING_OR_BLANK,
Works_Recommended.csv,5275,Sanction Date,MISSING_OR_BLANK,
Works_Recommended.csv,5320,Sanction Date,MISSING_OR_BLANK,
Works_Recommended.csv,5400,Sanction Date,MISSING_OR_BLANK,
Works_Recommended.csv,5418,Sanction Date,MISSING_OR_BLANK,
Works_Recommended.csv,5486,Sanction Date,MISSING_OR_BLANK,
Works_Recommended.csv,5492,Sanction Date,MISSING_OR_BLANK,
Works_Recommended.csv,5533,Sanction Date,MISSING_OR_BLANK,
Works_Recommended.csv,5592,Sanction Date,MISSING_OR_BLANK,
Works_Recommended.csv,5610,Sanction Date,MISSING_OR_BLANK,
Works_Recommended.csv,5642,Sanction Date,MISSING_OR_BLANK,
Works_Recommended.csv,5645,Sanction Date,MISSING_OR_BLANK,
Works_Recommended.csv,5646,Sanction Date,MISSING_OR_BLANK,
Works_Recommended.csv,5837,Sanction Date,MISSING_OR_BLANK,
Works_Recommended.csv,5847,Sanction Date,MISSING_OR_BLANK,
Works_Recommended.csv,5855,Sanction Date,MISSING_OR_BLANK,
Works_Recommended.csv,5856,Sanction Date,MISSING_OR_BLANK,
Works_Recommended.csv,5857,Sanction Date,MISSING_OR_BLANK,
Works_Recommended.csv,5900,Sanction Date,MISSING_OR_BLANK,
Works_Recommended.csv,5901,Sanction Date,MISSING_OR_BLANK,
Works_Recommended.csv,5930,Sanction Date,MISSING_OR_BLANK,
Works_Recommended.csv,6006,Sanction Date,MISSING_OR_BLANK,
Works_Recommended.csv,6028,Sanction Date,MISSING_OR_BLANK,
Works_Recommended.csv,6055,Sanction Date,MISSING_OR_BLANK,
Works_Recommended.csv,6058,Sanction Date,MISSING_OR_BLANK,
Works_Recommended.csv,6101,Sanction Date,MISSING_OR_BLANK,
Works_Recommended.csv,6187,Sanction Date,MISSING_OR_BLANK,
Works_Recommended.csv,6223,Sanction Date,MISSING_OR_BLANK,
Works_Recommended.csv,6229,Sanction Date,MISSING_OR_BLANK,
Works_Recommended.csv,6231,Sanction Date,MISSING_OR_BLANK,
Works_Recommended.csv,6232,Sanction Date,MISSING_OR_BLANK,
Works_Recommended.csv,6280,Sanction Date,MISSING_OR_BLANK,
Works_Recommended.csv,6281,Sanction Date,MISSING_OR_BLANK,
Works_Recommended.csv,6282,Sanction Date,MISSING_OR_BLANK,
Works_Recommended.csv,6283,Sanction Date,MISSING_OR_BLANK,
Works_Recommended.csv,6284,Sanction Date,MISSING_OR_BLANK,
Works_Recommended.csv,6285,Sanction Date,MISSING_OR_BLANK,
Works_Recommended.csv,6287,Sanction Date,MISSING_OR_BLANK,
Works_Recommended.csv,6295,Sanction Date,MISSING_OR_BLANK,
Works_Recommended.csv,6296,Sanction Date,MISSING_OR_BLANK,
Works_Recommended.csv,6335,Sanction Date,MISSING_OR_BLANK,
Works_Recommended.csv,6379,Sanction Date,MISSING_OR_BLANK,
Works_Recommended.csv,6443,Sanction Date,MISSING_OR_BLANK,
Works_Recommended.csv,6461,Sanction Date,MISSING_OR_BLANK,
Works_Recommended.csv,6463,Sanction Date,MISSING_OR_BLANK,
Works_Recommended.csv,6464,Sanction Date,MISSING_OR_BLANK,
Works_Recommended.csv,6466,Sanction Date,MISSING_OR_BLANK,
Works_Recommended.csv,6469,Sanction Date,MISSING_OR_BLANK,
Works_Recommended.csv,6539,Sanction Date,MISSING_OR_BLANK,
Works_Recommended.csv,6557,Sanction Date,MISSING_OR_BLANK,
Works_Recommended.csv,6561,Sanction Date,MISSING_OR_BLANK,
Works_Recommended.csv,6570,Sanction Date,MISSING_OR_BLANK,
Works_Recommended.csv,6589,Sanction Date,MISSING_OR_BLANK,
Works_Recommended.csv,6614,Sanction Date,MISSING_OR_BLANK,
Works_Recommended.csv,6620,Sanction Date,MISSING_OR_BLANK,
Works_Recommended.csv,6715,Sanction Date,MISSING_OR_BLANK,
Works_Recommended.csv,6738,Sanction Date,MISSING_OR_BLANK,
Works_Recommended.csv,6739,Sanction Date,MISSING_OR_BLANK,
Works_Recommended.csv,6741,Sanction Date,MISSING_OR_BLANK,
Works_Recommended.csv,6755,Sanction Date,MISSING_OR_BLANK,
Works_Recommended.csv,6834,Sanction Date,MISSING_OR_BLANK,
Works_Recommended.csv,6865,Sanction Date,MISSING_OR_BLANK,
Works_Recommended.csv,6866,Sanction Date,MISSING_OR_BLANK,
Works_Recommended.csv,6971,Sanction Date,MISSING_OR_BLANK,
Works_Recommended.csv,6997,Sanction Date,MISSING_OR_BLANK,
Works_Recommended.csv,7019,Sanction Date,MISSING_OR_BLANK,
Works_Recommended.csv,7041,Sanction Date,MISSING_OR_BLANK,
Works_Recommended.csv,7059,Sanction Date,MISSING_OR_BLANK,
Works_Recommended.csv,7300,Sanction Date,MISSING_OR_BLANK,
Works_Recommended.csv,7308,Sanction Date,MISSING_OR_BLANK,
Works_Recommended.csv,7309,Sanction Date,MISSING_OR_BLANK,
Works_Recommended.csv,7415,Sanction Date,MISSING_OR_BLANK,
Works_Recommended.csv,7446,Sanction Date,MISSING_OR_BLANK,
Works_Recommended.csv,7449,Sanction Date,MISSING_OR_BLANK,
Works_Recommended.csv,7455,Sanction Date,MISSING_OR_BLANK,
Works_Recommended.csv,7614,Sanction Date,MISSING_OR_BLANK,
Works_Recommended.csv,7775,Sanction Date,MISSING_OR_BLANK,
Works_Recommended.csv,7784,Sanction Date,MISSING_OR_BLANK,
Works_Recommended.csv,7850,Sanction Date,MISSING_OR_BLANK,
Works_Recommended.csv,7855,Sanction Date,MISSING_OR_BLANK,
Works_Recommended.csv,7906,Sanction Date,MISSING_OR_BLANK,
Works_Recommended.csv,7991,Sanction Date,MISSING_OR_BLANK,
Works_Recommended.csv,7998,Sanction Date,MISSING_OR_BLANK,
Works_Recommended.csv,8017,Sanction Date,MISSING_OR_BLANK,
Works_Recommended.csv,8222,Sanction Date,MISSING_OR_BLANK,
Works_Recommended.csv,8228,Sanction Date,MISSING_OR_BLANK,
Works_Recommended.csv,8313,Sanction Date,MISSING_OR_BLANK,
Works_Recommended.csv,8326,Sanction Date,MISSING_OR_BLANK,
Works_Recommended.csv,8333,Sanction Date,MISSING_OR_BLANK,
Works_Recommended.csv,8350,Sanction Date,MISSING_OR_BLANK,
Works_Recommended.csv,8377,Sanction Date,MISSING_OR_BLANK,
Works_Recommended.csv,8394,Sanction Date,MISSING_OR_BLANK,
Works_Recommended.csv,8417,Sanction Date,MISSING_OR_BLANK,
Works_Recommended.csv,8418,Sanction Date,MISSING_OR_BLANK,
Works_Recommended.csv,8419,Sanction Date,MISSING_OR_BLANK,
Works_Recommended.csv,8420,Sanction Date,MISSING_OR_BLANK,
Works_Recommended.csv,8479,Sanction Date,MISSING_OR_BLANK,
Works_Recommended.csv,8482,Sanction Date,MISSING_OR_BLANK,
Works_Recommended.csv,8500,Sanction Date,MISSING_OR_BLANK,
Works_Recommended.csv,8501,Sanction Date,MISSING_OR_BLANK,
Works_Recommended.csv,8562,Sanction Date,MISSING_OR_BLANK,
Works_Recommended.csv,8567,Sanction Date,MISSING_OR_BLANK,
Works_Recommended.csv,8605,Sanction Date,MISSING_OR_BLANK,
Works_Recommended.csv,8606,Sanction Date,MISSING_OR_BLANK,
Works_Recommended.csv,8618,Sanction Date,MISSING_OR_BLANK,
Works_Recommended.csv,8631,Sanction Date,MISSING_OR_BLANK,
Works_Recommended.csv,8703,Sanction Date,MISSING_OR_BLANK,
Works_Recommended.csv,8709,Sanction Date,MISSING_OR_BLANK,
Works_Recommended.csv,8716,Sanction Date,MISSING_OR_BLANK,
Works_Recommended.csv,8718,Sanction Date,MISSING_OR_BLANK,
Works_Recommended.csv,8846,Sanction Date,MISSING_OR_BLANK,
Works_Recommended.csv,8861,Sanction Date,MISSING_OR_BLANK,
Works_Recommended.csv,8950,Sanction Date,MISSING_OR_BLANK,
Works_Recommended.csv,8980,Sanction Date,MISSING_OR_BLANK,
Works_Recommended.csv,8991,Sanction Date,MISSING_OR_BLANK,
Works_Recommended.csv,9017,Sanction Date,MISSING_OR_BLANK,
Works_Recommended.csv,9018,Sanction Date,MISSING_OR_BLANK,
Works_Recommended.csv,9023,Sanction Date,MISSING_OR_BLANK,
Works_Recommended.csv,9024,Sanction Date,MISSING_OR_BLANK,
Works_Recommended.csv,9040,Sanction Date,MISSING_OR_BLANK,
Works_Recommended.csv,9041,Sanction Date,MISSING_OR_BLANK,
Works_Recommended.csv,9054,Sanction Date,MISSING_OR_BLANK,
Works_Recommended.csv,9055,Sanction Date,MISSING_OR_BLANK,
Works_Recommended.csv,9075,Sanction Date,MISSING_OR_BLANK,
Works_Recommended.csv,9083,Sanction Date,MISSING_OR_BLANK,
Works_Recommended.csv,9100,Sanction Date,MISSING_OR_BLANK,
Works_Recommended.csv,9104,Sanction Date,MISSING_OR_BLANK,
Works_Recommended.csv,9122,Sanction Date,MISSING_OR_BLANK,
Works_Recommended.csv,9123,Sanction Date,MISSING_OR_BLANK,
Works_Recommended.csv,9124,Sanction Date,MISSING_OR_BLANK,
Works_Recommended.csv,9130,Sanction Date,MISSING_OR_BLANK,
Works_Recommended.csv,9131,Sanction Date,MISSING_OR_BLANK,
Works_Recommended.csv,9132,Sanction Date,MISSING_OR_BLANK,
Works_Recommended.csv,9133,Sanction Date,MISSING_OR_BLANK,
Works_Recommended.csv,9134,Sanction Date,MISSING_OR_BLANK,
Works_Recommended.csv,9135,Sanction Date,MISSING_OR_BLANK,
Works_Recommended.csv,9136,Sanction Date,MISSING_OR_BLANK,
Works_Recommended.csv,9137,Sanction Date,MISSING_OR_BLANK,
Works_Recommended.csv,9141,Sanction Date,MISSING_OR_BLANK,
Works_Recommended.csv,9143,Sanction Date,MISSING_OR_BLANK,
Works_Recommended.csv,9181,Sanction Date,MISSING_OR_BLANK,
Works_Recommended.csv,9187,Sanction Date,MISSING_OR_BLANK,
Works_Recommended.csv,9189,Sanction Date,MISSING_OR_BLANK,
Works_Recommended.csv,9201,Sanction Date,MISSING_OR_BLANK,
Works_Recommended.csv,9208,Sanction Date,MISSING_OR_BLANK,
Works_Recommended.csv,9209,Sanction Date,MISSING_OR_BLANK,
Works_Recommended.csv,9211,Sanction Date,MISSING_OR_BLANK,
Works_Recommended.csv,9212,Sanction Date,MISSING_OR_BLANK,
Works_Recommended.csv,9213,Sanction Date,MISSING_OR_BLANK,
Works_Recommended.csv,9223,Sanction Date,MISSING_OR_BLANK,
Works_Recommended.csv,9231,Sanction Date,MISSING_OR_BLANK,
Works_Recommended.csv,9316,Sanction Date,MISSING_OR_BLANK,
Works_Recommended.csv,9323,Sanction Date,MISSING_OR_BLANK,
Works_Recommended.csv,9329,Sanction Date,MISSING_OR_BLANK,
Works_Recommended.csv,9330,Sanction Date,MISSING_OR_BLANK,
Works_Recommended.csv,9331,Sanction Date,MISSING_OR_BLANK,
Works_Recommended.csv,9333,Sanction Date,MISSING_OR_BLANK,
Works_Recommended.csv,9347,Sanction Date,MISSING_OR_BLANK,
Works_Recommended.csv,9349,Sanction Date,MISSING_OR_BLANK,
Works_Recommended.csv,9350,Sanction Date,MISSING_OR_BLANK,
Works_Recommended.csv,9357,Sanction Date,MISSING_OR_BLANK,
Works_Recommended.csv,9363,Sanction Date,MISSING_OR_BLANK,
Works_Recommended.csv,9366,Sanction Date,MISSING_OR_BLANK,
Works_Recommended.csv,9371,Sanction Date,MISSING_OR_BLANK,
Works_Recommended.csv,9376,Sanction Date,MISSING_OR_BLANK,
Works_Recommended.csv,9377,Sanction Date,MISSING_OR_BLANK,
Works_Recommended.csv,9379,Sanction Date,MISSING_OR_BLANK,
Works_Recommended.csv,9380,Sanction Date,MISSING_OR_BLANK,
Works_Recommended.csv,9381,Sanction Date,MISSING_OR_BLANK,
Works_Recommended.csv,9382,Sanction Date,MISSING_OR_BLANK,
Works_Recommended.csv,9387,Sanction Date,MISSING_OR_BLANK,
Works_Recommended.csv,9388,Sanction Date,MISSING_OR_BLANK,
Works_Recommended.csv,9389,Sanction Date,MISSING_OR_BLANK,
Works_Recommended.csv,9395,Sanction Date,MISSING_OR_BLANK,
Works_Recommended.csv,9400,Sanction Date,MISSING_OR_BLANK,
Works_Recommended.csv,9401,Sanction Date,MISSING_OR_BLANK,
Works_Recommended.csv,9402,Sanction Date,MISSING_OR_BLANK,
Works_Recommended.csv,9405,Sanction Date,MISSING_OR_BLANK,
Works_Recommended.csv,9412,Sanction Date,MISSING_OR_BLANK,
Works_Recommended.csv,9413,Sanction Date,MISSING_OR_BLANK,
Works_Recommended.csv,9414,Sanction Date,MISSING_OR_BLANK,
Works_Recommended.csv,9416,Sanction Date,MISSING_OR_BLANK,
Works_Recommended.csv,9418,Sanction Date,MISSING_OR_BLANK,
Works_Recommended.csv,9425,Sanction Date,MISSING_OR_BLANK,
Works_Recommended.csv,9431,Sanction Date,MISSING_OR_BLANK,
Works_Recommended.csv,9442,Sanction Date,MISSING_OR_BLANK,
Works_Recommended.csv,9445,Sanction Date,MISSING_OR_BLANK,
Works_Recommended.csv,9500,Sanction Date,MISSING_OR_BLANK,
Works_Recommended.csv,9532,Sanction Date,MISSING_OR_BLANK,
Works_Recommended.csv,9533,Sanction Date,MISSING_OR_BLANK,
Works_Recommended.csv,9534,Sanction Date,MISSING_OR_BLANK,
Works_Recommended.csv,9549,Sanction Date,MISSING_OR_BLANK,
Works_Recommended.csv,9550,Sanction Date,MISSING_OR_BLANK,
Works_Recommended.csv,9552,Sanction Date,MISSING_OR_BLANK,
Works_Recommended.csv,9553,Sanction Date,MISSING_OR_BLANK,
Works_Recommended.csv,9556,Sanction Date,MISSING_OR_BLANK,
Works_Recommended.csv,9600,Sanction Date,MISSING_OR_BLANK,
Works_Recommended.csv,9601,Sanction Date,MISSING_OR_BLANK,
Works_Recommended.csv,9683,Sanction Date,MISSING_OR_BLANK,
Works_Recommended.csv,9704,Sanction Date,MISSING_OR_BLANK,
Works_Recommended.csv,9729,Sanction Date,MISSING_OR_BLANK,
Works_Recommended.csv,9745,Sanction Date,MISSING_OR_BLANK,
Works_Recommended.csv,9796,Sanction Date,MISSING_OR_BLANK,
Works_Recommended.csv,9797,Sanction Date,MISSING_OR_BLANK,
Works_Recommended.csv,9798,Sanction Date,MISSING_OR_BLANK,
Works_Recommended.csv,9802,Sanction Date,MISSING_OR_BLANK,
Works_Recommended.csv,9831,Sanction Date,MISSING_OR_BLANK,
Works_Recommended.csv,9888,Sanction Date,MISSING_OR_BLANK,
Works_Recommended.csv,9915,Sanction Date,MISSING_OR_BLANK,
Works_Recommended.csv,10037,Sanction Date,MISSING_OR_BLANK,
Works_Recommended.csv,10188,Sanction Date,MISSING_OR_BLANK,
Works_Recommended.csv,10198,Sanction Date,MISSING_OR_BLANK,
Works_Recommended.csv,10252,Sanction Date,MISSING_OR_BLANK,
Works_Recommended.csv,10253,Sanction Date,MISSING_OR_BLANK,
Works_Recommended.csv,10255,Sanction Date,MISSING_OR_BLANK,
Works_Recommended.csv,10256,Sanction Date,MISSING_OR_BLANK,
Works_Recommended.csv,10257,Sanction Date,MISSING_OR_BLANK,
Works_Recommended.csv,10258,Sanction Date,MISSING_OR_BLANK,
Works_Recommended.csv,10342,Sanction Date,MISSING_OR_BLANK,
Works_Recommended.csv,10350,Sanction Date,MISSING_OR_BLANK,
Works_Recommended.csv,10360,Sanction Date,MISSING_OR_BLANK,
Works_Recommended.csv,10411,Sanction Date,MISSING_OR_BLANK,
Works_Recommended.csv,10423,Sanction Date,MISSING_OR_BLANK,
Works_Recommended.csv,10424,Sanction Date,MISSING_OR_BLANK,
Works_Recommended.csv,10425,Sanction Date,MISSING_OR_BLANK,
Works_Recommended.csv,10426,Sanction Date,MISSING_OR_BLANK,
Works_Recommended.csv,10429,Sanction Date,MISSING_OR_BLANK,
Works_Recommended.csv,10453,Sanction Date,MISSING_OR_BLANK,
Works_Recommended.csv,10483,Sanction Date,MISSING_OR_BLANK,
Works_Recommended.csv,10496,Sanction Date,MISSING_OR_BLANK,
Works_Recommended.csv,10505,Sanction Date,MISSING_OR_BLANK,
Works_Recommended.csv,10554,Sanction Date,MISSING_OR_BLANK,
Works_Recommended.csv,10555,Sanction Date,MISSING_OR_BLANK,
Works_Recommended.csv,10556,Sanction Date,MISSING_OR_BLANK,
Works_Recommended.csv,10558,Sanction Date,MISSING_OR_BLANK,
Works_Recommended.csv,10559,Sanction Date,MISSING_OR_BLANK,
Works_Recommended.csv,10560,Sanction Date,MISSING_OR_BLANK,
Works_Recommended.csv,10571,Sanction Date,MISSING_OR_BLANK,
Works_Recommended.csv,10651,Sanction Date,MISSING_OR_BLANK,
Works_Recommended.csv,10661,Sanction Date,MISSING_OR_BLANK,
Works_Recommended.csv,10728,Sanction Date,MISSING_OR_BLANK,
Works_Recommended.csv,10748,Sanction Date,MISSING_OR_BLANK,
Works_Recommended.csv,10913,Sanction Date,MISSING_OR_BLANK,
Works_Recommended.csv,10914,Sanction Date,MISSING_OR_BLANK,
Works_Recommended.csv,10915,Sanction Date,MISSING_OR_BLANK,
Works_Recommended.csv,10916,Sanction Date,MISSING_OR_BLANK,
Works_Recommended.csv,10917,Sanction Date,MISSING_OR_BLANK,
Works_Recommended.csv,10918,Sanction Date,MISSING_OR_BLANK,
Works_Recommended.csv,10919,Sanction Date,MISSING_OR_BLANK,
Works_Recommended.csv,10920,Sanction Date,MISSING_OR_BLANK,
Works_Recommended.csv,10921,Sanction Date,MISSING_OR_BLANK,
Works_Recommended.csv,10922,Sanction Date,MISSING_OR_BLANK,
Works_Recommended.csv,10923,Sanction Date,MISSING_OR_BLANK,
Works_Recommended.csv,10924,Sanction Date,MISSING_OR_BLANK,
Works_Recommended.csv,10925,Sanction Date,MISSING_OR_BLANK,
Works_Recommended.csv,10926,Sanction Date,MISSING_OR_BLANK,
Works_Recommended.csv,10927,Sanction Date,MISSING_OR_BLANK,
Works_Recommended.csv,10928,Sanction Date,MISSING_OR_BLANK,
Works_Recommended.csv,10929,Sanction Date,MISSING_OR_BLANK,
Works_Recommended.csv,10930,Sanction Date,MISSING_OR_BLANK,
Works_Recommended.csv,10951,Sanction Date,MISSING_OR_BLANK,
Works_Recommended.csv,10972,Sanction Date,MISSING_OR_BLANK,
Works_Recommended.csv,11022,Sanction Date,MISSING_OR_BLANK,
Works_Recommended.csv,11033,Sanction Date,MISSING_OR_BLANK,
Works_Recommended.csv,11133,Sanction Date,MISSING_OR_BLANK,
Works_Recommended.csv,11206,Sanction Date,MISSING_OR_BLANK,
Works_Recommended.csv,11265,Sanction Date,MISSING_OR_BLANK,
Works_Recommended.csv,11298,Sanction Date,MISSING_OR_BLANK,
Works_Recommended.csv,11309,Sanction Date,MISSING_OR_BLANK,
Works_Recommended.csv,11313,Sanction Date,MISSING_OR_BLANK,
Works_Recommended.csv,11314,Sanction Date,MISSING_OR_BLANK,
Works_Recommended.csv,11317,Sanction Date,MISSING_OR_BLANK,
Works_Recommended.csv,11324,Sanction Date,MISSING_OR_BLANK,
Works_Recommended.csv,11334,Sanction Date,MISSING_OR_BLANK,
Works_Recommended.csv,11344,Sanction Date,MISSING_OR_BLANK,
Works_Recommended.csv,11345,Sanction Date,MISSING_OR_BLANK,
Works_Recommended.csv,11346,Sanction Date,MISSING_OR_BLANK,
Works_Recommended.csv,11349,Sanction Date,MISSING_OR_BLANK,
Works_Recommended.csv,11366,Sanction Date,MISSING_OR_BLANK,
Works_Recommended.csv,11367,Sanction Date,MISSING_OR_BLANK,
Works_Recommended.csv,11369,Sanction Date,MISSING_OR_BLANK,
Works_Recommended.csv,11478,Sanction Date,MISSING_OR_BLANK,
Works_Recommended.csv,11488,Sanction Date,MISSING_OR_BLANK,
Works_Recommended.csv,11544,Sanction Date,MISSING_OR_BLANK,
Works_Recommended.csv,11549,Sanction Date,MISSING_OR_BLANK,
Works_Recommended.csv,11554,Sanction Date,MISSING_OR_BLANK,
Works_Recommended.csv,11567,Sanction Date,MISSING_OR_BLANK,
Works_Recommended.csv,11581,Sanction Date,MISSING_OR_BLANK,
Works_Recommended.csv,11600,Sanction Date,MISSING_OR_BLANK,
Works_Recommended.csv,11604,Sanction Date,MISSING_OR_BLANK,
Works_Recommended.csv,11639,Sanction Date,MISSING_OR_BLANK,
Works_Recommended.csv,11640,Sanction Date,MISSING_OR_BLANK,
Works_Recommended.csv,11683,Sanction Date,MISSING_OR_BLANK,
Works_Recommended.csv,11684,Sanction Date,MISSING_OR_BLANK,
Works_Recommended.csv,11685,Sanction Date,MISSING_OR_BLANK,
Works_Recommended.csv,11686,Sanction Date,MISSING_OR_BLANK,
Works_Recommended.csv,11687,Sanction Date,MISSING_OR_BLANK,
Works_Recommended.csv,11786,Sanction Date,MISSING_OR_BLANK,
Works_Recommended.csv,11879,Sanction Date,MISSING_OR_BLANK,
Works_Recommended.csv,11880,Sanction Date,MISSING_OR_BLANK,
Works_Recommended.csv,11881,Sanction Date,MISSING_OR_BLANK,
Works_Recommended.csv,11882,Sanction Date,MISSING_OR_BLANK,
Works_Recommended.csv,11888,Sanction Date,MISSING_OR_BLANK,
Works_Recommended.csv,11894,Sanction Date,MISSING_OR_BLANK,
Works_Recommended.csv,11917,Sanction Date,MISSING_OR_BLANK,
Works_Recommended.csv,11920,Sanction Date,MISSING_OR_BLANK,
Works_Recommended.csv,11921,Sanction Date,MISSING_OR_BLANK,
Works_Recommended.csv,11930,Sanction Date,MISSING_OR_BLANK,
Works_Recommended.csv,11931,Sanction Date,MISSING_OR_BLANK,
Works_Recommended.csv,11933,Sanction Date,MISSING_OR_BLANK,
Works_Recommended.csv,11953,Sanction Date,MISSING_OR_BLANK,
Works_Recommended.csv,11966,Sanction Date,MISSING_OR_BLANK,
Works_Recommended.csv,11967,Sanction Date,MISSING_OR_BLANK,
Works_Recommended.csv,11968,Sanction Date,MISSING_OR_BLANK,
Works_Recommended.csv,11969,Sanction Date,MISSING_OR_BLANK,
Works_Recommended.csv,11971,Sanction Date,MISSING_OR_BLANK,
Works_Recommended.csv,11972,Sanction Date,MISSING_OR_BLANK,
Works_Recommended.csv,11973,Sanction Date,MISSING_OR_BLANK,
Works_Recommended.csv,11974,Sanction Date,MISSING_OR_BLANK,
Works_Recommended.csv,11975,Sanction Date,MISSING_OR_BLANK,
Works_Recommended.csv,11984,Sanction Date,MISSING_OR_BLANK,
Works_Recommended.csv,11985,Sanction Date,MISSING_OR_BLANK,
Works_Recommended.csv,11986,Sanction Date,MISSING_OR_BLANK,
Works_Recommended.csv,11987,Sanction Date,MISSING_OR_BLANK,
Works_Recommended.csv,11988,Sanction Date,MISSING_OR_BLANK,
Works_Recommended.csv,11995,Sanction Date,MISSING_OR_BLANK,
Works_Recommended.csv,11996,Sanction Date,MISSING_OR_BLANK,
Works_Recommended.csv,11997,Sanction Date,MISSING_OR_BLANK,
Works_Recommended.csv,12015,Sanction Date,MISSING_OR_BLANK,
Works_Recommended.csv,12032,Sanction Date,MISSING_OR_BLANK,
Works_Recommended.csv,12035,Sanction Date,MISSING_OR_BLANK,
Works_Recommended.csv,12037,Sanction Date,MISSING_OR_BLANK,
Works_Recommended.csv,12038,Sanction Date,MISSING_OR_BLANK,
Works_Recommended.csv,12045,Sanction Date,MISSING_OR_BLANK,
Works_Recommended.csv,12046,Sanction Date,MISSING_OR_BLANK,
Works_Recommended.csv,12047,Sanction Date,MISSING_OR_BLANK,
Works_Recommended.csv,12048,Sanction Date,MISSING_OR_BLANK,
Works_Recommended.csv,12049,Sanction Date,MISSING_OR_BLANK,
Works_Recommended.csv,12050,Sanction Date,MISSING_OR_BLANK,
Works_Recommended.csv,12051,Sanction Date,MISSING_OR_BLANK,
Works_Recommended.csv,12052,Sanction Date,MISSING_OR_BLANK,
Works_Recommended.csv,12104,Sanction Date,MISSING_OR_BLANK,
Works_Recommended.csv,12109,Sanction Date,MISSING_OR_BLANK,
Works_Recommended.csv,12119,Sanction Date,MISSING_OR_BLANK,
Works_Recommended.csv,12120,Sanction Date,MISSING_OR_BLANK,
Works_Recommended.csv,12135,Sanction Date,MISSING_OR_BLANK,
Works_Recommended.csv,12140,Sanction Date,MISSING_OR_BLANK,
Works_Recommended.csv,12144,Sanction Date,MISSING_OR_BLANK,
Works_Recommended.csv,12146,Sanction Date,MISSING_OR_BLANK,
Works_Recommended.csv,12148,Sanction Date,MISSING_OR_BLANK,
Works_Recommended.csv,12149,Sanction Date,MISSING_OR_BLANK,
Works_Recommended.csv,12161,Sanction Date,MISSING_OR_BLANK,
Works_Recommended.csv,12167,Sanction Date,MISSING_OR_BLANK,
Works_Recommended.csv,12170,Sanction Date,MISSING_OR_BLANK,
Works_Recommended.csv,12220,Sanction Date,MISSING_OR_BLANK,
Works_Recommended.csv,12240,Sanction Date,MISSING_OR_BLANK,
Works_Recommended.csv,12250,Sanction Date,MISSING_OR_BLANK,
Works_Recommended.csv,12263,Sanction Date,MISSING_OR_BLANK,
Works_Recommended.csv,12268,Sanction Date,MISSING_OR_BLANK,
Works_Recommended.csv,12270,Sanction Date,MISSING_OR_BLANK,
Works_Recommended.csv,12271,Sanction Date,MISSING_OR_BLANK,
Works_Recommended.csv,12282,Sanction Date,MISSING_OR_BLANK,
Works_Recommended.csv,12327,Sanction Date,MISSING_OR_BLANK,
Works_Recommended.csv,12328,Sanction Date,MISSING_OR_BLANK,
Works_Recommended.csv,12329,Sanction Date,MISSING_OR_BLANK,
Works_Recommended.csv,12330,Sanction Date,MISSING_OR_BLANK,
Works_Recommended.csv,12332,Sanction Date,MISSING_OR_BLANK,
Works_Recommended.csv,12333,Sanction Date,MISSING_OR_BLANK,
Works_Recommended.csv,12335,Sanction Date,MISSING_OR_BLANK,
Works_Recommended.csv,12366,Sanction Date,MISSING_OR_BLANK,
Works_Recommended.csv,12369,Sanction Date,MISSING_OR_BLANK,
Works_Recommended.csv,12375,Sanction Date,MISSING_OR_BLANK,
Works_Recommended.csv,12377,Sanction Date,MISSING_OR_BLANK,
Works_Recommended.csv,12383,Sanction Date,MISSING_OR_BLANK,
Works_Recommended.csv,12439,Sanction Date,MISSING_OR_BLANK,
Works_Recommended.csv,12448,Sanction Date,MISSING_OR_BLANK,
Works_Recommended.csv,12449,Sanction Date,MISSING_OR_BLANK,
Works_Recommended.csv,12450,Sanction Date,MISSING_OR_BLANK,
Works_Recommended.csv,12454,Sanction Date,MISSING_OR_BLANK,
Works_Recommended.csv,12456,Sanction Date,MISSING_OR_BLANK,
Works_Recommended.csv,12457,Sanction Date,MISSING_OR_BLANK,
Works_Recommended.csv,12480,Sanction Date,MISSING_OR_BLANK,
Works_Recommended.csv,12512,Sanction Date,MISSING_OR_BLANK,
Works_Recommended.csv,12536,Sanction Date,MISSING_OR_BLANK,
Works_Recommended.csv,12540,Sanction Date,MISSING_OR_BLANK,
Works_Recommended.csv,12541,Sanction Date,MISSING_OR_BLANK,
Works_Recommended.csv,12565,Sanction Date,MISSING_OR_BLANK,
Works_Recommended.csv,12584,Sanction Date,MISSING_OR_BLANK,
Works_Recommended.csv,12639,Sanction Date,MISSING_OR_BLANK,
Works_Recommended.csv,12640,Sanction Date,MISSING_OR_BLANK,
Works_Recommended.csv,12682,Sanction Date,MISSING_OR_BLANK,
Works_Recommended.csv,12730,Sanction Date,MISSING_OR_BLANK,
Works_Recommended.csv,12731,Sanction Date,MISSING_OR_BLANK,
Works_Recommended.csv,12732,Sanction Date,MISSING_OR_BLANK,
Works_Recommended.csv,12746,Sanction Date,MISSING_OR_BLANK,
Works_Recommended.csv,12773,Sanction Date,MISSING_OR_BLANK,
Works_Recommended.csv,12774,Sanction Date,MISSING_OR_BLANK,
Works_Recommended.csv,12809,Sanction Date,MISSING_OR_BLANK,
Works_Recommended.csv,12839,Sanction Date,MISSING_OR_BLANK,
Works_Recommended.csv,12840,Sanction Date,MISSING_OR_BLANK,
Works_Recommended.csv,12994,Sanction Date,MISSING_OR_BLANK,
Works_Recommended.csv,12996,Sanction Date,MISSING_OR_BLANK,
Works_Recommended.csv,12997,Sanction Date,MISSING_OR_BLANK,
Works_Recommended.csv,13000,Sanction Date,MISSING_OR_BLANK,
Works_Recommended.csv,13001,Sanction Date,MISSING_OR_BLANK,
Works_Recommended.csv,13016,Sanction Date,MISSING_OR_BLANK,
Works_Recommended.csv,13024,Sanction Date,MISSING_OR_BLANK,
Works_Recommended.csv,13040,Sanction Date,MISSING_OR_BLANK,
Works_Recommended.csv,13041,Sanction Date,MISSING_OR_BLANK,
Works_Recommended.csv,13048,Sanction Date,MISSING_OR_BLANK,
Works_Recommended.csv,13075,Sanction Date,MISSING_OR_BLANK,
Works_Recommended.csv,13082,Sanction Date,MISSING_OR_BLANK,
Works_Recommended.csv,13085,Sanction Date,MISSING_OR_BLANK,
Works_Recommended.csv,13189,Sanction Date,MISSING_OR_BLANK,
Works_Recommended.csv,13231,Sanction Date,MISSING_OR_BLANK,
Works_Recommended.csv,13248,Sanction Date,MISSING_OR_BLANK,
Works_Recommended.csv,13272,Sanction Date,MISSING_OR_BLANK,
Works_Recommended.csv,13273,Sanction Date,MISSING_OR_BLANK,
Works_Recommended.csv,13286,Sanction Date,MISSING_OR_BLANK,
Works_Recommended.csv,13292,Sanction Date,MISSING_OR_BLANK,
Works_Recommended.csv,13312,Sanction Date,MISSING_OR_BLANK,
Works_Recommended.csv,13325,Sanction Date,MISSING_OR_BLANK,
Works_Recommended.csv,13345,Sanction Date,MISSING_OR_BLANK,
Works_Recommended.csv,13348,Sanction Date,MISSING_OR_BLANK,
Works_Recommended.csv,13357,Sanction Date,MISSING_OR_BLANK,
Works_Recommended.csv,13374,Sanction Date,MISSING_OR_BLANK,
Works_Recommended.csv,13391,Sanction Date,MISSING_OR_BLANK,
Works_Recommended.csv,13392,Sanction Date,MISSING_OR_BLANK,
Works_Recommended.csv,13393,Sanction Date,MISSING_OR_BLANK,
Works_Recommended.csv,13394,Sanction Date,MISSING_OR_BLANK,
Works_Recommended.csv,13395,Sanction Date,MISSING_OR_BLANK,
Works_Recommended.csv,13396,Sanction Date,MISSING_OR_BLANK,
Works_Recommended.csv,13397,Sanction Date,MISSING_OR_BLANK,
Works_Recommended.csv,13398,Sanction Date,MISSING_OR_BLANK,
Works_Recommended.csv,13405,Sanction Date,MISSING_OR_BLANK,
Works_Recommended.csv,13415,Sanction Date,MISSING_OR_BLANK,
Works_Recommended.csv,13455,Sanction Date,MISSING_OR_BLANK,
Works_Recommended.csv,13456,Sanction Date,MISSING_OR_BLANK,
Works_Recommended.csv,13462,Sanction Date,MISSING_OR_BLANK,
Works_Recommended.csv,13464,Sanction Date,MISSING_OR_BLANK,
Works_Recommended.csv,13465,Sanction Date,MISSING_OR_BLANK,
Works_Recommended.csv,13556,Sanction Date,MISSING_OR_BLANK,
Works_Recommended.csv,13558,Sanction Date,MISSING_OR_BLANK,
Works_Recommended.csv,13577,Sanction Date,MISSING_OR_BLANK,
Works_Recommended.csv,13578,Sanction Date,MISSING_OR_BLANK,
Works_Recommended.csv,13584,Sanction Date,MISSING_OR_BLANK,
Works_Recommended.csv,13587,Sanction Date,MISSING_OR_BLANK,
Works_Recommended.csv,13589,Sanction Date,MISSING_OR_BLANK,
Works_Recommended.csv,13590,Sanction Date,MISSING_OR_BLANK,
Works_Recommended.csv,13591,Sanction Date,MISSING_OR_BLANK,
Works_Recommended.csv,13592,Sanction Date,MISSING_OR_BLANK,
Works_Recommended.csv,13593,Sanction Date,MISSING_OR_BLANK,
Works_Recommended.csv,13595,Sanction Date,MISSING_OR_BLANK,
Works_Recommended.csv,13596,Sanction Date,MISSING_OR_BLANK,
Works_Recommended.csv,13597,Sanction Date,MISSING_OR_BLANK,
Works_Recommended.csv,13598,Sanction Date,MISSING_OR_BLANK,
Works_Recommended.csv,13601,Sanction Date,MISSING_OR_BLANK,
Works_Recommended.csv,13614,Sanction Date,MISSING_OR_BLANK,
Works_Recommended.csv,13615,Sanction Date,MISSING_OR_BLANK,
Works_Recommended.csv,13616,Sanction Date,MISSING_OR_BLANK,
Works_Recommended.csv,13617,Sanction Date,MISSING_OR_BLANK,
Works_Recommended.csv,13618,Sanction Date,MISSING_OR_BLANK,
Works_Recommended.csv,13632,Sanction Date,MISSING_OR_BLANK,
Works_Recommended.csv,13640,Sanction Date,MISSING_OR_BLANK,
Works_Recommended.csv,13654,Sanction Date,MISSING_OR_BLANK,
Works_Recommended.csv,13700,Sanction Date,MISSING_OR_BLANK,
Works_Recommended.csv,13711,Sanction Date,MISSING_OR_BLANK,
Works_Recommended.csv,13765,Sanction Date,MISSING_OR_BLANK,
Works_Recommended.csv,13854,Sanction Date,MISSING_OR_BLANK,
Works_Recommended.csv,13868,Sanction Date,MISSING_OR_BLANK,
Works_Recommended.csv,13869,Sanction Date,MISSING_OR_BLANK,
Works_Recommended.csv,13870,Sanction Date,MISSING_OR_BLANK,
Works_Recommended.csv,13871,Sanction Date,MISSING_OR_BLANK,
Works_Recommended.csv,13874,Sanction Date,MISSING_OR_BLANK,
Works_Recommended.csv,13895,Sanction Date,MISSING_OR_BLANK,
Works_Recommended.csv,13904,Sanction Date,MISSING_OR_BLANK,
Works_Recommended.csv,13913,Sanction Date,MISSING_OR_BLANK,
Works_Recommended.csv,13920,Sanction Date,MISSING_OR_BLANK,
Works_Recommended.csv,13929,Sanction Date,MISSING_OR_BLANK,
Works_Recommended.csv,13949,Sanction Date,MISSING_OR_BLANK,
Works_Recommended.csv,13950,Sanction Date,MISSING_OR_BLANK,
Works_Recommended.csv,13958,Sanction Date,MISSING_OR_BLANK,
Works_Recommended.csv,13974,Sanction Date,MISSING_OR_BLANK,
Works_Recommended.csv,13977,Sanction Date,MISSING_OR_BLANK,
Works_Recommended.csv,14003,Sanction Date,MISSING_OR_BLANK,
Works_Recommended.csv,14005,Sanction Date,MISSING_OR_BLANK,
Works_Recommended.csv,14007,Sanction Date,MISSING_OR_BLANK,
Works_Recommended.csv,14083,Sanction Date,MISSING_OR_BLANK,
Works_Recommended.csv,14091,Sanction Date,MISSING_OR_BLANK,
Works_Recommended.csv,14092,Sanction Date,MISSING_OR_BLANK,
Works_Recommended.csv,14105,Sanction Date,MISSING_OR_BLANK,
Works_Recommended.csv,14112,Sanction Date,MISSING_OR_BLANK,
Works_Recommended.csv,14117,Sanction Date,MISSING_OR_BLANK,
Works_Recommended.csv,14130,Sanction Date,MISSING_OR_BLANK,
Works_Recommended.csv,14136,Sanction Date,MISSING_OR_BLANK,
Works_Recommended.csv,14137,Sanction Date,MISSING_OR_BLANK,
Works_Recommended.csv,14138,Sanction Date,MISSING_OR_BLANK,
Works_Recommended.csv,14157,Sanction Date,MISSING_OR_BLANK,
Works_Recommended.csv,14158,Sanction Date,MISSING_OR_BLANK,
Works_Recommended.csv,14159,Sanction Date,MISSING_OR_BLANK,
Works_Recommended.csv,14162,Sanction Date,MISSING_OR_BLANK,
Works_Recommended.csv,14163,Sanction Date,MISSING_OR_BLANK,
Works_Recommended.csv,14170,Sanction Date,MISSING_OR_BLANK,
Works_Recommended.csv,14177,Sanction Date,MISSING_OR_BLANK,
Works_Recommended.csv,14181,Sanction Date,MISSING_OR_BLANK,
Works_Recommended.csv,14210,Sanction Date,MISSING_OR_BLANK,
Works_Recommended.csv,14224,Sanction Date,MISSING_OR_BLANK,
Works_Recommended.csv,14277,Sanction Date,MISSING_OR_BLANK,
Works_Recommended.csv,14280,Sanction Date,MISSING_OR_BLANK,
Works_Recommended.csv,14287,Sanction Date,MISSING_OR_BLANK,
Works_Recommended.csv,14290,Sanction Date,MISSING_OR_BLANK,
Works_Recommended.csv,14307,Sanction Date,MISSING_OR_BLANK,
Works_Recommended.csv,14310,Sanction Date,MISSING_OR_BLANK,
Works_Recommended.csv,14319,Sanction Date,MISSING_OR_BLANK,
Works_Recommended.csv,14344,Sanction Date,MISSING_OR_BLANK,
Works_Recommended.csv,14346,Sanction Date,MISSING_OR_BLANK,
Works_Recommended.csv,14347,Sanction Date,MISSING_OR_BLANK,
Works_Recommended.csv,14367,Sanction Date,MISSING_OR_BLANK,
Works_Recommended.csv,14371,Sanction Date,MISSING_OR_BLANK,
Works_Recommended.csv,14376,Sanction Date,MISSING_OR_BLANK,
Works_Recommended.csv,14389,Sanction Date,MISSING_OR_BLANK,
Works_Recommended.csv,14395,Sanction Date,MISSING_OR_BLANK,
Works_Recommended.csv,14400,Sanction Date,MISSING_OR_BLANK,
Works_Recommended.csv,14401,Sanction Date,MISSING_OR_BLANK,
Works_Recommended.csv,14407,Sanction Date,MISSING_OR_BLANK,
Works_Recommended.csv,14410,Sanction Date,MISSING_OR_BLANK,
Works_Recommended.csv,14412,Sanction Date,MISSING_OR_BLANK,
Works_Recommended.csv,14413,Sanction Date,MISSING_OR_BLANK,
Works_Recommended.csv,14416,Sanction Date,MISSING_OR_BLANK,
Works_Recommended.csv,14431,Sanction Date,MISSING_OR_BLANK,
Works_Recommended.csv,14432,Sanction Date,MISSING_OR_BLANK,
Works_Recommended.csv,14433,Sanction Date,MISSING_OR_BLANK,
Works_Recommended.csv,14434,Sanction Date,MISSING_OR_BLANK,
Works_Recommended.csv,14473,Sanction Date,MISSING_OR_BLANK,
Works_Recommended.csv,14508,Sanction Date,MISSING_OR_BLANK,
Works_Recommended.csv,14509,Sanction Date,MISSING_OR_BLANK,
Works_Recommended.csv,14510,Sanction Date,MISSING_OR_BLANK,
Works_Recommended.csv,14513,Sanction Date,MISSING_OR_BLANK,
Works_Recommended.csv,14515,Sanction Date,MISSING_OR_BLANK,
Works_Recommended.csv,14516,Sanction Date,MISSING_OR_BLANK,
Works_Recommended.csv,14517,Sanction Date,MISSING_OR_BLANK,
Works_Recommended.csv,14518,Sanction Date,MISSING_OR_BLANK,
Works_Recommended.csv,14521,Sanction Date,MISSING_OR_BLANK,
Works_Recommended.csv,14522,Sanction Date,MISSING_OR_BLANK,
Works_Recommended.csv,14523,Sanction Date,MISSING_OR_BLANK,
Works_Recommended.csv,14524,Sanction Date,MISSING_OR_BLANK,
Works_Recommended.csv,14526,Sanction Date,MISSING_OR_BLANK,
Works_Recommended.csv,14527,Sanction Date,MISSING_OR_BLANK,
Works_Recommended.csv,14529,Sanction Date,MISSING_OR_BLANK,
Works_Recommended.csv,14532,Sanction Date,MISSING_OR_BLANK,
Works_Recommended.csv,14543,Sanction Date,MISSING_OR_BLANK,
Works_Recommended.csv,14545,Sanction Date,MISSING_OR_BLANK,
Works_Recommended.csv,14563,Sanction Date,MISSING_OR_BLANK,
Works_Recommended.csv,14564,Sanction Date,MISSING_OR_BLANK,
Works_Recommended.csv,14576,Sanction Date,MISSING_OR_BLANK,
Works_Recommended.csv,14581,Sanction Date,MISSING_OR_BLANK,
Works_Recommended.csv,14625,Sanction Date,MISSING_OR_BLANK,
Works_Recommended.csv,14648,Sanction Date,MISSING_OR_BLANK,
Works_Recommended.csv,14649,Sanction Date,MISSING_OR_BLANK,
Works_Recommended.csv,14650,Sanction Date,MISSING_OR_BLANK,
Works_Recommended.csv,14651,Sanction Date,MISSING_OR_BLANK,
Works_Recommended.csv,14656,Sanction Date,MISSING_OR_BLANK,
Works_Recommended.csv,14662,Sanction Date,MISSING_OR_BLANK,
Works_Recommended.csv,14663,Sanction Date,MISSING_OR_BLANK,
Works_Recommended.csv,14667,Sanction Date,MISSING_OR_BLANK,
Works_Recommended.csv,14678,Sanction Date,MISSING_OR_BLANK,
Works_Recommended.csv,14679,Sanction Date,MISSING_OR_BLANK,
Works_Recommended.csv,14684,Sanction Date,MISSING_OR_BLANK,
Works_Recommended.csv,14686,Sanction Date,MISSING_OR_BLANK,
Works_Recommended.csv,14688,Sanction Date,MISSING_OR_BLANK,
Works_Recommended.csv,14689,Sanction Date,MISSING_OR_BLANK,
Works_Recommended.csv,14690,Sanction Date,MISSING_OR_BLANK,
Works_Recommended.csv,14691,Sanction Date,MISSING_OR_BLANK,
Works_Recommended.csv,14695,Sanction Date,MISSING_OR_BLANK,
Works_Recommended.csv,14696,Sanction Date,MISSING_OR_BLANK,
Works_Recommended.csv,14713,Sanction Date,MISSING_OR_BLANK,
Works_Recommended.csv,14715,Sanction Date,MISSING_OR_BLANK,
Works_Recommended.csv,14787,Sanction Date,MISSING_OR_BLANK,
Works_Recommended.csv,14812,Sanction Date,MISSING_OR_BLANK,
Works_Recommended.csv,14825,Sanction Date,MISSING_OR_BLANK,
Works_Recommended.csv,14826,Sanction Date,MISSING_OR_BLANK,
Works_Recommended.csv,14846,Sanction Date,MISSING_OR_BLANK,
Works_Recommended.csv,14847,Sanction Date,MISSING_OR_BLANK,
Works_Recommended.csv,14878,Sanction Date,MISSING_OR_BLANK,
Works_Recommended.csv,14888,Sanction Date,MISSING_OR_BLANK,
Works_Recommended.csv,14900,Sanction Date,MISSING_OR_BLANK,
Works_Recommended.csv,14904,Sanction Date,MISSING_OR_BLANK,
Works_Recommended.csv,14905,Sanction Date,MISSING_OR_BLANK,
Works_Recommended.csv,14906,Sanction Date,MISSING_OR_BLANK,
Works_Recommended.csv,14923,Sanction Date,MISSING_OR_BLANK,
Works_Recommended.csv,14927,Sanction Date,MISSING_OR_BLANK,
Works_Recommended.csv,14949,Sanction Date,MISSING_OR_BLANK,
Works_Recommended.csv,14950,Sanction Date,MISSING_OR_BLANK,
Works_Recommended.csv,14953,Sanction Date,MISSING_OR_BLANK,
Works_Recommended.csv,14983,Sanction Date,MISSING_OR_BLANK,
Works_Recommended.csv,14984,Sanction Date,MISSING_OR_BLANK,
Works_Recommended.csv,14985,Sanction Date,MISSING_OR_BLANK,
Works_Recommended.csv,14986,Sanction Date,MISSING_OR_BLANK,
Works_Recommended.csv,14987,Sanction Date,MISSING_OR_BLANK,
Works_Recommended.csv,14988,Sanction Date,MISSING_OR_BLANK,
Works_Recommended.csv,14989,Sanction Date,MISSING_OR_BLANK,
Works_Recommended.csv,14991,Sanction Date,MISSING_OR_BLANK,
Works_Recommended.csv,14993,Sanction Date,MISSING_OR_BLANK,
Works_Recommended.csv,14995,Sanction Date,MISSING_OR_BLANK,
Works_Recommended.csv,14996,Sanction Date,MISSING_OR_BLANK,
Works_Recommended.csv,14999,Sanction Date,MISSING_OR_BLANK,
Works_Recommended.csv,15001,Sanction Date,MISSING_OR_BLANK,
Works_Recommended.csv,15038,Sanction Date,MISSING_OR_BLANK,
Works_Recommended.csv,15045,Sanction Date,MISSING_OR_BLANK,
Works_Recommended.csv,15046,Sanction Date,MISSING_OR_BLANK,
Works_Recommended.csv,15047,Sanction Date,MISSING_OR_BLANK,
Works_Recommended.csv,15060,Sanction Date,MISSING_OR_BLANK,
Works_Recommended.csv,15061,Sanction Date,MISSING_OR_BLANK,
Works_Recommended.csv,15062,Sanction Date,MISSING_OR_BLANK,
Works_Recommended.csv,15065,Sanction Date,MISSING_OR_BLANK,
Works_Recommended.csv,15066,Sanction Date,MISSING_OR_BLANK,
Works_Recommended.csv,15067,Sanction Date,MISSING_OR_BLANK,
Works_Recommended.csv,15068,Sanction Date,MISSING_OR_BLANK,
Works_Recommended.csv,15069,Sanction Date,MISSING_OR_BLANK,
Works_Recommended.csv,15070,Sanction Date,MISSING_OR_BLANK,
Works_Recommended.csv,15082,Sanction Date,MISSING_OR_BLANK,
Works_Recommended.csv,15091,Sanction Date,MISSING_OR_BLANK,
Works_Recommended.csv,15092,Sanction Date,MISSING_OR_BLANK,
Works_Recommended.csv,15098,Sanction Date,MISSING_OR_BLANK,
Works_Recommended.csv,15099,Sanction Date,MISSING_OR_BLANK,
Works_Recommended.csv,15100,Sanction Date,MISSING_OR_BLANK,
Works_Recommended.csv,15101,Sanction Date,MISSING_OR_BLANK,
Works_Recommended.csv,15102,Sanction Date,MISSING_OR_BLANK,
Works_Recommended.csv,15103,Sanction Date,MISSING_OR_BLANK,
Works_Recommended.csv,15106,Sanction Date,MISSING_OR_BLANK,
Works_Recommended.csv,15108,Sanction Date,MISSING_OR_BLANK,
Works_Recommended.csv,15109,Sanction Date,MISSING_OR_BLANK,
Works_Recommended.csv,15110,Sanction Date,MISSING_OR_BLANK,
Works_Recommended.csv,15112,Sanction Date,MISSING_OR_BLANK,
Works_Recommended.csv,15113,Sanction Date,MISSING_OR_BLANK,
Works_Recommended.csv,15115,Sanction Date,MISSING_OR_BLANK,
Works_Recommended.csv,15116,Sanction Date,MISSING_OR_BLANK,
Works_Recommended.csv,15117,Sanction Date,MISSING_OR_BLANK,
Works_Recommended.csv,15134,Sanction Date,MISSING_OR_BLANK,
Works_Recommended.csv,15136,Sanction Date,MISSING_OR_BLANK,
Works_Recommended.csv,15137,Sanction Date,MISSING_OR_BLANK,
Works_Recommended.csv,15138,Sanction Date,MISSING_OR_BLANK,
Works_Recommended.csv,15140,Sanction Date,MISSING_OR_BLANK,
Works_Recommended.csv,15141,Sanction Date,MISSING_OR_BLANK,
Works_Recommended.csv,15142,Sanction Date,MISSING_OR_BLANK,
Works_Recommended.csv,15143,Sanction Date,MISSING_OR_BLANK,
Works_Recommended.csv,15144,Sanction Date,MISSING_OR_BLANK,
Works_Recommended.csv,15145,Sanction Date,MISSING_OR_BLANK,
Works_Recommended.csv,15152,Sanction Date,MISSING_OR_BLANK,
Works_Recommended.csv,15156,Sanction Date,MISSING_OR_BLANK,
Works_Recommended.csv,15166,Sanction Date,MISSING_OR_BLANK,
Works_Recommended.csv,15168,Sanction Date,MISSING_OR_BLANK,
Works_Recommended.csv,15169,Sanction Date,MISSING_OR_BLANK,
Works_Recommended.csv,15175,Sanction Date,MISSING_OR_BLANK,
Works_Recommended.csv,15187,Sanction Date,MISSING_OR_BLANK,
Works_Recommended.csv,15188,Sanction Date,MISSING_OR_BLANK,
Works_Recommended.csv,15189,Sanction Date,MISSING_OR_BLANK,
Works_Recommended.csv,15211,Sanction Date,MISSING_OR_BLANK,
Works_Recommended.csv,15225,Sanction Date,MISSING_OR_BLANK,
Works_Recommended.csv,15226,Sanction Date,MISSING_OR_BLANK,
Works_Recommended.csv,15227,Sanction Date,MISSING_OR_BLANK,
Works_Recommended.csv,15234,Sanction Date,MISSING_OR_BLANK,
Works_Recommended.csv,15235,Sanction Date,MISSING_OR_BLANK,
Works_Recommended.csv,15286,Sanction Date,MISSING_OR_BLANK,
Works_Recommended.csv,15287,Sanction Date,MISSING_OR_BLANK,
Works_Recommended.csv,15289,Sanction Date,MISSING_OR_BLANK,
Works_Recommended.csv,15309,Sanction Date,MISSING_OR_BLANK,
Works_Recommended.csv,15310,Sanction Date,MISSING_OR_BLANK,
Works_Recommended.csv,15311,Sanction Date,MISSING_OR_BLANK,
Works_Recommended.csv,15312,Sanction Date,MISSING_OR_BLANK,
Works_Recommended.csv,15313,Sanction Date,MISSING_OR_BLANK,
Works_Recommended.csv,15314,Sanction Date,MISSING_OR_BLANK,
Works_Recommended.csv,15315,Sanction Date,MISSING_OR_BLANK,
Works_Recommended.csv,15316,Sanction Date,MISSING_OR_BLANK,
Works_Recommended.csv,15317,Sanction Date,MISSING_OR_BLANK,
Works_Recommended.csv,15319,Sanction Date,MISSING_OR_BLANK,
Works_Recommended.csv,15320,Sanction Date,MISSING_OR_BLANK,
Works_Recommended.csv,15321,Sanction Date,MISSING_OR_BLANK,
Works_Recommended.csv,15322,Sanction Date,MISSING_OR_BLANK,
Works_Recommended.csv,15327,Sanction Date,MISSING_OR_BLANK,
Works_Recommended.csv,15328,Sanction Date,MISSING_OR_BLANK,
Works_Recommended.csv,15329,Sanction Date,MISSING_OR_BLANK,
Works_Recommended.csv,15330,Sanction Date,MISSING_OR_BLANK,
Works_Recommended.csv,15331,Sanction Date,MISSING_OR_BLANK,
Works_Recommended.csv,15332,Sanction Date,MISSING_OR_BLANK,
Works_Recommended.csv,15333,Sanction Date,MISSING_OR_BLANK,
Works_Recommended.csv,15337,Sanction Date,MISSING_OR_BLANK,
Works_Recommended.csv,15338,Sanction Date,MISSING_OR_BLANK,
Works_Recommended.csv,15339,Sanction Date,MISSING_OR_BLANK,
Works_Recommended.csv,15342,Sanction Date,MISSING_OR_BLANK,
Works_Recommended.csv,15382,Sanction Date,MISSING_OR_BLANK,
Works_Recommended.csv,15398,Sanction Date,MISSING_OR_BLANK,
Works_Recommended.csv,15400,Sanction Date,MISSING_OR_BLANK,
Works_Recommended.csv,15401,Sanction Date,MISSING_OR_BLANK,
Works_Recommended.csv,15403,Sanction Date,MISSING_OR_BLANK,
Works_Recommended.csv,15404,Sanction Date,MISSING_OR_BLANK,
Works_Recommended.csv,15408,Sanction Date,MISSING_OR_BLANK,
Works_Recommended.csv,15421,Sanction Date,MISSING_OR_BLANK,
Works_Recommended.csv,15425,Sanction Date,MISSING_OR_BLANK,
Works_Recommended.csv,15426,Sanction Date,MISSING_OR_BLANK,
Works_Recommended.csv,15427,Sanction Date,MISSING_OR_BLANK,
Works_Recommended.csv,15428,Sanction Date,MISSING_OR_BLANK,
Works_Recommended.csv,15429,Sanction Date,MISSING_OR_BLANK,
Works_Recommended.csv,15431,Sanction Date,MISSING_OR_BLANK,
Works_Recommended.csv,15445,Sanction Date,MISSING_OR_BLANK,
Works_Recommended.csv,15459,Sanction Date,MISSING_OR_BLANK,
Works_Recommended.csv,15460,Sanction Date,MISSING_OR_BLANK,
Works_Recommended.csv,15465,Sanction Date,MISSING_OR_BLANK,
Works_Recommended.csv,15466,Sanction Date,MISSING_OR_BLANK,
Works_Recommended.csv,15468,Sanction Date,MISSING_OR_BLANK,
Works_Recommended.csv,15471,Sanction Date,MISSING_OR_BLANK,
Works_Recommended.csv,15472,Sanction Date,MISSING_OR_BLANK,
Works_Recommended.csv,15473,Sanction Date,MISSING_OR_BLANK,
Works_Recommended.csv,15474,Sanction Date,MISSING_OR_BLANK,
Works_Recommended.csv,15475,Sanction Date,MISSING_OR_BLANK,
Works_Recommended.csv,15476,Sanction Date,MISSING_OR_BLANK,
Works_Recommended.csv,15510,Sanction Date,MISSING_OR_BLANK,
Works_Recommended.csv,15522,Sanction Date,MISSING_OR_BLANK,
Works_Recommended.csv,15542,Sanction Date,MISSING_OR_BLANK,
Works_Recommended.csv,15555,Sanction Date,MISSING_OR_BLANK,
Works_Recommended.csv,15563,Sanction Date,MISSING_OR_BLANK,
Works_Recommended.csv,15565,Sanction Date,MISSING_OR_BLANK,
Works_Recommended.csv,15601,Sanction Date,MISSING_OR_BLANK,
Works_Recommended.csv,15624,Sanction Date,MISSING_OR_BLANK,
Works_Recommended.csv,15627,Sanction Date,MISSING_OR_BLANK,
Works_Recommended.csv,15648,Sanction Date,MISSING_OR_BLANK,
Works_Recommended.csv,15651,Sanction Date,MISSING_OR_BLANK,
Works_Recommended.csv,15657,Sanction Date,MISSING_OR_BLANK,
Works_Recommended.csv,15660,Sanction Date,MISSING_OR_BLANK,
Works_Recommended.csv,15661,Sanction Date,MISSING_OR_BLANK,
Works_Recommended.csv,15662,Sanction Date,MISSING_OR_BLANK,
Works_Recommended.csv,15669,Sanction Date,MISSING_OR_BLANK,
Works_Recommended.csv,15676,Sanction Date,MISSING_OR_BLANK,
Works_Recommended.csv,15681,Sanction Date,MISSING_OR_BLANK,
Works_Recommended.csv,15685,Sanction Date,MISSING_OR_BLANK,
Works_Recommended.csv,15713,Sanction Date,MISSING_OR_BLANK,
Works_Recommended.csv,15716,Sanction Date,MISSING_OR_BLANK,
Works_Recommended.csv,15761,Sanction Date,MISSING_OR_BLANK,
Works_Recommended.csv,15762,Sanction Date,MISSING_OR_BLANK,
Works_Recommended.csv,15777,Sanction Date,MISSING_OR_BLANK,
Works_Recommended.csv,15780,Sanction Date,MISSING_OR_BLANK,
Works_Recommended.csv,15816,Sanction Date,MISSING_OR_BLANK,
Works_Recommended.csv,15830,Sanction Date,MISSING_OR_BLANK,
Works_Recommended.csv,15831,Sanction Date,MISSING_OR_BLANK,
Works_Recommended.csv,15832,Sanction Date,MISSING_OR_BLANK,
Works_Recommended.csv,15833,Sanction Date,MISSING_OR_BLANK,
Works_Recommended.csv,15836,Sanction Date,MISSING_OR_BLANK,
Works_Recommended.csv,15838,Sanction Date,MISSING_OR_BLANK,
Works_Recommended.csv,15839,Sanction Date,MISSING_OR_BLANK,
Works_Recommended.csv,15842,Sanction Date,MISSING_OR_BLANK,
Works_Recommended.csv,15844,Sanction Date,MISSING_OR_BLANK,
Works_Recommended.csv,15855,Sanction Date,MISSING_OR_BLANK,
Works_Recommended.csv,15865,Sanction Date,MISSING_OR_BLANK,
Works_Recommended.csv,15879,Sanction Date,MISSING_OR_BLANK,
Works_Recommended.csv,15880,Sanction Date,MISSING_OR_BLANK,
Works_Recommended.csv,15883,Sanction Date,MISSING_OR_BLANK,
Works_Recommended.csv,15884,Sanction Date,MISSING_OR_BLANK,
Works_Recommended.csv,15886,Sanction Date,MISSING_OR_BLANK,
Works_Recommended.csv,15898,Sanction Date,MISSING_OR_BLANK,
Works_Recommended.csv,15899,Sanction Date,MISSING_OR_BLANK,
Works_Recommended.csv,15900,Sanction Date,MISSING_OR_BLANK,
Works_Recommended.csv,15901,Sanction Date,MISSING_OR_BLANK,
Works_Recommended.csv,15904,Sanction Date,MISSING_OR_BLANK,
Works_Recommended.csv,15905,Sanction Date,MISSING_OR_BLANK,
Works_Recommended.csv,15906,Sanction Date,MISSING_OR_BLANK,
Works_Recommended.csv,15907,Sanction Date,MISSING_OR_BLANK,
Works_Recommended.csv,15909,Sanction Date,MISSING_OR_BLANK,
Works_Recommended.csv,15910,Sanction Date,MISSING_OR_BLANK,
Works_Recommended.csv,15911,Sanction Date,MISSING_OR_BLANK,
Works_Recommended.csv,15912,Sanction Date,MISSING_OR_BLANK,
Works_Recommended.csv,15914,Sanction Date,MISSING_OR_BLANK,
Works_Recommended.csv,15915,Sanction Date,MISSING_OR_BLANK,
Works_Recommended.csv,15916,Sanction Date,MISSING_OR_BLANK,
Works_Recommended.csv,15918,Sanction Date,MISSING_OR_BLANK,
Works_Recommended.csv,15919,Sanction Date,MISSING_OR_BLANK,
Works_Recommended.csv,15920,Sanction Date,MISSING_OR_BLANK,
Works_Recommended.csv,15928,Sanction Date,MISSING_OR_BLANK,
Works_Recommended.csv,15929,Sanction Date,MISSING_OR_BLANK,
Works_Recommended.csv,15933,Sanction Date,MISSING_OR_BLANK,
Works_Recommended.csv,15934,Sanction Date,MISSING_OR_BLANK,
Works_Recommended.csv,15935,Sanction Date,MISSING_OR_BLANK,
Works_Recommended.csv,15936,Sanction Date,MISSING_OR_BLANK,
Works_Recommended.csv,15940,Sanction Date,MISSING_OR_BLANK,
Works_Recommended.csv,15944,Sanction Date,MISSING_OR_BLANK,
Works_Recommended.csv,15964,Sanction Date,MISSING_OR_BLANK,
Works_Recommended.csv,15967,Sanction Date,MISSING_OR_BLANK,
Works_Recommended.csv,15968,Sanction Date,MISSING_OR_BLANK,
Works_Recommended.csv,15969,Sanction Date,MISSING_OR_BLANK,
Works_Recommended.csv,15970,Sanction Date,MISSING_OR_BLANK,
Works_Recommended.csv,15971,Sanction Date,MISSING_OR_BLANK,
Works_Recommended.csv,15972,Sanction Date,MISSING_OR_BLANK,
Works_Recommended.csv,15973,Sanction Date,MISSING_OR_BLANK,
Works_Recommended.csv,15974,Sanction Date,MISSING_OR_BLANK,
Works_Recommended.csv,15975,Sanction Date,MISSING_OR_BLANK,
Works_Recommended.csv,15987,Sanction Date,MISSING_OR_BLANK,
Works_Recommended.csv,15988,Sanction Date,MISSING_OR_BLANK,
Works_Recommended.csv,15996,Sanction Date,MISSING_OR_BLANK,
Works_Recommended.csv,16016,Sanction Date,MISSING_OR_BLANK,
Works_Recommended.csv,16017,Sanction Date,MISSING_OR_BLANK,
Works_Recommended.csv,16018,Sanction Date,MISSING_OR_BLANK,
Works_Recommended.csv,16019,Sanction Date,MISSING_OR_BLANK,
Works_Recommended.csv,16020,Sanction Date,MISSING_OR_BLANK,
Works_Recommended.csv,16021,Sanction Date,MISSING_OR_BLANK,
Works_Recommended.csv,16022,Sanction Date,MISSING_OR_BLANK,
Works_Recommended.csv,16023,Sanction Date,MISSING_OR_BLANK,
Works_Recommended.csv,16024,Sanction Date,MISSING_OR_BLANK,
Works_Recommended.csv,16036,Sanction Date,MISSING_OR_BLANK,
Works_Recommended.csv,16037,Sanction Date,MISSING_OR_BLANK,
Works_Recommended.csv,16045,Sanction Date,MISSING_OR_BLANK,
Works_Recommended.csv,16046,Sanction Date,MISSING_OR_BLANK,
Works_Recommended.csv,16047,Sanction Date,MISSING_OR_BLANK,
Works_Recommended.csv,16048,Sanction Date,MISSING_OR_BLANK,
Works_Recommended.csv,16049,Sanction Date,MISSING_OR_BLANK,
Works_Recommended.csv,16050,Sanction Date,MISSING_OR_BLANK,
Works_Recommended.csv,16051,Sanction Date,MISSING_OR_BLANK,
Works_Recommended.csv,16052,Sanction Date,MISSING_OR_BLANK,
Works_Recommended.csv,16053,Sanction Date,MISSING_OR_BLANK,
Works_Recommended.csv,16054,Sanction Date,MISSING_OR_BLANK,
Works_Recommended.csv,16055,Sanction Date,MISSING_OR_BLANK,
Works_Recommended.csv,16056,Sanction Date,MISSING_OR_BLANK,
Works_Recommended.csv,16057,Sanction Date,MISSING_OR_BLANK,
Works_Recommended.csv,16060,Sanction Date,MISSING_OR_BLANK,
Works_Recommended.csv,16061,Sanction Date,MISSING_OR_BLANK,
Works_Recommended.csv,16066,Sanction Date,MISSING_OR_BLANK,
Works_Recommended.csv,16070,Sanction Date,MISSING_OR_BLANK,
Works_Recommended.csv,16082,Sanction Date,MISSING_OR_BLANK,
Works_Recommended.csv,16090,Sanction Date,MISSING_OR_BLANK,
Works_Recommended.csv,16138,Sanction Date,MISSING_OR_BLANK,
Works_Recommended.csv,16139,Sanction Date,MISSING_OR_BLANK,
Works_Recommended.csv,16140,Sanction Date,MISSING_OR_BLANK,
Works_Recommended.csv,16144,Sanction Date,MISSING_OR_BLANK,
Works_Recommended.csv,16156,Sanction Date,MISSING_OR_BLANK,
Works_Recommended.csv,16157,Sanction Date,MISSING_OR_BLANK,
Works_Recommended.csv,16163,Sanction Date,MISSING_OR_BLANK,
Works_Recommended.csv,16167,Sanction Date,MISSING_OR_BLANK,
Works_Recommended.csv,16205,Sanction Date,MISSING_OR_BLANK,
Works_Recommended.csv,16210,Sanction Date,MISSING_OR_BLANK,
Works_Recommended.csv,16211,Sanction Date,MISSING_OR_BLANK,
Works_Recommended.csv,16212,Sanction Date,MISSING_OR_BLANK,
Works_Recommended.csv,16213,Sanction Date,MISSING_OR_BLANK,
Works_Recommended.csv,16214,Sanction Date,MISSING_OR_BLANK,
Works_Recommended.csv,16215,Sanction Date,MISSING_OR_BLANK,
Works_Recommended.csv,16216,Sanction Date,MISSING_OR_BLANK,
Works_Recommended.csv,16217,Sanction Date,MISSING_OR_BLANK,
Works_Recommended.csv,16224,Sanction Date,MISSING_OR_BLANK,
Works_Recommended.csv,16235,Sanction Date,MISSING_OR_BLANK,
Works_Recommended.csv,16236,Sanction Date,MISSING_OR_BLANK,
Works_Recommended.csv,16254,Sanction Date,MISSING_OR_BLANK,
Works_Recommended.csv,16257,Sanction Date,MISSING_OR_BLANK,
Works_Recommended.csv,16313,Sanction Date,MISSING_OR_BLANK,
Works_Recommended.csv,16314,Sanction Date,MISSING_OR_BLANK,
Works_Recommended.csv,16320,Sanction Date,MISSING_OR_BLANK,
Works_Recommended.csv,16336,Sanction Date,MISSING_OR_BLANK,
Works_Recommended.csv,16422,Sanction Date,MISSING_OR_BLANK,
Works_Recommended.csv,16423,Sanction Date,MISSING_OR_BLANK,
Works_Recommended.csv,16458,Sanction Date,MISSING_OR_BLANK,
Works_Recommended.csv,16511,Sanction Date,MISSING_OR_BLANK,
Works_Recommended.csv,16520,Sanction Date,MISSING_OR_BLANK,
Works_Recommended.csv,16521,Sanction Date,MISSING_OR_BLANK,
Works_Recommended.csv,16525,Sanction Date,MISSING_OR_BLANK,
Works_Recommended.csv,16526,Sanction Date,MISSING_OR_BLANK,
Works_Recommended.csv,16527,Sanction Date,MISSING_OR_BLANK,
Works_Recommended.csv,16528,Sanction Date,MISSING_OR_BLANK,
Works_Recommended.csv,16529,Sanction Date,MISSING_OR_BLANK,
Works_Recommended.csv,16530,Sanction Date,MISSING_OR_BLANK,
Works_Recommended.csv,16531,Sanction Date,MISSING_OR_BLANK,
Works_Recommended.csv,16532,Sanction Date,MISSING_OR_BLANK,
Works_Recommended.csv,16533,Sanction Date,MISSING_OR_BLANK,
Works_Recommended.csv,16534,Sanction Date,MISSING_OR_BLANK,
Works_Recommended.csv,16535,Sanction Date,MISSING_OR_BLANK,
Works_Recommended.csv,16536,Sanction Date,MISSING_OR_BLANK,
Works_Recommended.csv,16546,Sanction Date,MISSING_OR_BLANK,
Works_Recommended.csv,16547,Sanction Date,MISSING_OR_BLANK,
Works_Recommended.csv,16548,Sanction Date,MISSING_OR_BLANK,
Works_Recommended.csv,16549,Sanction Date,MISSING_OR_BLANK,
Works_Recommended.csv,16551,Sanction Date,MISSING_OR_BLANK,
Works_Recommended.csv,16557,Sanction Date,MISSING_OR_BLANK,
Works_Recommended.csv,16570,Sanction Date,MISSING_OR_BLANK,
Works_Recommended.csv,16573,Sanction Date,MISSING_OR_BLANK,
Works_Recommended.csv,16577,Sanction Date,MISSING_OR_BLANK,
Works_Recommended.csv,16578,Sanction Date,MISSING_OR_BLANK,
Works_Recommended.csv,16579,Sanction Date,MISSING_OR_BLANK,
Works_Recommended.csv,16588,Sanction Date,MISSING_OR_BLANK,
Works_Recommended.csv,16589,Sanction Date,MISSING_OR_BLANK,
Works_Recommended.csv,16590,Sanction Date,MISSING_OR_BLANK,
Works_Recommended.csv,16592,Sanction Date,MISSING_OR_BLANK,
Works_Recommended.csv,16607,Sanction Date,MISSING_OR_BLANK,
Works_Recommended.csv,16612,Sanction Date,MISSING_OR_BLANK,
Works_Recommended.csv,16613,Sanction Date,MISSING_OR_BLANK,
Works_Recommended.csv,16614,Sanction Date,MISSING_OR_BLANK,
Works_Recommended.csv,16615,Sanction Date,MISSING_OR_BLANK,
Works_Recommended.csv,16616,Sanction Date,MISSING_OR_BLANK,
Works_Recommended.csv,16618,Sanction Date,MISSING_OR_BLANK,
Works_Recommended.csv,16639,Sanction Date,MISSING_OR_BLANK,
Works_Recommended.csv,16647,Sanction Date,MISSING_OR_BLANK,
Works_Recommended.csv,16660,Sanction Date,MISSING_OR_BLANK,
Works_Recommended.csv,16663,Sanction Date,MISSING_OR_BLANK,
Works_Recommended.csv,16668,Sanction Date,MISSING_OR_BLANK,
Works_Recommended.csv,16682,Sanction Date,MISSING_OR_BLANK,
Works_Recommended.csv,16683,Sanction Date,MISSING_OR_BLANK,
Works_Recommended.csv,16684,Sanction Date,MISSING_OR_BLANK,
Works_Recommended.csv,16685,Sanction Date,MISSING_OR_BLANK,
Works_Recommended.csv,16686,Sanction Date,MISSING_OR_BLANK,
Works_Recommended.csv,16687,Sanction Date,MISSING_OR_BLANK,
Works_Recommended.csv,16688,Sanction Date,MISSING_OR_BLANK,
Works_Recommended.csv,16689,Sanction Date,MISSING_OR_BLANK,
Works_Recommended.csv,16690,Sanction Date,MISSING_OR_BLANK,
Works_Recommended.csv,16691,Sanction Date,MISSING_OR_BLANK,
Works_Recommended.csv,16692,Sanction Date,MISSING_OR_BLANK,
Works_Recommended.csv,16693,Sanction Date,MISSING_OR_BLANK,
Works_Recommended.csv,16724,Sanction Date,MISSING_OR_BLANK,
Works_Recommended.csv,16737,Sanction Date,MISSING_OR_BLANK,
Works_Recommended.csv,16738,Sanction Date,MISSING_OR_BLANK,
Works_Recommended.csv,16741,Sanction Date,MISSING_OR_BLANK,
Works_Recommended.csv,16742,Sanction Date,MISSING_OR_BLANK,
Works_Recommended.csv,16749,Sanction Date,MISSING_OR_BLANK,
Works_Recommended.csv,16757,Sanction Date,MISSING_OR_BLANK,
Works_Recommended.csv,16760,Sanction Date,MISSING_OR_BLANK,
Works_Recommended.csv,16761,Sanction Date,MISSING_OR_BLANK,
Works_Recommended.csv,16762,Sanction Date,MISSING_OR_BLANK,
Works_Recommended.csv,16764,Sanction Date,MISSING_OR_BLANK,
Works_Recommended.csv,16786,Sanction Date,MISSING_OR_BLANK,
Works_Recommended.csv,16794,Sanction Date,MISSING_OR_BLANK,
Works_Recommended.csv,16796,Sanction Date,MISSING_OR_BLANK,
Works_Recommended.csv,16798,Sanction Date,MISSING_OR_BLANK,
Works_Recommended.csv,16800,Sanction Date,MISSING_OR_BLANK,
Works_Recommended.csv,16810,Sanction Date,MISSING_OR_BLANK,
Works_Recommended.csv,16811,Sanction Date,MISSING_OR_BLANK,
Works_Recommended.csv,16831,Sanction Date,MISSING_OR_BLANK,
Works_Recommended.csv,16874,Sanction Date,MISSING_OR_BLANK,
Works_Recommended.csv,16876,Sanction Date,MISSING_OR_BLANK,
Works_Recommended.csv,16877,Sanction Date,MISSING_OR_BLANK,
Works_Recommended.csv,16879,Sanction Date,MISSING_OR_BLANK,
Works_Recommended.csv,16881,Sanction Date,MISSING_OR_BLANK,
Works_Recommended.csv,16882,Sanction Date,MISSING_OR_BLANK,
Works_Recommended.csv,16909,Sanction Date,MISSING_OR_BLANK,
Works_Recommended.csv,16910,Sanction Date,MISSING_OR_BLANK,
Works_Recommended.csv,16911,Sanction Date,MISSING_OR_BLANK,
Works_Recommended.csv,16912,Sanction Date,MISSING_OR_BLANK,
Works_Recommended.csv,16913,Sanction Date,MISSING_OR_BLANK,
Works_Recommended.csv,16914,Sanction Date,MISSING_OR_BLANK,
Works_Recommended.csv,16915,Sanction Date,MISSING_OR_BLANK,
Works_Recommended.csv,16916,Sanction Date,MISSING_OR_BLANK,
Works_Recommended.csv,16917,Sanction Date,MISSING_OR_BLANK,
Works_Recommended.csv,16918,Sanction Date,MISSING_OR_BLANK,
Works_Recommended.csv,16919,Sanction Date,MISSING_OR_BLANK,
Works_Recommended.csv,16920,Sanction Date,MISSING_OR_BLANK,
Works_Recommended.csv,16921,Sanction Date,MISSING_OR_BLANK,
Works_Recommended.csv,16927,Sanction Date,MISSING_OR_BLANK,
Works_Recommended.csv,16935,Sanction Date,MISSING_OR_BLANK,
Works_Recommended.csv,16940,Sanction Date,MISSING_OR_BLANK,
Works_Recommended.csv,16944,Sanction Date,MISSING_OR_BLANK,
Works_Recommended.csv,16959,Sanction Date,MISSING_OR_BLANK,
Works_Recommended.csv,16963,Sanction Date,MISSING_OR_BLANK,
Works_Recommended.csv,16965,Sanction Date,MISSING_OR_BLANK,
Works_Recommended.csv,16966,Sanction Date,MISSING_OR_BLANK,
Works_Recommended.csv,16968,Sanction Date,MISSING_OR_BLANK,
Works_Recommended.csv,16970,Sanction Date,MISSING_OR_BLANK,
Works_Recommended.csv,16971,Sanction Date,MISSING_OR_BLANK,
Works_Recommended.csv,16976,Sanction Date,MISSING_OR_BLANK,
Works_Recommended.csv,17006,Sanction Date,MISSING_OR_BLANK,
Works_Recommended.csv,17009,Sanction Date,MISSING_OR_BLANK,
Works_Recommended.csv,17035,Sanction Date,MISSING_OR_BLANK,
Works_Recommended.csv,17058,Sanction Date,MISSING_OR_BLANK,
Works_Recommended.csv,17080,Sanction Date,MISSING_OR_BLANK,
Works_Recommended.csv,17081,Sanction Date,MISSING_OR_BLANK,
Works_Recommended.csv,17097,Sanction Date,MISSING_OR_BLANK,
Works_Recommended.csv,17098,Sanction Date,MISSING_OR_BLANK,
Works_Recommended.csv,17102,Sanction Date,MISSING_OR_BLANK,
Works_Recommended.csv,17106,Sanction Date,MISSING_OR_BLANK,
Works_Recommended.csv,17132,Sanction Date,MISSING_OR_BLANK,
Works_Recommended.csv,17133,Sanction Date,MISSING_OR_BLANK,
Works_Recommended.csv,17134,Sanction Date,MISSING_OR_BLANK,
Works_Recommended.csv,17135,Sanction Date,MISSING_OR_BLANK,
Works_Recommended.csv,17136,Sanction Date,MISSING_OR_BLANK,
Works_Recommended.csv,17137,Sanction Date,MISSING_OR_BLANK,
Works_Recommended.csv,17138,Sanction Date,MISSING_OR_BLANK,
Works_Recommended.csv,17139,Sanction Date,MISSING_OR_BLANK,
Works_Recommended.csv,17140,Sanction Date,MISSING_OR_BLANK,
Works_Recommended.csv,17141,Sanction Date,MISSING_OR_BLANK,
Works_Recommended.csv,17142,Sanction Date,MISSING_OR_BLANK,
Works_Recommended.csv,17149,Sanction Date,MISSING_OR_BLANK,
Works_Recommended.csv,17150,Sanction Date,MISSING_OR_BLANK,
Works_Recommended.csv,17151,Sanction Date,MISSING_OR_BLANK,
Works_Recommended.csv,17152,Sanction Date,MISSING_OR_BLANK,
Works_Recommended.csv,17153,Sanction Date,MISSING_OR_BLANK,
Works_Recommended.csv,17163,Sanction Date,MISSING_OR_BLANK,
Works_Recommended.csv,17169,Sanction Date,MISSING_OR_BLANK,
Works_Recommended.csv,17179,Sanction Date,MISSING_OR_BLANK,
Works_Recommended.csv,17180,Sanction Date,MISSING_OR_BLANK,
Works_Recommended.csv,17181,Sanction Date,MISSING_OR_BLANK,
Works_Recommended.csv,17182,Sanction Date,MISSING_OR_BLANK,
Works_Recommended.csv,17183,Sanction Date,MISSING_OR_BLANK,
Works_Recommended.csv,17198,Sanction Date,MISSING_OR_BLANK,
Works_Recommended.csv,17205,Sanction Date,MISSING_OR_BLANK,
Works_Recommended.csv,17213,Sanction Date,MISSING_OR_BLANK,
Works_Recommended.csv,17237,Sanction Date,MISSING_OR_BLANK,
Works_Recommended.csv,17260,Sanction Date,MISSING_OR_BLANK,
Works_Recommended.csv,17284,Sanction Date,MISSING_OR_BLANK,
Works_Recommended.csv,17286,Sanction Date,MISSING_OR_BLANK,
Works_Recommended.csv,17288,Sanction Date,MISSING_OR_BLANK,
Works_Recommended.csv,17289,Sanction Date,MISSING_OR_BLANK,
Works_Recommended.csv,17294,Sanction Date,MISSING_OR_BLANK,
Works_Recommended.csv,17295,Sanction Date,MISSING_OR_BLANK,
Works_Recommended.csv,17296,Sanction Date,MISSING_OR_BLANK,
Works_Recommended.csv,17297,Sanction Date,MISSING_OR_BLANK,
Works_Recommended.csv,17311,Sanction Date,MISSING_OR_BLANK,
Works_Recommended.csv,17315,Sanction Date,MISSING_OR_BLANK,
Works_Recommended.csv,17316,Sanction Date,MISSING_OR_BLANK,
Works_Recommended.csv,17317,Sanction Date,MISSING_OR_BLANK,
Works_Recommended.csv,17318,Sanction Date,MISSING_OR_BLANK,
Works_Recommended.csv,17333,Sanction Date,MISSING_OR_BLANK,
Works_Recommended.csv,17334,Sanction Date,MISSING_OR_BLANK,
Works_Recommended.csv,17336,Sanction Date,MISSING_OR_BLANK,
Works_Recommended.csv,17337,Sanction Date,MISSING_OR_BLANK,
Works_Recommended.csv,17356,Sanction Date,MISSING_OR_BLANK,
Works_Recommended.csv,17358,Sanction Date,MISSING_OR_BLANK,
Works_Recommended.csv,17361,Sanction Date,MISSING_OR_BLANK,
Works_Recommended.csv,17363,Sanction Date,MISSING_OR_BLANK,
Works_Recommended.csv,17365,Sanction Date,MISSING_OR_BLANK,
Works_Recommended.csv,17367,Sanction Date,MISSING_OR_BLANK,
Works_Recommended.csv,17369,Sanction Date,MISSING_OR_BLANK,
Works_Recommended.csv,17374,Sanction Date,MISSING_OR_BLANK,
Works_Recommended.csv,17377,Sanction Date,MISSING_OR_BLANK,
Works_Recommended.csv,17385,Sanction Date,MISSING_OR_BLANK,
Works_Recommended.csv,17386,Sanction Date,MISSING_OR_BLANK,
Works_Recommended.csv,17387,Sanction Date,MISSING_OR_BLANK,
Works_Recommended.csv,17388,Sanction Date,MISSING_OR_BLANK,
Works_Recommended.csv,17389,Sanction Date,MISSING_OR_BLANK,
Works_Recommended.csv,17390,Sanction Date,MISSING_OR_BLANK,
Works_Recommended.csv,17391,Sanction Date,MISSING_OR_BLANK,
Works_Recommended.csv,17395,Sanction Date,MISSING_OR_BLANK,
Works_Recommended.csv,17396,Sanction Date,MISSING_OR_BLANK,
Works_Recommended.csv,17397,Sanction Date,MISSING_OR_BLANK,
Works_Recommended.csv,17412,Sanction Date,MISSING_OR_BLANK,
Works_Recommended.csv,17417,Sanction Date,MISSING_OR_BLANK,
Works_Recommended.csv,17440,Sanction Date,MISSING_OR_BLANK,
Works_Recommended.csv,17452,Sanction Date,MISSING_OR_BLANK,
Works_Recommended.csv,17453,Sanction Date,MISSING_OR_BLANK,
Works_Recommended.csv,17466,Sanction Date,MISSING_OR_BLANK,
Works_Recommended.csv,17467,Sanction Date,MISSING_OR_BLANK,
Works_Recommended.csv,17468,Sanction Date,MISSING_OR_BLANK,
Works_Recommended.csv,17470,Sanction Date,MISSING_OR_BLANK,
Works_Recommended.csv,17471,Sanction Date,MISSING_OR_BLANK,
Works_Recommended.csv,17480,Sanction Date,MISSING_OR_BLANK,
Works_Recommended.csv,17481,Sanction Date,MISSING_OR_BLANK,
Works_Recommended.csv,17482,Sanction Date,MISSING_OR_BLANK,
Works_Recommended.csv,17486,Sanction Date,MISSING_OR_BLANK,
Works_Recommended.csv,17488,Sanction Date,MISSING_OR_BLANK,
Works_Recommended.csv,17492,Sanction Date,MISSING_OR_BLANK,
Works_Recommended.csv,17493,Sanction Date,MISSING_OR_BLANK,
Works_Recommended.csv,17513,Sanction Date,MISSING_OR_BLANK,
Works_Recommended.csv,17514,Sanction Date,MISSING_OR_BLANK,
Works_Recommended.csv,17516,Sanction Date,MISSING_OR_BLANK,
Works_Recommended.csv,17517,Sanction Date,MISSING_OR_BLANK,
Works_Recommended.csv,17518,Sanction Date,MISSING_OR_BLANK,
Works_Recommended.csv,17532,Sanction Date,MISSING_OR_BLANK,
Works_Recommended.csv,17534,Sanction Date,MISSING_OR_BLANK,
Works_Recommended.csv,17559,Sanction Date,MISSING_OR_BLANK,
Works_Recommended.csv,17560,Sanction Date,MISSING_OR_BLANK,
Works_Recommended.csv,17561,Sanction Date,MISSING_OR_BLANK,
Works_Recommended.csv,17568,Sanction Date,MISSING_OR_BLANK,
Works_Recommended.csv,17577,Sanction Date,MISSING_OR_BLANK,
Works_Recommended.csv,17582,Sanction Date,MISSING_OR_BLANK,
Works_Recommended.csv,17583,Sanction Date,MISSING_OR_BLANK,
Works_Recommended.csv,17585,Sanction Date,MISSING_OR_BLANK,
Works_Recommended.csv,17601,Sanction Date,MISSING_OR_BLANK,
Works_Recommended.csv,17607,Sanction Date,MISSING_OR_BLANK,
Works_Recommended.csv,17613,Sanction Date,MISSING_OR_BLANK,
Works_Recommended.csv,17637,Sanction Date,MISSING_OR_BLANK,
Works_Recommended.csv,17638,Sanction Date,MISSING_OR_BLANK,
Works_Recommended.csv,17641,Sanction Date,MISSING_OR_BLANK,
Works_Recommended.csv,17645,Sanction Date,MISSING_OR_BLANK,
Works_Recommended.csv,17649,Sanction Date,MISSING_OR_BLANK,
Works_Recommended.csv,17650,Sanction Date,MISSING_OR_BLANK,
Works_Recommended.csv,17651,Sanction Date,MISSING_OR_BLANK,
Works_Recommended.csv,17653,Sanction Date,MISSING_OR_BLANK,
Works_Recommended.csv,17655,Sanction Date,MISSING_OR_BLANK,
Works_Recommended.csv,17656,Sanction Date,MISSING_OR_BLANK,
Works_Recommended.csv,17657,Sanction Date,MISSING_OR_BLANK,
Works_Recommended.csv,17658,Sanction Date,MISSING_OR_BLANK,
Works_Recommended.csv,17660,Sanction Date,MISSING_OR_BLANK,
Works_Recommended.csv,17661,Sanction Date,MISSING_OR_BLANK,
Works_Recommended.csv,17662,Sanction Date,MISSING_OR_BLANK,
Works_Recommended.csv,17664,Sanction Date,MISSING_OR_BLANK,
Works_Recommended.csv,17668,Sanction Date,MISSING_OR_BLANK,
Works_Recommended.csv,17669,Sanction Date,MISSING_OR_BLANK,
Works_Recommended.csv,17670,Sanction Date,MISSING_OR_BLANK,
Works_Recommended.csv,17685,Sanction Date,MISSING_OR_BLANK,
Works_Recommended.csv,17692,Sanction Date,MISSING_OR_BLANK,
Works_Recommended.csv,17693,Sanction Date,MISSING_OR_BLANK,
Works_Recommended.csv,17696,Sanction Date,MISSING_OR_BLANK,
Works_Recommended.csv,17700,Sanction Date,MISSING_OR_BLANK,
Works_Recommended.csv,17701,Sanction Date,MISSING_OR_BLANK,
Works_Recommended.csv,17708,Sanction Date,MISSING_OR_BLANK,
Works_Recommended.csv,17714,Sanction Date,MISSING_OR_BLANK,
Works_Recommended.csv,17715,Sanction Date,MISSING_OR_BLANK,
Works_Recommended.csv,17716,Sanction Date,MISSING_OR_BLANK,
Works_Recommended.csv,17717,Sanction Date,MISSING_OR_BLANK,
Works_Recommended.csv,17718,Sanction Date,MISSING_OR_BLANK,
Works_Recommended.csv,17719,Sanction Date,MISSING_OR_BLANK,
Works_Recommended.csv,17724,Sanction Date,MISSING_OR_BLANK,
Works_Recommended.csv,17738,Sanction Date,MISSING_OR_BLANK,
Works_Recommended.csv,17746,Sanction Date,MISSING_OR_BLANK,
Works_Recommended.csv,17747,Sanction Date,MISSING_OR_BLANK,
Works_Recommended.csv,17748,Sanction Date,MISSING_OR_BLANK,
Works_Recommended.csv,17749,Sanction Date,MISSING_OR_BLANK,
Works_Recommended.csv,17750,Sanction Date,MISSING_OR_BLANK,
Works_Recommended.csv,17751,Sanction Date,MISSING_OR_BLANK,
Works_Recommended.csv,17752,Sanction Date,MISSING_OR_BLANK,
Works_Recommended.csv,17753,Sanction Date,MISSING_OR_BLANK,
Works_Recommended.csv,17754,Sanction Date,MISSING_OR_BLANK,
Works_Recommended.csv,17759,Sanction Date,MISSING_OR_BLANK,
Works_Recommended.csv,17760,Sanction Date,MISSING_OR_BLANK,
Works_Recommended.csv,17762,Sanction Date,MISSING_OR_BLANK,
Works_Recommended.csv,17775,Sanction Date,MISSING_OR_BLANK,
Works_Recommended.csv,17806,Sanction Date,MISSING_OR_BLANK,
Works_Recommended.csv,17831,Sanction Date,MISSING_OR_BLANK,
Works_Recommended.csv,17832,Sanction Date,MISSING_OR_BLANK,
Works_Recommended.csv,17833,Sanction Date,MISSING_OR_BLANK,
Works_Recommended.csv,17834,Sanction Date,MISSING_OR_BLANK,
Works_Recommended.csv,17835,Sanction Date,MISSING_OR_BLANK,
Works_Recommended.csv,17856,Sanction Date,MISSING_OR_BLANK,
Works_Recommended.csv,17859,Sanction Date,MISSING_OR_BLANK,
Works_Recommended.csv,17861,Sanction Date,MISSING_OR_BLANK,
Works_Recommended.csv,17871,Sanction Date,MISSING_OR_BLANK,
Works_Recommended.csv,17872,Sanction Date,MISSING_OR_BLANK,
Works_Recommended.csv,17884,Sanction Date,MISSING_OR_BLANK,
Works_Recommended.csv,17885,Sanction Date,MISSING_OR_BLANK,
Works_Recommended.csv,17886,Sanction Date,MISSING_OR_BLANK,
Works_Recommended.csv,17887,Sanction Date,MISSING_OR_BLANK,
Works_Recommended.csv,17888,Sanction Date,MISSING_OR_BLANK,
Works_Recommended.csv,17889,Sanction Date,MISSING_OR_BLANK,
Works_Recommended.csv,17890,Sanction Date,MISSING_OR_BLANK,
Works_Recommended.csv,17891,Sanction Date,MISSING_OR_BLANK,
Works_Recommended.csv,17892,Sanction Date,MISSING_OR_BLANK,
Works_Recommended.csv,17893,Sanction Date,MISSING_OR_BLANK,
Works_Recommended.csv,17894,Sanction Date,MISSING_OR_BLANK,
Works_Recommended.csv,17895,Sanction Date,MISSING_OR_BLANK,
Works_Recommended.csv,17896,Sanction Date,MISSING_OR_BLANK,
Works_Recommended.csv,17897,Sanction Date,MISSING_OR_BLANK,
Works_Recommended.csv,17898,Sanction Date,MISSING_OR_BLANK,
Works_Recommended.csv,17899,Sanction Date,MISSING_OR_BLANK,
Works_Recommended.csv,17926,Sanction Date,MISSING_OR_BLANK,
Works_Recommended.csv,17927,Sanction Date,MISSING_OR_BLANK,
Works_Recommended.csv,17928,Sanction Date,MISSING_OR_BLANK,
Works_Recommended.csv,17929,Sanction Date,MISSING_OR_BLANK,
Works_Recommended.csv,17930,Sanction Date,MISSING_OR_BLANK,
Works_Recommended.csv,17931,Sanction Date,MISSING_OR_BLANK,
Works_Recommended.csv,17932,Sanction Date,MISSING_OR_BLANK,
Works_Recommended.csv,17933,Sanction Date,MISSING_OR_BLANK,
Works_Recommended.csv,17934,Sanction Date,MISSING_OR_BLANK,
Works_Recommended.csv,17935,Sanction Date,MISSING_OR_BLANK,
Works_Recommended.csv,17936,Sanction Date,MISSING_OR_BLANK,
Works_Recommended.csv,17937,Sanction Date,MISSING_OR_BLANK,
Works_Recommended.csv,17938,Sanction Date,MISSING_OR_BLANK,
Works_Recommended.csv,17939,Sanction Date,MISSING_OR_BLANK,
Works_Recommended.csv,17940,Sanction Date,MISSING_OR_BLANK,
Works_Recommended.csv,17942,Sanction Date,MISSING_OR_BLANK,
Works_Recommended.csv,17943,Sanction Date,MISSING_OR_BLANK,
Works_Recommended.csv,17958,Sanction Date,MISSING_OR_BLANK,
Works_Recommended.csv,17960,Sanction Date,MISSING_OR_BLANK,
Works_Recommended.csv,17961,Sanction Date,MISSING_OR_BLANK,
Works_Recommended.csv,17962,Sanction Date,MISSING_OR_BLANK,
Works_Recommended.csv,17963,Sanction Date,MISSING_OR_BLANK,
Works_Recommended.csv,17964,Sanction Date,MISSING_OR_BLANK,
Works_Recommended.csv,17965,Sanction Date,MISSING_OR_BLANK,
Works_Recommended.csv,17966,Sanction Date,MISSING_OR_BLANK,
Works_Recommended.csv,17967,Sanction Date,MISSING_OR_BLANK,
Works_Recommended.csv,17968,Sanction Date,MISSING_OR_BLANK,
Works_Recommended.csv,17969,Sanction Date,MISSING_OR_BLANK,
Works_Recommended.csv,17970,Sanction Date,MISSING_OR_BLANK,
Works_Recommended.csv,17971,Sanction Date,MISSING_OR_BLANK,
Works_Recommended.csv,17972,Sanction Date,MISSING_OR_BLANK,
Works_Recommended.csv,17973,Sanction Date,MISSING_OR_BLANK,
Works_Recommended.csv,17974,Sanction Date,MISSING_OR_BLANK,
Works_Recommended.csv,17975,Sanction Date,MISSING_OR_BLANK,
Works_Recommended.csv,17983,Sanction Date,MISSING_OR_BLANK,
Works_Recommended.csv,17984,Sanction Date,MISSING_OR_BLANK,
Works_Recommended.csv,17985,Sanction Date,MISSING_OR_BLANK,
Works_Recommended.csv,17989,Sanction Date,MISSING_OR_BLANK,
Works_Recommended.csv,17990,Sanction Date,MISSING_OR_BLANK,
Works_Recommended.csv,17991,Sanction Date,MISSING_OR_BLANK,
Works_Recommended.csv,17992,Sanction Date,MISSING_OR_BLANK,
Works_Recommended.csv,17993,Sanction Date,MISSING_OR_BLANK,
Works_Recommended.csv,17994,Sanction Date,MISSING_OR_BLANK,
Works_Recommended.csv,17995,Sanction Date,MISSING_OR_BLANK,
Works_Recommended.csv,17996,Sanction Date,MISSING_OR_BLANK,
Works_Recommended.csv,17997,Sanction Date,MISSING_OR_BLANK,
Works_Recommended.csv,17998,Sanction Date,MISSING_OR_BLANK,
Works_Recommended.csv,18001,Sanction Date,MISSING_OR_BLANK,
Works_Recommended.csv,18007,Sanction Date,MISSING_OR_BLANK,
Works_Recommended.csv,18008,Sanction Date,MISSING_OR_BLANK,
Works_Recommended.csv,18019,Sanction Date,MISSING_OR_BLANK,
Works_Recommended.csv,18027,Sanction Date,MISSING_OR_BLANK,
Works_Recommended.csv,18028,Sanction Date,MISSING_OR_BLANK,
Works_Recommended.csv,18030,Sanction Date,MISSING_OR_BLANK,
Works_Recommended.csv,18031,Sanction Date,MISSING_OR_BLANK,
Works_Recommended.csv,18032,Sanction Date,MISSING_OR_BLANK,
Works_Recommended.csv,18033,Sanction Date,MISSING_OR_BLANK,
Works_Recommended.csv,18034,Sanction Date,MISSING_OR_BLANK,
Works_Recommended.csv,18035,Sanction Date,MISSING_OR_BLANK,
Works_Recommended.csv,18036,Sanction Date,MISSING_OR_BLANK,
Works_Recommended.csv,18037,Sanction Date,MISSING_OR_BLANK,
Works_Recommended.csv,18038,Sanction Date,MISSING_OR_BLANK,
Works_Recommended.csv,18039,Sanction Date,MISSING_OR_BLANK,
Works_Recommended.csv,18040,Sanction Date,MISSING_OR_BLANK,
Works_Recommended.csv,18041,Sanction Date,MISSING_OR_BLANK,
Works_Recommended.csv,18042,Sanction Date,MISSING_OR_BLANK,
Works_Recommended.csv,18043,Sanction Date,MISSING_OR_BLANK,
Works_Recommended.csv,18044,Sanction Date,MISSING_OR_BLANK,
Works_Recommended.csv,18045,Sanction Date,MISSING_OR_BLANK,
Works_Recommended.csv,18046,Sanction Date,MISSING_OR_BLANK,
Works_Recommended.csv,18047,Sanction Date,MISSING_OR_BLANK,
Works_Recommended.csv,18048,Sanction Date,MISSING_OR_BLANK,
Works_Recommended.csv,18049,Sanction Date,MISSING_OR_BLANK,
Works_Recommended.csv,18050,Sanction Date,MISSING_OR_BLANK,
Works_Recommended.csv,18051,Sanction Date,MISSING_OR_BLANK,
Works_Recommended.csv,18059,Sanction Date,MISSING_OR_BLANK,
Works_Recommended.csv,18062,Sanction Date,MISSING_OR_BLANK,
Works_Recommended.csv,18063,Sanction Date,MISSING_OR_BLANK,
Works_Recommended.csv,18064,Sanction Date,MISSING_OR_BLANK,
Works_Recommended.csv,18065,Sanction Date,MISSING_OR_BLANK,
Works_Recommended.csv,18066,Sanction Date,MISSING_OR_BLANK,
Works_Recommended.csv,18067,Sanction Date,MISSING_OR_BLANK,
Works_Recommended.csv,18068,Sanction Date,MISSING_OR_BLANK,
Works_Recommended.csv,18069,Sanction Date,MISSING_OR_BLANK,
Works_Recommended.csv,18071,Sanction Date,MISSING_OR_BLANK,
Works_Recommended.csv,18073,Sanction Date,MISSING_OR_BLANK,
Works_Recommended.csv,18074,Sanction Date,MISSING_OR_BLANK,
Works_Recommended.csv,18075,Sanction Date,MISSING_OR_BLANK,
Works_Recommended.csv,18076,Sanction Date,MISSING_OR_BLANK,
Works_Recommended.csv,18078,Sanction Date,MISSING_OR_BLANK,
Works_Recommended.csv,18082,Sanction Date,MISSING_OR_BLANK,
Works_Recommended.csv,18083,Sanction Date,MISSING_OR_BLANK,
Works_Recommended.csv,18084,Sanction Date,MISSING_OR_BLANK,
Works_Recommended.csv,18085,Sanction Date,MISSING_OR_BLANK,
Works_Recommended.csv,18086,Sanction Date,MISSING_OR_BLANK,
Works_Recommended.csv,18087,Sanction Date,MISSING_OR_BLANK,
Works_Recommended.csv,18095,Sanction Date,MISSING_OR_BLANK,
Works_Recommended.csv,18099,Sanction Date,MISSING_OR_BLANK,
Works_Recommended.csv,18108,Sanction Date,MISSING_OR_BLANK,
Works_Recommended.csv,18109,Sanction Date,MISSING_OR_BLANK,
Works_Recommended.csv,18110,Sanction Date,MISSING_OR_BLANK,
Works_Recommended.csv,18111,Sanction Date,MISSING_OR_BLANK,
Works_Recommended.csv,18112,Sanction Date,MISSING_OR_BLANK,
Works_Recommended.csv,18114,Sanction Date,MISSING_OR_BLANK,
Works_Recommended.csv,18115,Sanction Date,MISSING_OR_BLANK,
Works_Recommended.csv,18116,Sanction Date,MISSING_OR_BLANK,
Works_Recommended.csv,18117,Sanction Date,MISSING_OR_BLANK,
Works_Recommended.csv,18118,Sanction Date,MISSING_OR_BLANK,
Works_Recommended.csv,18119,Sanction Date,MISSING_OR_BLANK,
Works_Recommended.csv,18120,Sanction Date,MISSING_OR_BLANK,
Works_Recommended.csv,18121,Sanction Date,MISSING_OR_BLANK,
Works_Recommended.csv,18122,Sanction Date,MISSING_OR_BLANK,
Works_Recommended.csv,18123,Sanction Date,MISSING_OR_BLANK,
Works_Recommended.csv,18125,Sanction Date,MISSING_OR_BLANK,
Works_Recommended.csv,18126,Sanction Date,MISSING_OR_BLANK,
Works_Recommended.csv,18127,Sanction Date,MISSING_OR_BLANK,
Works_Recommended.csv,18128,Sanction Date,MISSING_OR_BLANK,
Works_Recommended.csv,18129,Sanction Date,MISSING_OR_BLANK,
Works_Recommended.csv,18130,Sanction Date,MISSING_OR_BLANK,
Works_Recommended.csv,18131,Sanction Date,MISSING_OR_BLANK,
Works_Recommended.csv,18132,Sanction Date,MISSING_OR_BLANK,
Works_Recommended.csv,18133,Sanction Date,MISSING_OR_BLANK,
Works_Recommended.csv,18134,Sanction Date,MISSING_OR_BLANK,
Works_Recommended.csv,18135,Sanction Date,MISSING_OR_BLANK,
Works_Recommended.csv,18136,Sanction Date,MISSING_OR_BLANK,
Works_Recommended.csv,18167,Sanction Date,MISSING_OR_BLANK,
Works_Recommended.csv,18169,Sanction Date,MISSING_OR_BLANK,
Works_Recommended.csv,18170,Sanction Date,MISSING_OR_BLANK,
Works_Recommended.csv,18172,Sanction Date,MISSING_OR_BLANK,
Works_Recommended.csv,18173,Sanction Date,MISSING_OR_BLANK,
Works_Recommended.csv,18174,Sanction Date,MISSING_OR_BLANK,
Works_Recommended.csv,18175,Sanction Date,MISSING_OR_BLANK,
Works_Recommended.csv,18203,Sanction Date,MISSING_OR_BLANK,
Works_Recommended.csv,18204,Sanction Date,MISSING_OR_BLANK,
Works_Recommended.csv,18205,Sanction Date,MISSING_OR_BLANK,
Works_Recommended.csv,18212,Sanction Date,MISSING_OR_BLANK,
Works_Recommended.csv,18213,Sanction Date,MISSING_OR_BLANK,
Works_Recommended.csv,18214,Sanction Date,MISSING_OR_BLANK,
Works_Recommended.csv,18215,Sanction Date,MISSING_OR_BLANK,
Works_Recommended.csv,18216,Sanction Date,MISSING_OR_BLANK,
Works_Recommended.csv,18220,Sanction Date,MISSING_OR_BLANK,
Works_Recommended.csv,18221,Sanction Date,MISSING_OR_BLANK,
Works_Recommended.csv,18247,Sanction Date,MISSING_OR_BLANK,
Works_Recommended.csv,18248,Sanction Date,MISSING_OR_BLANK,
Works_Recommended.csv,18250,Sanction Date,MISSING_OR_BLANK,
Works_Recommended.csv,18252,Sanction Date,MISSING_OR_BLANK,
Works_Recommended.csv,18253,Sanction Date,MISSING_OR_BLANK,
Works_Recommended.csv,18257,Sanction Date,MISSING_OR_BLANK,
Works_Recommended.csv,18259,Sanction Date,MISSING_OR_BLANK,
Works_Recommended.csv,18260,Sanction Date,MISSING_OR_BLANK,
Works_Recommended.csv,18263,Sanction Date,MISSING_OR_BLANK,
Works_Recommended.csv,18265,Sanction Date,MISSING_OR_BLANK,
Works_Recommended.csv,18266,Sanction Date,MISSING_OR_BLANK,
Works_Recommended.csv,18267,Sanction Date,MISSING_OR_BLANK,
Works_Recommended.csv,18268,Sanction Date,MISSING_OR_BLANK,
Works_Recommended.csv,18269,Sanction Date,MISSING_OR_BLANK,
Works_Recommended.csv,18270,Sanction Date,MISSING_OR_BLANK,
Works_Recommended.csv,18271,Sanction Date,MISSING_OR_BLANK,
Works_Recommended.csv,18272,Sanction Date,MISSING_OR_BLANK,
Works_Recommended.csv,18273,Sanction Date,MISSING_OR_BLANK,
Works_Recommended.csv,18274,Sanction Date,MISSING_OR_BLANK,
Works_Recommended.csv,18275,Sanction Date,MISSING_OR_BLANK,
Works_Recommended.csv,18276,Sanction Date,MISSING_OR_BLANK,
Works_Recommended.csv,18277,Sanction Date,MISSING_OR_BLANK,
Works_Recommended.csv,18278,Sanction Date,MISSING_OR_BLANK,
Works_Recommended.csv,18279,Sanction Date,MISSING_OR_BLANK,
Works_Recommended.csv,18280,Sanction Date,MISSING_OR_BLANK,
Works_Recommended.csv,18287,Sanction Date,MISSING_OR_BLANK,
Works_Recommended.csv,18288,Sanction Date,MISSING_OR_BLANK,
Works_Recommended.csv,18291,Sanction Date,MISSING_OR_BLANK,
Works_Recommended.csv,18292,Sanction Date,MISSING_OR_BLANK,
Works_Recommended.csv,18295,Sanction Date,MISSING_OR_BLANK,
Works_Recommended.csv,18296,Sanction Date,MISSING_OR_BLANK,
Works_Recommended.csv,18297,Sanction Date,MISSING_OR_BLANK,
Works_Recommended.csv,18300,Sanction Date,MISSING_OR_BLANK,
Works_Recommended.csv,18316,Sanction Date,MISSING_OR_BLANK,
Works_Recommended.csv,18328,Sanction Date,MISSING_OR_BLANK,
Works_Recommended.csv,18329,Sanction Date,MISSING_OR_BLANK,
Works_Recommended.csv,18331,Sanction Date,MISSING_OR_BLANK,
Works_Recommended.csv,18332,Sanction Date,MISSING_OR_BLANK,
Works_Recommended.csv,18338,Sanction Date,MISSING_OR_BLANK,
Works_Recommended.csv,18340,Sanction Date,MISSING_OR_BLANK,
Works_Recommended.csv,18345,Sanction Date,MISSING_OR_BLANK,
Works_Recommended.csv,18346,Sanction Date,MISSING_OR_BLANK,
Works_Recommended.csv,18347,Sanction Date,MISSING_OR_BLANK,
Works_Recommended.csv,18348,Sanction Date,MISSING_OR_BLANK,
Works_Recommended.csv,18355,Sanction Date,MISSING_OR_BLANK,
Works_Recommended.csv,18357,Sanction Date,MISSING_OR_BLANK,
Works_Recommended.csv,18360,Sanction Date,MISSING_OR_BLANK,
Works_Recommended.csv,18361,Sanction Date,MISSING_OR_BLANK,
Works_Recommended.csv,18366,Sanction Date,MISSING_OR_BLANK,
Works_Recommended.csv,18382,Sanction Date,MISSING_OR_BLANK,
Works_Recommended.csv,18386,Sanction Date,MISSING_OR_BLANK,
Works_Recommended.csv,18391,Sanction Date,MISSING_OR_BLANK,
Works_Recommended.csv,18416,Sanction Date,MISSING_OR_BLANK,
Works_Recommended.csv,18417,Sanction Date,MISSING_OR_BLANK,
Works_Recommended.csv,18419,Sanction Date,MISSING_OR_BLANK,
Works_Recommended.csv,18421,Sanction Date,MISSING_OR_BLANK,
Works_Recommended.csv,18422,Sanction Date,MISSING_OR_BLANK,
Works_Recommended.csv,18426,Sanction Date,MISSING_OR_BLANK,
Works_Recommended.csv,18427,Sanction Date,MISSING_OR_BLANK,
Works_Recommended.csv,18428,Sanction Date,MISSING_OR_BLANK,
Works_Recommended.csv,18429,Sanction Date,MISSING_OR_BLANK,
Works_Recommended.csv,18431,Sanction Date,MISSING_OR_BLANK,
Works_Recommended.csv,18433,Sanction Date,MISSING_OR_BLANK,
Works_Recommended.csv,18434,Sanction Date,MISSING_OR_BLANK,
Works_Recommended.csv,18436,Sanction Date,MISSING_OR_BLANK,
Works_Recommended.csv,18438,Sanction Date,MISSING_OR_BLANK,
Works_Recommended.csv,18439,Sanction Date,MISSING_OR_BLANK,
Works_Recommended.csv,18441,Sanction Date,MISSING_OR_BLANK,
Works_Recommended.csv,18442,Sanction Date,MISSING_OR_BLANK,
Works_Recommended.csv,18443,Sanction Date,MISSING_OR_BLANK,
Works_Recommended.csv,18444,Sanction Date,MISSING_OR_BLANK,
Works_Recommended.csv,18447,Sanction Date,MISSING_OR_BLANK,
Works_Recommended.csv,18451,Sanction Date,MISSING_OR_BLANK,
Works_Recommended.csv,18452,Sanction Date,MISSING_OR_BLANK,
Works_Recommended.csv,18453,Sanction Date,MISSING_OR_BLANK,
Works_Recommended.csv,18455,Sanction Date,MISSING_OR_BLANK,
Works_Recommended.csv,18459,Sanction Date,MISSING_OR_BLANK,
Works_Recommended.csv,18460,Sanction Date,MISSING_OR_BLANK,
Works_Recommended.csv,18461,Sanction Date,MISSING_OR_BLANK,
Works_Recommended.csv,18462,Sanction Date,MISSING_OR_BLANK,
Works_Recommended.csv,18464,Sanction Date,MISSING_OR_BLANK,
Works_Recommended.csv,18553,Sanction Date,MISSING_OR_BLANK,
Works_Recommended.csv,18560,Sanction Date,MISSING_OR_BLANK,
Works_Recommended.csv,18565,Sanction Date,MISSING_OR_BLANK,
Works_Recommended.csv,18566,Sanction Date,MISSING_OR_BLANK,
Works_Recommended.csv,18568,Sanction Date,MISSING_OR_BLANK,
Works_Recommended.csv,18569,Sanction Date,MISSING_OR_BLANK,
Works_Recommended.csv,18570,Sanction Date,MISSING_OR_BLANK,
Works_Recommended.csv,18571,Sanction Date,MISSING_OR_BLANK,
Works_Recommended.csv,18572,Sanction Date,MISSING_OR_BLANK,
Works_Recommended.csv,18573,Sanction Date,MISSING_OR_BLANK,
Works_Recommended.csv,18574,Sanction Date,MISSING_OR_BLANK,
Works_Recommended.csv,18575,Sanction Date,MISSING_OR_BLANK,
Works_Recommended.csv,18576,Sanction Date,MISSING_OR_BLANK,
Works_Recommended.csv,18577,Sanction Date,MISSING_OR_BLANK,
Works_Recommended.csv,18578,Sanction Date,MISSING_OR_BLANK,
Works_Recommended.csv,18579,Sanction Date,MISSING_OR_BLANK,
Works_Recommended.csv,18580,Sanction Date,MISSING_OR_BLANK,
Works_Recommended.csv,18581,Sanction Date,MISSING_OR_BLANK,
Works_Recommended.csv,18582,Sanction Date,MISSING_OR_BLANK,
Works_Recommended.csv,18583,Sanction Date,MISSING_OR_BLANK,
Works_Recommended.csv,18584,Sanction Date,MISSING_OR_BLANK,
Works_Recommended.csv,18586,Sanction Date,MISSING_OR_BLANK,
Works_Recommended.csv,18587,Sanction Date,MISSING_OR_BLANK,
Works_Recommended.csv,18588,Sanction Date,MISSING_OR_BLANK,
Works_Recommended.csv,18589,Sanction Date,MISSING_OR_BLANK,
Works_Recommended.csv,18590,Sanction Date,MISSING_OR_BLANK,
Works_Recommended.csv,18597,Sanction Date,MISSING_OR_BLANK,
Works_Recommended.csv,18598,Sanction Date,MISSING_OR_BLANK,
Works_Recommended.csv,18599,Sanction Date,MISSING_OR_BLANK,
Works_Recommended.csv,18600,Sanction Date,MISSING_OR_BLANK,
Works_Recommended.csv,18601,Sanction Date,MISSING_OR_BLANK,
Works_Recommended.csv,18608,Sanction Date,MISSING_OR_BLANK,
Works_Recommended.csv,18609,Sanction Date,MISSING_OR_BLANK,
Works_Recommended.csv,18611,Sanction Date,MISSING_OR_BLANK,
Works_Recommended.csv,18612,Sanction Date,MISSING_OR_BLANK,
Works_Recommended.csv,18613,Sanction Date,MISSING_OR_BLANK,
Works_Recommended.csv,18616,Sanction Date,MISSING_OR_BLANK,
Works_Recommended.csv,18617,Sanction Date,MISSING_OR_BLANK,
Works_Recommended.csv,18618,Sanction Date,MISSING_OR_BLANK,
Works_Recommended.csv,18619,Sanction Date,MISSING_OR_BLANK,
Works_Recommended.csv,18620,Sanction Date,MISSING_OR_BLANK,
Works_Recommended.csv,18621,Sanction Date,MISSING_OR_BLANK,
Works_Recommended.csv,18622,Sanction Date,MISSING_OR_BLANK,
Works_Recommended.csv,18624,Sanction Date,MISSING_OR_BLANK,
Works_Recommended.csv,18625,Sanction Date,MISSING_OR_BLANK,
Works_Recommended.csv,18626,Sanction Date,MISSING_OR_BLANK,
Works_Recommended.csv,18627,Sanction Date,MISSING_OR_BLANK,
Works_Recommended.csv,18628,Sanction Date,MISSING_OR_BLANK,
Works_Recommended.csv,18629,Sanction Date,MISSING_OR_BLANK,
Works_Recommended.csv,18630,Sanction Date,MISSING_OR_BLANK,
Works_Recommended.csv,18631,Sanction Date,MISSING_OR_BLANK,
Works_Recommended.csv,18632,Sanction Date,MISSING_OR_BLANK,
Works_Recommended.csv,18635,Sanction Date,MISSING_OR_BLANK,
Works_Recommended.csv,18636,Sanction Date,MISSING_OR_BLANK,
Works_Recommended.csv,18637,Sanction Date,MISSING_OR_BLANK,
Works_Recommended.csv,18638,Sanction Date,MISSING_OR_BLANK,
Works_Recommended.csv,18639,Sanction Date,MISSING_OR_BLANK,
Works_Recommended.csv,18640,Sanction Date,MISSING_OR_BLANK,
Works_Recommended.csv,18646,Sanction Date,MISSING_OR_BLANK,
Works_Recommended.csv,18647,Sanction Date,MISSING_OR_BLANK,
Works_Recommended.csv,18648,Sanction Date,MISSING_OR_BLANK,
Works_Recommended.csv,18651,Sanction Date,MISSING_OR_BLANK,
Works_Recommended.csv,18652,Sanction Date,MISSING_OR_BLANK,
Works_Recommended.csv,18656,Sanction Date,MISSING_OR_BLANK,
Works_Recommended.csv,18660,Sanction Date,MISSING_OR_BLANK,
Works_Recommended.csv,18663,Sanction Date,MISSING_OR_BLANK,
Works_Recommended.csv,18670,Sanction Date,MISSING_OR_BLANK,
Works_Recommended.csv,18671,Sanction Date,MISSING_OR_BLANK,
Works_Recommended.csv,18685,Sanction Date,MISSING_OR_BLANK,
Works_Recommended.csv,18687,Sanction Date,MISSING_OR_BLANK,
Works_Recommended.csv,18689,Sanction Date,MISSING_OR_BLANK,
Works_Recommended.csv,18690,Sanction Date,MISSING_OR_BLANK,
Works_Recommended.csv,18700,Sanction Date,MISSING_OR_BLANK,
Works_Recommended.csv,18701,Sanction Date,MISSING_OR_BLANK,
Works_Recommended.csv,18708,Sanction Date,MISSING_OR_BLANK,
Works_Recommended.csv,18709,Sanction Date,MISSING_OR_BLANK,
Works_Recommended.csv,18710,Sanction Date,MISSING_OR_BLANK,
Works_Recommended.csv,18711,Sanction Date,MISSING_OR_BLANK,
Works_Recommended.csv,18712,Sanction Date,MISSING_OR_BLANK,
Works_Recommended.csv,18713,Sanction Date,MISSING_OR_BLANK,
Works_Recommended.csv,18720,Sanction Date,MISSING_OR_BLANK,
Works_Recommended.csv,18721,Sanction Date,MISSING_OR_BLANK,
Works_Recommended.csv,18722,Sanction Date,MISSING_OR_BLANK,
Works_Recommended.csv,18723,Sanction Date,MISSING_OR_BLANK,
Works_Recommended.csv,18724,Sanction Date,MISSING_OR_BLANK,
Works_Recommended.csv,18725,Sanction Date,MISSING_OR_BLANK,
Works_Recommended.csv,18726,Sanction Date,MISSING_OR_BLANK,
Works_Recommended.csv,18727,Sanction Date,MISSING_OR_BLANK,
Works_Recommended.csv,18732,Sanction Date,MISSING_OR_BLANK,
Works_Recommended.csv,18735,Sanction Date,MISSING_OR_BLANK,
Works_Recommended.csv,18741,Sanction Date,MISSING_OR_BLANK,
Works_Recommended.csv,18742,Sanction Date,MISSING_OR_BLANK,
Works_Recommended.csv,18743,Sanction Date,MISSING_OR_BLANK,
Works_Recommended.csv,18744,Sanction Date,MISSING_OR_BLANK,
Works_Recommended.csv,18745,Sanction Date,MISSING_OR_BLANK,
Works_Recommended.csv,18750,Sanction Date,MISSING_OR_BLANK,
Works_Recommended.csv,18756,Sanction Date,MISSING_OR_BLANK,
Works_Recommended.csv,18757,Sanction Date,MISSING_OR_BLANK,
Works_Recommended.csv,18758,Sanction Date,MISSING_OR_BLANK,
Works_Recommended.csv,18759,Sanction Date,MISSING_OR_BLANK,
Works_Recommended.csv,18760,Sanction Date,MISSING_OR_BLANK,
Works_Recommended.csv,18789,Sanction Date,MISSING_OR_BLANK,
Works_Recommended.csv,18791,Sanction Date,MISSING_OR_BLANK,
Works_Recommended.csv,18793,Sanction Date,MISSING_OR_BLANK,
Works_Recommended.csv,18795,Sanction Date,MISSING_OR_BLANK,
Works_Recommended.csv,18812,Sanction Date,MISSING_OR_BLANK,
Works_Recommended.csv,18813,Sanction Date,MISSING_OR_BLANK,
Works_Recommended.csv,18815,Sanction Date,MISSING_OR_BLANK,
Works_Recommended.csv,18820,Sanction Date,MISSING_OR_BLANK,
Works_Recommended.csv,18825,Sanction Date,MISSING_OR_BLANK,
Works_Recommended.csv,18826,Sanction Date,MISSING_OR_BLANK,
Works_Recommended.csv,18827,Sanction Date,MISSING_OR_BLANK,
Works_Recommended.csv,18828,Sanction Date,MISSING_OR_BLANK,
Works_Recommended.csv,18829,Sanction Date,MISSING_OR_BLANK,
Works_Recommended.csv,18830,Sanction Date,MISSING_OR_BLANK,
Works_Recommended.csv,18831,Sanction Date,MISSING_OR_BLANK,
Works_Recommended.csv,18833,Sanction Date,MISSING_OR_BLANK,
Works_Recommended.csv,18834,Sanction Date,MISSING_OR_BLANK,
Works_Recommended.csv,18839,Sanction Date,MISSING_OR_BLANK,
Works_Recommended.csv,18840,Sanction Date,MISSING_OR_BLANK,
Works_Recommended.csv,18843,Sanction Date,MISSING_OR_BLANK,
Works_Recommended.csv,18844,Sanction Date,MISSING_OR_BLANK,
Works_Recommended.csv,18847,Sanction Date,MISSING_OR_BLANK,
Works_Recommended.csv,18848,Sanction Date,MISSING_OR_BLANK,
Works_Recommended.csv,18849,Sanction Date,MISSING_OR_BLANK,
Works_Recommended.csv,18850,Sanction Date,MISSING_OR_BLANK,
Works_Recommended.csv,18851,Sanction Date,MISSING_OR_BLANK,
Works_Recommended.csv,18852,Sanction Date,MISSING_OR_BLANK,
Works_Recommended.csv,18854,Sanction Date,MISSING_OR_BLANK,
Works_Recommended.csv,18855,Sanction Date,MISSING_OR_BLANK,
Works_Recommended.csv,18856,Sanction Date,MISSING_OR_BLANK,
Works_Recommended.csv,18857,Sanction Date,MISSING_OR_BLANK,
Works_Recommended.csv,18858,Sanction Date,MISSING_OR_BLANK,
Works_Recommended.csv,18860,Sanction Date,MISSING_OR_BLANK,
Works_Recommended.csv,18861,Sanction Date,MISSING_OR_BLANK,
Works_Recommended.csv,18862,Sanction Date,MISSING_OR_BLANK,
Works_Recommended.csv,18867,Sanction Date,MISSING_OR_BLANK,
Works_Recommended.csv,18871,Sanction Date,MISSING_OR_BLANK,
Works_Recommended.csv,18872,Sanction Date,MISSING_OR_BLANK,
Works_Recommended.csv,18873,Sanction Date,MISSING_OR_BLANK,
Works_Recommended.csv,18874,Sanction Date,MISSING_OR_BLANK,
Works_Recommended.csv,18875,Sanction Date,MISSING_OR_BLANK,
Works_Recommended.csv,18882,Sanction Date,MISSING_OR_BLANK,
Works_Recommended.csv,18883,Sanction Date,MISSING_OR_BLANK,
Works_Recommended.csv,18885,Sanction Date,MISSING_OR_BLANK,
Works_Recommended.csv,18888,Sanction Date,MISSING_OR_BLANK,
Works_Recommended.csv,18892,Sanction Date,MISSING_OR_BLANK,
Works_Recommended.csv,18893,Sanction Date,MISSING_OR_BLANK,
Works_Recommended.csv,18895,Sanction Date,MISSING_OR_BLANK,
Works_Recommended.csv,18896,Sanction Date,MISSING_OR_BLANK,
Works_Recommended.csv,18897,Sanction Date,MISSING_OR_BLANK,
Works_Recommended.csv,18898,Sanction Date,MISSING_OR_BLANK,
Works_Recommended.csv,18901,Sanction Date,MISSING_OR_BLANK,
Works_Recommended.csv,18902,Sanction Date,MISSING_OR_BLANK,
Works_Recommended.csv,18903,Sanction Date,MISSING_OR_BLANK,
Works_Recommended.csv,18904,Sanction Date,MISSING_OR_BLANK,
Works_Recommended.csv,18905,Sanction Date,MISSING_OR_BLANK,
Works_Recommended.csv,18906,Sanction Date,MISSING_OR_BLANK,
Works_Recommended.csv,18907,Sanction Date,MISSING_OR_BLANK,
Works_Recommended.csv,18908,Sanction Date,MISSING_OR_BLANK,
Works_Recommended.csv,18909,Sanction Date,MISSING_OR_BLANK,
Works_Recommended.csv,18910,Sanction Date,MISSING_OR_BLANK,
Works_Recommended.csv,18911,Sanction Date,MISSING_OR_BLANK,
Works_Recommended.csv,18912,Sanction Date,MISSING_OR_BLANK,
Works_Recommended.csv,18913,Sanction Date,MISSING_OR_BLANK,
Works_Recommended.csv,18914,Sanction Date,MISSING_OR_BLANK,
Works_Recommended.csv,18915,Sanction Date,MISSING_OR_BLANK,
Works_Recommended.csv,18916,Sanction Date,MISSING_OR_BLANK,
Works_Recommended.csv,18947,Sanction Date,MISSING_OR_BLANK,
Works_Recommended.csv,18950,Sanction Date,MISSING_OR_BLANK,
Works_Recommended.csv,18951,Sanction Date,MISSING_OR_BLANK,
Works_Recommended.csv,18952,Sanction Date,MISSING_OR_BLANK,
Works_Recommended.csv,18953,Sanction Date,MISSING_OR_BLANK,
Works_Recommended.csv,18954,Sanction Date,MISSING_OR_BLANK,
Works_Recommended.csv,18955,Sanction Date,MISSING_OR_BLANK,
Works_Recommended.csv,18956,Sanction Date,MISSING_OR_BLANK,
Works_Recommended.csv,18957,Sanction Date,MISSING_OR_BLANK,
Works_Recommended.csv,18958,Sanction Date,MISSING_OR_BLANK,
Works_Recommended.csv,18972,Sanction Date,MISSING_OR_BLANK,
Works_Recommended.csv,18974,Sanction Date,MISSING_OR_BLANK,
Works_Recommended.csv,18975,Sanction Date,MISSING_OR_BLANK,
Works_Recommended.csv,18980,Sanction Date,MISSING_OR_BLANK,
Works_Recommended.csv,18981,Sanction Date,MISSING_OR_BLANK,
Works_Recommended.csv,19001,Sanction Date,MISSING_OR_BLANK,
Works_Recommended.csv,19010,Sanction Date,MISSING_OR_BLANK,
Works_Recommended.csv,19011,Sanction Date,MISSING_OR_BLANK,
Works_Recommended.csv,19013,Sanction Date,MISSING_OR_BLANK,
Works_Recommended.csv,19015,Sanction Date,MISSING_OR_BLANK,
Works_Recommended.csv,19025,Sanction Date,MISSING_OR_BLANK,
Works_Recommended.csv,19026,Sanction Date,MISSING_OR_BLANK,
Works_Recommended.csv,19027,Sanction Date,MISSING_OR_BLANK,
Works_Recommended.csv,19028,Sanction Date,MISSING_OR_BLANK,
Works_Recommended.csv,19029,Sanction Date,MISSING_OR_BLANK,
Works_Recommended.csv,19030,Sanction Date,MISSING_OR_BLANK,
Works_Recommended.csv,19032,Sanction Date,MISSING_OR_BLANK,
Works_Recommended.csv,19033,Sanction Date,MISSING_OR_BLANK,
Works_Recommended.csv,19034,Sanction Date,MISSING_OR_BLANK,
Works_Recommended.csv,19035,Sanction Date,MISSING_OR_BLANK,
Works_Recommended.csv,19036,Sanction Date,MISSING_OR_BLANK,
Works_Recommended.csv,19037,Sanction Date,MISSING_OR_BLANK,
Works_Recommended.csv,19039,Sanction Date,MISSING_OR_BLANK,
Works_Recommended.csv,19040,Sanction Date,MISSING_OR_BLANK,
Works_Recommended.csv,19041,Sanction Date,MISSING_OR_BLANK,
Works_Recommended.csv,19042,Sanction Date,MISSING_OR_BLANK,
Works_Recommended.csv,19043,Sanction Date,MISSING_OR_BLANK,
Works_Recommended.csv,19044,Sanction Date,MISSING_OR_BLANK,
Works_Recommended.csv,19045,Sanction Date,MISSING_OR_BLANK,
Works_Recommended.csv,19046,Sanction Date,MISSING_OR_BLANK,
Works_Recommended.csv,19048,Sanction Date,MISSING_OR_BLANK,
Works_Recommended.csv,19049,Sanction Date,MISSING_OR_BLANK,
Works_Recommended.csv,19050,Sanction Date,MISSING_OR_BLANK,
Works_Recommended.csv,19052,Sanction Date,MISSING_OR_BLANK,
Works_Recommended.csv,19057,Sanction Date,MISSING_OR_BLANK,
Works_Recommended.csv,19058,Sanction Date,MISSING_OR_BLANK,
Works_Recommended.csv,19063,Sanction Date,MISSING_OR_BLANK,
Works_Recommended.csv,19064,Sanction Date,MISSING_OR_BLANK,
Works_Recommended.csv,19069,Sanction Date,MISSING_OR_BLANK,
Works_Recommended.csv,19071,Sanction Date,MISSING_OR_BLANK,
Works_Recommended.csv,19073,Sanction Date,MISSING_OR_BLANK,
Works_Recommended.csv,19074,Sanction Date,MISSING_OR_BLANK,
Works_Recommended.csv,19122,Sanction Date,MISSING_OR_BLANK,
Works_Recommended.csv,19123,Sanction Date,MISSING_OR_BLANK,
Works_Recommended.csv,19124,Sanction Date,MISSING_OR_BLANK,
Works_Recommended.csv,19133,Sanction Date,MISSING_OR_BLANK,
Works_Recommended.csv,19139,Sanction Date,MISSING_OR_BLANK,
Works_Recommended.csv,19140,Sanction Date,MISSING_OR_BLANK,
Works_Recommended.csv,19146,Sanction Date,MISSING_OR_BLANK,
Works_Recommended.csv,19147,Sanction Date,MISSING_OR_BLANK,
Works_Recommended.csv,19149,Sanction Date,MISSING_OR_BLANK,
Works_Recommended.csv,19150,Sanction Date,MISSING_OR_BLANK,
Works_Recommended.csv,19151,Sanction Date,MISSING_OR_BLANK,
Works_Recommended.csv,19152,Sanction Date,MISSING_OR_BLANK,
Works_Recommended.csv,19155,Sanction Date,MISSING_OR_BLANK,
Works_Recommended.csv,19162,Sanction Date,MISSING_OR_BLANK,
Works_Recommended.csv,19163,Sanction Date,MISSING_OR_BLANK,
Works_Recommended.csv,19164,Sanction Date,MISSING_OR_BLANK,
Works_Recommended.csv,19165,Sanction Date,MISSING_OR_BLANK,
Works_Recommended.csv,19169,Sanction Date,MISSING_OR_BLANK,
Works_Recommended.csv,19172,Sanction Date,MISSING_OR_BLANK,
Works_Recommended.csv,19183,Sanction Date,MISSING_OR_BLANK,
Works_Recommended.csv,19186,Sanction Date,MISSING_OR_BLANK,
Works_Recommended.csv,19187,Sanction Date,MISSING_OR_BLANK,
Works_Recommended.csv,19203,Sanction Date,MISSING_OR_BLANK,
Works_Recommended.csv,19204,Sanction Date,MISSING_OR_BLANK,
Works_Recommended.csv,19205,Sanction Date,MISSING_OR_BLANK,
Works_Recommended.csv,19206,Sanction Date,MISSING_OR_BLANK,
Works_Recommended.csv,19207,Sanction Date,MISSING_OR_BLANK,
Works_Recommended.csv,19208,Sanction Date,MISSING_OR_BLANK,
Works_Recommended.csv,19209,Sanction Date,MISSING_OR_BLANK,
Works_Recommended.csv,19210,Sanction Date,MISSING_OR_BLANK,
Works_Recommended.csv,19211,Sanction Date,MISSING_OR_BLANK,
Works_Recommended.csv,19212,Sanction Date,MISSING_OR_BLANK,
Works_Recommended.csv,19213,Sanction Date,MISSING_OR_BLANK,
Works_Recommended.csv,19214,Sanction Date,MISSING_OR_BLANK,
Works_Recommended.csv,19215,Sanction Date,MISSING_OR_BLANK,
Works_Recommended.csv,19217,Sanction Date,MISSING_OR_BLANK,
Works_Recommended.csv,19218,Sanction Date,MISSING_OR_BLANK,
Works_Recommended.csv,19219,Sanction Date,MISSING_OR_BLANK,
Works_Recommended.csv,19220,Sanction Date,MISSING_OR_BLANK,
Works_Recommended.csv,19221,Sanction Date,MISSING_OR_BLANK,
Works_Recommended.csv,19222,Sanction Date,MISSING_OR_BLANK,
Works_Recommended.csv,19223,Sanction Date,MISSING_OR_BLANK,
Works_Recommended.csv,19226,Sanction Date,MISSING_OR_BLANK,
Works_Recommended.csv,19236,Sanction Date,MISSING_OR_BLANK,
Works_Recommended.csv,19238,Sanction Date,MISSING_OR_BLANK,
Works_Recommended.csv,19239,Sanction Date,MISSING_OR_BLANK,
Works_Recommended.csv,19240,Sanction Date,MISSING_OR_BLANK,
Works_Recommended.csv,19241,Sanction Date,MISSING_OR_BLANK,
Works_Recommended.csv,19242,Sanction Date,MISSING_OR_BLANK,
Works_Recommended.csv,19243,Sanction Date,MISSING_OR_BLANK,
Works_Recommended.csv,19244,Sanction Date,MISSING_OR_BLANK,
Works_Recommended.csv,19245,Sanction Date,MISSING_OR_BLANK,
Works_Recommended.csv,19247,Sanction Date,MISSING_OR_BLANK,
Works_Recommended.csv,19248,Sanction Date,MISSING_OR_BLANK,
Works_Recommended.csv,19249,Sanction Date,MISSING_OR_BLANK,
Works_Recommended.csv,19250,Sanction Date,MISSING_OR_BLANK,
Works_Recommended.csv,19251,Sanction Date,MISSING_OR_BLANK,
Works_Recommended.csv,19252,Sanction Date,MISSING_OR_BLANK,
Works_Recommended.csv,19253,Sanction Date,MISSING_OR_BLANK,
Works_Recommended.csv,19257,Sanction Date,MISSING_OR_BLANK,
Works_Recommended.csv,19261,Sanction Date,MISSING_OR_BLANK,
Works_Recommended.csv,19269,Sanction Date,MISSING_OR_BLANK,
Works_Recommended.csv,19292,Sanction Date,MISSING_OR_BLANK,
Works_Recommended.csv,19301,Sanction Date,MISSING_OR_BLANK,
Works_Recommended.csv,19302,Sanction Date,MISSING_OR_BLANK,
Works_Recommended.csv,19303,Sanction Date,MISSING_OR_BLANK,
Works_Recommended.csv,19306,Sanction Date,MISSING_OR_BLANK,
Works_Recommended.csv,19307,Sanction Date,MISSING_OR_BLANK,
Works_Recommended.csv,19308,Sanction Date,MISSING_OR_BLANK,
Works_Recommended.csv,19309,Sanction Date,MISSING_OR_BLANK,
Works_Recommended.csv,19310,Sanction Date,MISSING_OR_BLANK,
Works_Recommended.csv,19311,Sanction Date,MISSING_OR_BLANK,
Works_Recommended.csv,19312,Sanction Date,MISSING_OR_BLANK,
Works_Recommended.csv,19313,Sanction Date,MISSING_OR_BLANK,
Works_Recommended.csv,19314,Sanction Date,MISSING_OR_BLANK,
Works_Recommended.csv,19315,Sanction Date,MISSING_OR_BLANK,
Works_Recommended.csv,19316,Sanction Date,MISSING_OR_BLANK,
Works_Recommended.csv,19322,Sanction Date,MISSING_OR_BLANK,
Works_Recommended.csv,19347,Sanction Date,MISSING_OR_BLANK,
Works_Recommended.csv,19349,Sanction Date,MISSING_OR_BLANK,
Works_Recommended.csv,19353,Sanction Date,MISSING_OR_BLANK,
Works_Recommended.csv,19354,Sanction Date,MISSING_OR_BLANK,
Works_Recommended.csv,19365,Sanction Date,MISSING_OR_BLANK,
Works_Recommended.csv,19369,Sanction Date,MISSING_OR_BLANK,
Works_Recommended.csv,19374,Sanction Date,MISSING_OR_BLANK,
Works_Recommended.csv,19381,Sanction Date,MISSING_OR_BLANK,
Works_Recommended.csv,19382,Sanction Date,MISSING_OR_BLANK,
Works_Recommended.csv,19384,Sanction Date,MISSING_OR_BLANK,
Works_Recommended.csv,19387,Sanction Date,MISSING_OR_BLANK,
Works_Recommended.csv,19401,Sanction Date,MISSING_OR_BLANK,
Works_Recommended.csv,19405,Sanction Date,MISSING_OR_BLANK,
Works_Recommended.csv,19406,Sanction Date,MISSING_OR_BLANK,
Works_Recommended.csv,19411,Sanction Date,MISSING_OR_BLANK,
Works_Recommended.csv,19412,Sanction Date,MISSING_OR_BLANK,
Works_Recommended.csv,19418,Sanction Date,MISSING_OR_BLANK,
Works_Recommended.csv,19419,Sanction Date,MISSING_OR_BLANK,
Works_Recommended.csv,19427,Sanction Date,MISSING_OR_BLANK,
Works_Recommended.csv,19436,Sanction Date,MISSING_OR_BLANK,
Works_Recommended.csv,19437,Sanction Date,MISSING_OR_BLANK,
Works_Recommended.csv,19438,Sanction Date,MISSING_OR_BLANK,
Works_Recommended.csv,19439,Sanction Date,MISSING_OR_BLANK,
Works_Recommended.csv,19440,Sanction Date,MISSING_OR_BLANK,
Works_Recommended.csv,19441,Sanction Date,MISSING_OR_BLANK,
Works_Recommended.csv,19442,Sanction Date,MISSING_OR_BLANK,
Works_Recommended.csv,19443,Sanction Date,MISSING_OR_BLANK,
Works_Recommended.csv,19444,Sanction Date,MISSING_OR_BLANK,
Works_Recommended.csv,19445,Sanction Date,MISSING_OR_BLANK,
Works_Recommended.csv,19446,Sanction Date,MISSING_OR_BLANK,
Works_Recommended.csv,19447,Sanction Date,MISSING_OR_BLANK,
Works_Recommended.csv,19448,Sanction Date,MISSING_OR_BLANK,
Works_Recommended.csv,19449,Sanction Date,MISSING_OR_BLANK,
Works_Recommended.csv,19452,Sanction Date,MISSING_OR_BLANK,
Works_Recommended.csv,19459,Sanction Date,MISSING_OR_BLANK,
Works_Recommended.csv,19493,Sanction Date,MISSING_OR_BLANK,
Works_Recommended.csv,19494,Sanction Date,MISSING_OR_BLANK,
Works_Recommended.csv,19495,Sanction Date,MISSING_OR_BLANK,
Works_Recommended.csv,19496,Sanction Date,MISSING_OR_BLANK,
Works_Recommended.csv,19497,Sanction Date,MISSING_OR_BLANK,
Works_Recommended.csv,19498,Sanction Date,MISSING_OR_BLANK,
Works_Recommended.csv,19499,Sanction Date,MISSING_OR_BLANK,
Works_Recommended.csv,19501,Sanction Date,MISSING_OR_BLANK,
Works_Recommended.csv,19502,Sanction Date,MISSING_OR_BLANK,
Works_Recommended.csv,19504,Sanction Date,MISSING_OR_BLANK,
Works_Recommended.csv,19505,Sanction Date,MISSING_OR_BLANK,
Works_Recommended.csv,19508,Sanction Date,MISSING_OR_BLANK,
Works_Recommended.csv,19509,Sanction Date,MISSING_OR_BLANK,
Works_Recommended.csv,19536,Sanction Date,MISSING_OR_BLANK,
Works_Recommended.csv,19538,Sanction Date,MISSING_OR_BLANK,
Works_Recommended.csv,19539,Sanction Date,MISSING_OR_BLANK,
Works_Recommended.csv,19547,Sanction Date,MISSING_OR_BLANK,
Works_Recommended.csv,19549,Sanction Date,MISSING_OR_BLANK,
Works_Recommended.csv,19550,Sanction Date,MISSING_OR_BLANK,
Works_Recommended.csv,19551,Sanction Date,MISSING_OR_BLANK,
Works_Recommended.csv,19554,Sanction Date,MISSING_OR_BLANK,
Works_Recommended.csv,19555,Sanction Date,MISSING_OR_BLANK,
Works_Recommended.csv,19560,Sanction Date,MISSING_OR_BLANK,
Works_Recommended.csv,19561,Sanction Date,MISSING_OR_BLANK,
Works_Recommended.csv,19562,Sanction Date,MISSING_OR_BLANK,
Works_Recommended.csv,19563,Sanction Date,MISSING_OR_BLANK,
Works_Recommended.csv,19564,Sanction Date,MISSING_OR_BLANK,
Works_Recommended.csv,19568,Sanction Date,MISSING_OR_BLANK,
Works_Recommended.csv,19573,Sanction Date,MISSING_OR_BLANK,
Works_Recommended.csv,19577,Sanction Date,MISSING_OR_BLANK,
Works_Recommended.csv,19581,Sanction Date,MISSING_OR_BLANK,
Works_Recommended.csv,19582,Sanction Date,MISSING_OR_BLANK,
Works_Recommended.csv,19583,Sanction Date,MISSING_OR_BLANK,
Works_Recommended.csv,19584,Sanction Date,MISSING_OR_BLANK,
Works_Recommended.csv,19585,Sanction Date,MISSING_OR_BLANK,
Works_Recommended.csv,19586,Sanction Date,MISSING_OR_BLANK,
Works_Recommended.csv,19587,Sanction Date,MISSING_OR_BLANK,
Works_Recommended.csv,19591,Sanction Date,MISSING_OR_BLANK,
Works_Recommended.csv,19592,Sanction Date,MISSING_OR_BLANK,
Works_Recommended.csv,19593,Sanction Date,MISSING_OR_BLANK,
Works_Recommended.csv,19594,Sanction Date,MISSING_OR_BLANK,
Works_Recommended.csv,19597,Sanction Date,MISSING_OR_BLANK,
Works_Recommended.csv,19598,Sanction Date,MISSING_OR_BLANK,
Works_Recommended.csv,19599,Sanction Date,MISSING_OR_BLANK,
Works_Recommended.csv,19600,Sanction Date,MISSING_OR_BLANK,
Works_Recommended.csv,19601,Sanction Date,MISSING_OR_BLANK,
Works_Recommended.csv,19602,Sanction Date,MISSING_OR_BLANK,
Works_Recommended.csv,19603,Sanction Date,MISSING_OR_BLANK,
Works_Recommended.csv,19604,Sanction Date,MISSING_OR_BLANK,
Works_Recommended.csv,19605,Sanction Date,MISSING_OR_BLANK,
Works_Recommended.csv,19606,Sanction Date,MISSING_OR_BLANK,
Works_Recommended.csv,19607,Sanction Date,MISSING_OR_BLANK,
Works_Recommended.csv,19608,Sanction Date,MISSING_OR_BLANK,
Works_Recommended.csv,19609,Sanction Date,MISSING_OR_BLANK,
Works_Recommended.csv,19613,Sanction Date,MISSING_OR_BLANK,
Works_Recommended.csv,19614,Sanction Date,MISSING_OR_BLANK,
Works_Recommended.csv,19627,Sanction Date,MISSING_OR_BLANK,
Works_Recommended.csv,19628,Sanction Date,MISSING_OR_BLANK,
Works_Recommended.csv,19629,Sanction Date,MISSING_OR_BLANK,
Works_Recommended.csv,19630,Sanction Date,MISSING_OR_BLANK,
Works_Recommended.csv,19631,Sanction Date,MISSING_OR_BLANK,
Works_Recommended.csv,19635,Sanction Date,MISSING_OR_BLANK,
Works_Recommended.csv,19636,Sanction Date,MISSING_OR_BLANK,
Works_Recommended.csv,19637,Sanction Date,MISSING_OR_BLANK,
Works_Recommended.csv,19638,Sanction Date,MISSING_OR_BLANK,
Works_Recommended.csv,19646,Sanction Date,MISSING_OR_BLANK,
Works_Recommended.csv,19647,Sanction Date,MISSING_OR_BLANK,
Works_Recommended.csv,19654,Sanction Date,MISSING_OR_BLANK,
Works_Recommended.csv,19655,Sanction Date,MISSING_OR_BLANK,
Works_Recommended.csv,19656,Sanction Date,MISSING_OR_BLANK,
Works_Recommended.csv,19657,Sanction Date,MISSING_OR_BLANK,
Works_Recommended.csv,19662,Sanction Date,MISSING_OR_BLANK,
Works_Recommended.csv,19664,Sanction Date,MISSING_OR_BLANK,
Works_Recommended.csv,19665,Sanction Date,MISSING_OR_BLANK,
Works_Recommended.csv,19666,Sanction Date,MISSING_OR_BLANK,
Works_Recommended.csv,19667,Sanction Date,MISSING_OR_BLANK,
Works_Recommended.csv,19670,Sanction Date,MISSING_OR_BLANK,
Works_Recommended.csv,19671,Sanction Date,MISSING_OR_BLANK,
Works_Recommended.csv,19672,Sanction Date,MISSING_OR_BLANK,
Works_Recommended.csv,19696,Sanction Date,MISSING_OR_BLANK,
Works_Recommended.csv,19718,Sanction Date,MISSING_OR_BLANK,
Works_Recommended.csv,19748,Sanction Date,MISSING_OR_BLANK,
Works_Recommended.csv,19751,Sanction Date,MISSING_OR_BLANK,
Works_Recommended.csv,19766,Sanction Date,MISSING_OR_BLANK,
Works_Recommended.csv,19767,Sanction Date,MISSING_OR_BLANK,
Works_Recommended.csv,19768,Sanction Date,MISSING_OR_BLANK,
Works_Recommended.csv,19769,Sanction Date,MISSING_OR_BLANK,
Works_Recommended.csv,19770,Sanction Date,MISSING_OR_BLANK,
Works_Recommended.csv,19772,Sanction Date,MISSING_OR_BLANK,
Works_Recommended.csv,19773,Sanction Date,MISSING_OR_BLANK,
Works_Recommended.csv,19774,Sanction Date,MISSING_OR_BLANK,
Works_Recommended.csv,19775,Sanction Date,MISSING_OR_BLANK,
Works_Recommended.csv,19776,Sanction Date,MISSING_OR_BLANK,
Works_Recommended.csv,19777,Sanction Date,MISSING_OR_BLANK,
Works_Recommended.csv,19778,Sanction Date,MISSING_OR_BLANK,
Works_Recommended.csv,19779,Sanction Date,MISSING_OR_BLANK,
Works_Recommended.csv,19780,Sanction Date,MISSING_OR_BLANK,
Works_Recommended.csv,19782,Sanction Date,MISSING_OR_BLANK,
Works_Recommended.csv,19788,Sanction Date,MISSING_OR_BLANK,
Works_Recommended.csv,19792,Sanction Date,MISSING_OR_BLANK,
Works_Recommended.csv,19795,Sanction Date,MISSING_OR_BLANK,
Works_Recommended.csv,19799,Sanction Date,MISSING_OR_BLANK,
Works_Recommended.csv,19802,Sanction Date,MISSING_OR_BLANK,
Works_Recommended.csv,19804,Sanction Date,MISSING_OR_BLANK,
Works_Recommended.csv,19805,Sanction Date,MISSING_OR_BLANK,
Works_Recommended.csv,19806,Sanction Date,MISSING_OR_BLANK,
Works_Recommended.csv,19807,Sanction Date,MISSING_OR_BLANK,
Works_Recommended.csv,19809,Sanction Date,MISSING_OR_BLANK,
Works_Recommended.csv,19811,Sanction Date,MISSING_OR_BLANK,
Works_Recommended.csv,19813,Sanction Date,MISSING_OR_BLANK,
Works_Recommended.csv,19815,Sanction Date,MISSING_OR_BLANK,
Works_Recommended.csv,19817,Sanction Date,MISSING_OR_BLANK,
Works_Recommended.csv,19820,Sanction Date,MISSING_OR_BLANK,
Works_Recommended.csv,19822,Sanction Date,MISSING_OR_BLANK,
Works_Recommended.csv,19826,Sanction Date,MISSING_OR_BLANK,
Works_Recommended.csv,19834,Sanction Date,MISSING_OR_BLANK,
Works_Recommended.csv,19835,Sanction Date,MISSING_OR_BLANK,
Works_Recommended.csv,19836,Sanction Date,MISSING_OR_BLANK,
Works_Recommended.csv,19837,Sanction Date,MISSING_OR_BLANK,
Works_Recommended.csv,19838,Sanction Date,MISSING_OR_BLANK,
Works_Recommended.csv,19839,Sanction Date,MISSING_OR_BLANK,
Works_Recommended.csv,19840,Sanction Date,MISSING_OR_BLANK,
Works_Recommended.csv,19841,Sanction Date,MISSING_OR_BLANK,
Works_Recommended.csv,19842,Sanction Date,MISSING_OR_BLANK,
Works_Recommended.csv,19843,Sanction Date,MISSING_OR_BLANK,
Works_Recommended.csv,19844,Sanction Date,MISSING_OR_BLANK,
Works_Recommended.csv,19845,Sanction Date,MISSING_OR_BLANK,
Works_Recommended.csv,19846,Sanction Date,MISSING_OR_BLANK,
Works_Recommended.csv,19850,Sanction Date,MISSING_OR_BLANK,
Works_Recommended.csv,19851,Sanction Date,MISSING_OR_BLANK,
Works_Recommended.csv,19852,Sanction Date,MISSING_OR_BLANK,
Works_Recommended.csv,19853,Sanction Date,MISSING_OR_BLANK,
Works_Recommended.csv,19854,Sanction Date,MISSING_OR_BLANK,
Works_Recommended.csv,19855,Sanction Date,MISSING_OR_BLANK,
Works_Recommended.csv,19856,Sanction Date,MISSING_OR_BLANK,
Works_Recommended.csv,19857,Sanction Date,MISSING_OR_BLANK,
Works_Recommended.csv,19858,Sanction Date,MISSING_OR_BLANK,
Works_Recommended.csv,19859,Sanction Date,MISSING_OR_BLANK,
Works_Recommended.csv,19860,Sanction Date,MISSING_OR_BLANK,
Works_Recommended.csv,19861,Sanction Date,MISSING_OR_BLANK,
Works_Recommended.csv,19862,Sanction Date,MISSING_OR_BLANK,
Works_Recommended.csv,19863,Sanction Date,MISSING_OR_BLANK,
Works_Recommended.csv,19864,Sanction Date,MISSING_OR_BLANK,
Works_Recommended.csv,19867,Sanction Date,MISSING_OR_BLANK,
Works_Recommended.csv,19872,Sanction Date,MISSING_OR_BLANK,
Works_Recommended.csv,19873,Sanction Date,MISSING_OR_BLANK,
Works_Recommended.csv,19874,Sanction Date,MISSING_OR_BLANK,
Works_Recommended.csv,19877,Sanction Date,MISSING_OR_BLANK,
Works_Recommended.csv,19881,Sanction Date,MISSING_OR_BLANK,
Works_Recommended.csv,19886,Sanction Date,MISSING_OR_BLANK,
Works_Recommended.csv,19889,Sanction Date,MISSING_OR_BLANK,
Works_Recommended.csv,19890,Sanction Date,MISSING_OR_BLANK,
Works_Recommended.csv,19891,Sanction Date,MISSING_OR_BLANK,
Works_Recommended.csv,19899,Sanction Date,MISSING_OR_BLANK,
Works_Recommended.csv,19900,Sanction Date,MISSING_OR_BLANK,
Works_Recommended.csv,19901,Sanction Date,MISSING_OR_BLANK,
Works_Recommended.csv,19910,Sanction Date,MISSING_OR_BLANK,
Works_Recommended.csv,19912,Sanction Date,MISSING_OR_BLANK,
Works_Recommended.csv,19913,Sanction Date,MISSING_OR_BLANK,
Works_Recommended.csv,19914,Sanction Date,MISSING_OR_BLANK,
Works_Recommended.csv,19915,Sanction Date,MISSING_OR_BLANK,
Works_Recommended.csv,19916,Sanction Date,MISSING_OR_BLANK,
Works_Recommended.csv,19917,Sanction Date,MISSING_OR_BLANK,
Works_Recommended.csv,19919,Sanction Date,MISSING_OR_BLANK,
Works_Recommended.csv,19920,Sanction Date,MISSING_OR_BLANK,
Works_Recommended.csv,19921,Sanction Date,MISSING_OR_BLANK,
Works_Recommended.csv,19922,Sanction Date,MISSING_OR_BLANK,
Works_Recommended.csv,19923,Sanction Date,MISSING_OR_BLANK,
Works_Recommended.csv,19924,Sanction Date,MISSING_OR_BLANK,
Works_Recommended.csv,19925,Sanction Date,MISSING_OR_BLANK,
Works_Recommended.csv,19926,Sanction Date,MISSING_OR_BLANK,
Works_Recommended.csv,19927,Sanction Date,MISSING_OR_BLANK,
Works_Recommended.csv,19928,Sanction Date,MISSING_OR_BLANK,
Works_Recommended.csv,19929,Sanction Date,MISSING_OR_BLANK,
Works_Recommended.csv,19930,Sanction Date,MISSING_OR_BLANK,
Works_Recommended.csv,19931,Sanction Date,MISSING_OR_BLANK,
Works_Recommended.csv,19932,Sanction Date,MISSING_OR_BLANK,
Works_Recommended.csv,19934,Sanction Date,MISSING_OR_BLANK,
Works_Recommended.csv,19935,Sanction Date,MISSING_OR_BLANK,
Works_Recommended.csv,19936,Sanction Date,MISSING_OR_BLANK,
Works_Recommended.csv,19937,Sanction Date,MISSING_OR_BLANK,
Works_Recommended.csv,19938,Sanction Date,MISSING_OR_BLANK,
Works_Recommended.csv,19939,Sanction Date,MISSING_OR_BLANK,
Works_Recommended.csv,19940,Sanction Date,MISSING_OR_BLANK,
Works_Recommended.csv,19941,Sanction Date,MISSING_OR_BLANK,
Works_Recommended.csv,19942,Sanction Date,MISSING_OR_BLANK,
Works_Recommended.csv,19943,Sanction Date,MISSING_OR_BLANK,
Works_Recommended.csv,19944,Sanction Date,MISSING_OR_BLANK,
Works_Recommended.csv,19945,Sanction Date,MISSING_OR_BLANK,
Works_Recommended.csv,19946,Sanction Date,MISSING_OR_BLANK,
Works_Recommended.csv,19947,Sanction Date,MISSING_OR_BLANK,
Works_Recommended.csv,19948,Sanction Date,MISSING_OR_BLANK,
Works_Recommended.csv,19949,Sanction Date,MISSING_OR_BLANK,
Works_Recommended.csv,19950,Sanction Date,MISSING_OR_BLANK,
Works_Recommended.csv,19951,Sanction Date,MISSING_OR_BLANK,
Works_Recommended.csv,19952,Sanction Date,MISSING_OR_BLANK,
Works_Recommended.csv,19953,Sanction Date,MISSING_OR_BLANK,
Works_Recommended.csv,19954,Sanction Date,MISSING_OR_BLANK,
Works_Recommended.csv,19955,Sanction Date,MISSING_OR_BLANK,
Works_Recommended.csv,19956,Sanction Date,MISSING_OR_BLANK,
Works_Recommended.csv,19957,Sanction Date,MISSING_OR_BLANK,
Works_Recommended.csv,19958,Sanction Date,MISSING_OR_BLANK,
Works_Recommended.csv,19959,Sanction Date,MISSING_OR_BLANK,
Works_Recommended.csv,19960,Sanction Date,MISSING_OR_BLANK,
Works_Recommended.csv,19961,Sanction Date,MISSING_OR_BLANK,
Works_Recommended.csv,19962,Sanction Date,MISSING_OR_BLANK,
Works_Recommended.csv,19963,Sanction Date,MISSING_OR_BLANK,
Works_Recommended.csv,19964,Sanction Date,MISSING_OR_BLANK,
Works_Recommended.csv,19965,Sanction Date,MISSING_OR_BLANK,
Works_Recommended.csv,19966,Sanction Date,MISSING_OR_BLANK,
Works_Recommended.csv,19967,Sanction Date,MISSING_OR_BLANK,
Works_Recommended.csv,19968,Sanction Date,MISSING_OR_BLANK,
Works_Recommended.csv,19969,Sanction Date,MISSING_OR_BLANK,
Works_Recommended.csv,19970,Sanction Date,MISSING_OR_BLANK,
Works_Recommended.csv,19971,Sanction Date,MISSING_OR_BLANK,
Works_Recommended.csv,19972,Sanction Date,MISSING_OR_BLANK,
Works_Recommended.csv,19973,Sanction Date,MISSING_OR_BLANK,
Works_Recommended.csv,19974,Sanction Date,MISSING_OR_BLANK,
Works_Recommended.csv,19975,Sanction Date,MISSING_OR_BLANK,
Works_Recommended.csv,19976,Sanction Date,MISSING_OR_BLANK,
Works_Recommended.csv,19977,Sanction Date,MISSING_OR_BLANK,
Works_Recommended.csv,19978,Sanction Date,MISSING_OR_BLANK,
Works_Recommended.csv,19979,Sanction Date,MISSING_OR_BLANK,
Works_Recommended.csv,19980,Sanction Date,MISSING_OR_BLANK,
Works_Recommended.csv,19981,Sanction Date,MISSING_OR_BLANK,
Works_Recommended.csv,19982,Sanction Date,MISSING_OR_BLANK,
Works_Recommended.csv,19983,Sanction Date,MISSING_OR_BLANK,
Works_Recommended.csv,19984,Sanction Date,MISSING_OR_BLANK,
Works_Recommended.csv,19985,Sanction Date,MISSING_OR_BLANK,
Works_Recommended.csv,19986,Sanction Date,MISSING_OR_BLANK,
Works_Recommended.csv,19987,Sanction Date,MISSING_OR_BLANK,
Works_Recommended.csv,19988,Sanction Date,MISSING_OR_BLANK,
Works_Recommended.csv,19989,Sanction Date,MISSING_OR_BLANK,
Works_Recommended.csv,19990,Sanction Date,MISSING_OR_BLANK,
Works_Recommended.csv,19991,Sanction Date,MISSING_OR_BLANK,
Works_Recommended.csv,19992,Sanction Date,MISSING_OR_BLANK,
Works_Recommended.csv,19993,Sanction Date,MISSING_OR_BLANK,
Works_Recommended.csv,19994,Sanction Date,MISSING_OR_BLANK,
Works_Recommended.csv,19995,Sanction Date,MISSING_OR_BLANK,
Works_Recommended.csv,19996,Sanction Date,MISSING_OR_BLANK,
Works_Recommended.csv,19997,Sanction Date,MISSING_OR_BLANK,
Works_Recommended.csv,19998,Sanction Date,MISSING_OR_BLANK,
Works_Recommended.csv,19999,Sanction Date,MISSING_OR_BLANK,
Works_Recommended.csv,20000,Sanction Date,MISSING_OR_BLANK,
Works_Recommended.csv,20001,Sanction Date,MISSING_OR_BLANK,
Works_Recommended.csv,20003,Sanction Date,MISSING_OR_BLANK,
Works_Recommended.csv,20004,Sanction Date,MISSING_OR_BLANK,
Works_Recommended.csv,20005,Sanction Date,MISSING_OR_BLANK,
Works_Recommended.csv,20006,Sanction Date,MISSING_OR_BLANK,
Works_Recommended.csv,20007,Sanction Date,MISSING_OR_BLANK,
Works_Recommended.csv,20008,Sanction Date,MISSING_OR_BLANK,
Works_Recommended.csv,20009,Sanction Date,MISSING_OR_BLANK,
Works_Recommended.csv,20010,Sanction Date,MISSING_OR_BLANK,
Works_Recommended.csv,20011,Sanction Date,MISSING_OR_BLANK,
Works_Recommended.csv,20012,Sanction Date,MISSING_OR_BLANK,
Works_Recommended.csv,20017,Sanction Date,MISSING_OR_BLANK,
Works_Recommended.csv,20018,Sanction Date,MISSING_OR_BLANK,
Works_Recommended.csv,20019,Sanction Date,MISSING_OR_BLANK,
Works_Recommended.csv,20020,Sanction Date,MISSING_OR_BLANK,
Works_Recommended.csv,20021,Sanction Date,MISSING_OR_BLANK,
Works_Recommended.csv,20022,Sanction Date,MISSING_OR_BLANK,
Works_Recommended.csv,20032,Sanction Date,MISSING_OR_BLANK,
Works_Recommended.csv,20033,Sanction Date,MISSING_OR_BLANK,
Works_Recommended.csv,20034,Sanction Date,MISSING_OR_BLANK,
Works_Recommended.csv,20035,Sanction Date,MISSING_OR_BLANK,
Works_Recommended.csv,20037,Sanction Date,MISSING_OR_BLANK,
Works_Recommended.csv,20038,Sanction Date,MISSING_OR_BLANK,
Works_Recommended.csv,20039,Sanction Date,MISSING_OR_BLANK,
Works_Recommended.csv,20040,Sanction Date,MISSING_OR_BLANK,
Works_Recommended.csv,20041,Sanction Date,MISSING_OR_BLANK,
Works_Recommended.csv,20042,Sanction Date,MISSING_OR_BLANK,
Works_Recommended.csv,20043,Sanction Date,MISSING_OR_BLANK,
Works_Recommended.csv,20044,Sanction Date,MISSING_OR_BLANK,
Works_Recommended.csv,20045,Sanction Date,MISSING_OR_BLANK,
Works_Recommended.csv,20046,Sanction Date,MISSING_OR_BLANK,
Works_Recommended.csv,20047,Sanction Date,MISSING_OR_BLANK,
Works_Recommended.csv,20048,Sanction Date,MISSING_OR_BLANK,
Works_Recommended.csv,20049,Sanction Date,MISSING_OR_BLANK,
Works_Recommended.csv,20051,Sanction Date,MISSING_OR_BLANK,
Works_Recommended.csv,20052,Sanction Date,MISSING_OR_BLANK,
Works_Recommended.csv,20054,Sanction Date,MISSING_OR_BLANK,
Works_Recommended.csv,20057,Sanction Date,MISSING_OR_BLANK,
Works_Recommended.csv,20058,Sanction Date,MISSING_OR_BLANK,
Works_Recommended.csv,20062,Sanction Date,MISSING_OR_BLANK,
Works_Recommended.csv,20063,Sanction Date,MISSING_OR_BLANK,
Works_Recommended.csv,20064,Sanction Date,MISSING_OR_BLANK,
Works_Recommended.csv,20067,Sanction Date,MISSING_OR_BLANK,
Works_Recommended.csv,20069,Sanction Date,MISSING_OR_BLANK,
Works_Recommended.csv,20073,Sanction Date,MISSING_OR_BLANK,
Works_Recommended.csv,20074,Sanction Date,MISSING_OR_BLANK,
Works_Recommended.csv,20080,Sanction Date,MISSING_OR_BLANK,
Works_Recommended.csv,20099,Sanction Date,MISSING_OR_BLANK,
Works_Recommended.csv,20105,Sanction Date,MISSING_OR_BLANK,
Works_Recommended.csv,20108,Sanction Date,MISSING_OR_BLANK,
Works_Recommended.csv,20109,Sanction Date,MISSING_OR_BLANK,
Works_Recommended.csv,20112,Sanction Date,MISSING_OR_BLANK,
Works_Recommended.csv,20113,Sanction Date,MISSING_OR_BLANK,
Works_Recommended.csv,20114,Sanction Date,MISSING_OR_BLANK,
Works_Recommended.csv,20115,Sanction Date,MISSING_OR_BLANK,
Works_Recommended.csv,20116,Sanction Date,MISSING_OR_BLANK,
Works_Recommended.csv,20117,Sanction Date,MISSING_OR_BLANK,
Works_Recommended.csv,20118,Sanction Date,MISSING_OR_BLANK,
Works_Recommended.csv,20119,Sanction Date,MISSING_OR_BLANK,
Works_Recommended.csv,20120,Sanction Date,MISSING_OR_BLANK,
Works_Recommended.csv,20121,Sanction Date,MISSING_OR_BLANK,
Works_Recommended.csv,20122,Sanction Date,MISSING_OR_BLANK,
Works_Recommended.csv,20123,Sanction Date,MISSING_OR_BLANK,
Works_Recommended.csv,20126,Sanction Date,MISSING_OR_BLANK,
Works_Recommended.csv,20133,Sanction Date,MISSING_OR_BLANK,
Works_Recommended.csv,20134,Sanction Date,MISSING_OR_BLANK,
Works_Recommended.csv,20137,Sanction Date,MISSING_OR_BLANK,
Works_Recommended.csv,20138,Sanction Date,MISSING_OR_BLANK,
Works_Recommended.csv,20140,Sanction Date,MISSING_OR_BLANK,
Works_Recommended.csv,20141,Sanction Date,MISSING_OR_BLANK,
Works_Recommended.csv,20145,Sanction Date,MISSING_OR_BLANK,
Works_Recommended.csv,20149,Sanction Date,MISSING_OR_BLANK,
Works_Recommended.csv,20150,Sanction Date,MISSING_OR_BLANK,
Works_Recommended.csv,20151,Sanction Date,MISSING_OR_BLANK,
Works_Recommended.csv,20154,Sanction Date,MISSING_OR_BLANK,
Works_Recommended.csv,20155,Sanction Date,MISSING_OR_BLANK,
Works_Recommended.csv,20162,Sanction Date,MISSING_OR_BLANK,
Works_Recommended.csv,20163,Sanction Date,MISSING_OR_BLANK,
Works_Recommended.csv,20167,Sanction Date,MISSING_OR_BLANK,
Works_Recommended.csv,20174,Sanction Date,MISSING_OR_BLANK,
Works_Recommended.csv,20175,Sanction Date,MISSING_OR_BLANK,
Works_Recommended.csv,20176,Sanction Date,MISSING_OR_BLANK,
Works_Recommended.csv,20179,Sanction Date,MISSING_OR_BLANK,
Works_Recommended.csv,20180,Sanction Date,MISSING_OR_BLANK,
Works_Recommended.csv,20181,Sanction Date,MISSING_OR_BLANK,
Works_Recommended.csv,20182,Sanction Date,MISSING_OR_BLANK,
Works_Recommended.csv,20183,Sanction Date,MISSING_OR_BLANK,
Works_Recommended.csv,20184,Sanction Date,MISSING_OR_BLANK,
Works_Recommended.csv,20185,Sanction Date,MISSING_OR_BLANK,
Works_Recommended.csv,20186,Sanction Date,MISSING_OR_BLANK,
Works_Recommended.csv,20187,Sanction Date,MISSING_OR_BLANK,
Works_Recommended.csv,20188,Sanction Date,MISSING_OR_BLANK,
Works_Recommended.csv,20189,Sanction Date,MISSING_OR_BLANK,
Works_Recommended.csv,20190,Sanction Date,MISSING_OR_BLANK,
Works_Recommended.csv,20191,Sanction Date,MISSING_OR_BLANK,
Works_Recommended.csv,20192,Sanction Date,MISSING_OR_BLANK,
Works_Recommended.csv,20193,Sanction Date,MISSING_OR_BLANK,
Works_Recommended.csv,20194,Sanction Date,MISSING_OR_BLANK,
Works_Recommended.csv,20195,Sanction Date,MISSING_OR_BLANK,
Works_Recommended.csv,20232,Sanction Date,MISSING_OR_BLANK,
Works_Recommended.csv,20233,Sanction Date,MISSING_OR_BLANK,
Works_Recommended.csv,20234,Sanction Date,MISSING_OR_BLANK,
Works_Recommended.csv,20237,Sanction Date,MISSING_OR_BLANK,
Works_Recommended.csv,20238,Sanction Date,MISSING_OR_BLANK,
Works_Recommended.csv,20239,Sanction Date,MISSING_OR_BLANK,
Works_Recommended.csv,20240,Sanction Date,MISSING_OR_BLANK,
Works_Recommended.csv,20245,Sanction Date,MISSING_OR_BLANK,
Works_Recommended.csv,20246,Sanction Date,MISSING_OR_BLANK,
Works_Recommended.csv,20248,Sanction Date,MISSING_OR_BLANK,
Works_Recommended.csv,20249,Sanction Date,MISSING_OR_BLANK,
Works_Recommended.csv,20250,Sanction Date,MISSING_OR_BLANK,
Works_Recommended.csv,20251,Sanction Date,MISSING_OR_BLANK,
Works_Recommended.csv,20252,Sanction Date,MISSING_OR_BLANK,
Works_Recommended.csv,20253,Sanction Date,MISSING_OR_BLANK,
Works_Recommended.csv,20254,Sanction Date,MISSING_OR_BLANK,
Works_Recommended.csv,20256,Sanction Date,MISSING_OR_BLANK,
Works_Recommended.csv,20258,Sanction Date,MISSING_OR_BLANK,
Works_Recommended.csv,20262,Sanction Date,MISSING_OR_BLANK,
Works_Recommended.csv,20263,Sanction Date,MISSING_OR_BLANK,
Works_Recommended.csv,20264,Sanction Date,MISSING_OR_BLANK,
Works_Recommended.csv,20272,Sanction Date,MISSING_OR_BLANK,
Works_Recommended.csv,20274,Sanction Date,MISSING_OR_BLANK,
Works_Recommended.csv,20290,Sanction Date,MISSING_OR_BLANK,
Works_Recommended.csv,20292,Sanction Date,MISSING_OR_BLANK,
Works_Recommended.csv,20293,Sanction Date,MISSING_OR_BLANK,
Works_Recommended.csv,20294,Sanction Date,MISSING_OR_BLANK,
Works_Recommended.csv,20295,Sanction Date,MISSING_OR_BLANK,
Works_Recommended.csv,20296,Sanction Date,MISSING_OR_BLANK,
Works_Recommended.csv,20297,Sanction Date,MISSING_OR_BLANK,
Works_Recommended.csv,20298,Sanction Date,MISSING_OR_BLANK,
Works_Recommended.csv,20299,Sanction Date,MISSING_OR_BLANK,
Works_Recommended.csv,20300,Sanction Date,MISSING_OR_BLANK,
Works_Recommended.csv,20301,Sanction Date,MISSING_OR_BLANK,
Works_Recommended.csv,20302,Sanction Date,MISSING_OR_BLANK,
Works_Recommended.csv,20303,Sanction Date,MISSING_OR_BLANK,
Works_Recommended.csv,20319,Sanction Date,MISSING_OR_BLANK,
Works_Recommended.csv,20320,Sanction Date,MISSING_OR_BLANK,
Works_Recommended.csv,20321,Sanction Date,MISSING_OR_BLANK,
Works_Recommended.csv,20322,Sanction Date,MISSING_OR_BLANK,
Works_Recommended.csv,20323,Sanction Date,MISSING_OR_BLANK,
Works_Recommended.csv,20324,Sanction Date,MISSING_OR_BLANK,
Works_Recommended.csv,20325,Sanction Date,MISSING_OR_BLANK,
Works_Recommended.csv,20326,Sanction Date,MISSING_OR_BLANK,
Works_Recommended.csv,20327,Sanction Date,MISSING_OR_BLANK,
Works_Recommended.csv,20328,Sanction Date,MISSING_OR_BLANK,
Works_Recommended.csv,20329,Sanction Date,MISSING_OR_BLANK,
Works_Recommended.csv,20330,Sanction Date,MISSING_OR_BLANK,
Works_Recommended.csv,20331,Sanction Date,MISSING_OR_BLANK,
Works_Recommended.csv,20332,Sanction Date,MISSING_OR_BLANK,
Works_Recommended.csv,20333,Sanction Date,MISSING_OR_BLANK,
Works_Recommended.csv,20334,Sanction Date,MISSING_OR_BLANK,
Works_Recommended.csv,20335,Sanction Date,MISSING_OR_BLANK,
Works_Recommended.csv,20336,Sanction Date,MISSING_OR_BLANK,
Works_Recommended.csv,20337,Sanction Date,MISSING_OR_BLANK,
Works_Recommended.csv,20338,Sanction Date,MISSING_OR_BLANK,
Works_Recommended.csv,20339,Sanction Date,MISSING_OR_BLANK,
Works_Recommended.csv,20340,Sanction Date,MISSING_OR_BLANK,
Works_Recommended.csv,20341,Sanction Date,MISSING_OR_BLANK,
Works_Recommended.csv,20342,Sanction Date,MISSING_OR_BLANK,
Works_Recommended.csv,20343,Sanction Date,MISSING_OR_BLANK,
Works_Recommended.csv,20344,Sanction Date,MISSING_OR_BLANK,
Works_Recommended.csv,20345,Sanction Date,MISSING_OR_BLANK,
Works_Recommended.csv,20346,Sanction Date,MISSING_OR_BLANK,
Works_Recommended.csv,20347,Sanction Date,MISSING_OR_BLANK,
Works_Recommended.csv,20348,Sanction Date,MISSING_OR_BLANK,
Works_Recommended.csv,20349,Sanction Date,MISSING_OR_BLANK,
Works_Recommended.csv,20350,Sanction Date,MISSING_OR_BLANK,
Works_Recommended.csv,20351,Sanction Date,MISSING_OR_BLANK,
Works_Recommended.csv,20352,Sanction Date,MISSING_OR_BLANK,
Works_Recommended.csv,20353,Sanction Date,MISSING_OR_BLANK,
Works_Recommended.csv,20354,Sanction Date,MISSING_OR_BLANK,
Works_Recommended.csv,20355,Sanction Date,MISSING_OR_BLANK,
Works_Recommended.csv,20356,Sanction Date,MISSING_OR_BLANK,
Works_Recommended.csv,20360,Sanction Date,MISSING_OR_BLANK,
Works_Recommended.csv,20362,Sanction Date,MISSING_OR_BLANK,
Works_Recommended.csv,20364,Sanction Date,MISSING_OR_BLANK,
Works_Recommended.csv,20365,Sanction Date,MISSING_OR_BLANK,
Works_Recommended.csv,20366,Sanction Date,MISSING_OR_BLANK,
Works_Recommended.csv,20367,Sanction Date,MISSING_OR_BLANK,
Works_Recommended.csv,20368,Sanction Date,MISSING_OR_BLANK,
Works_Recommended.csv,20369,Sanction Date,MISSING_OR_BLANK,
Works_Recommended.csv,20370,Sanction Date,MISSING_OR_BLANK,
Works_Recommended.csv,20371,Sanction Date,MISSING_OR_BLANK,
Works_Recommended.csv,20372,Sanction Date,MISSING_OR_BLANK,
Works_Recommended.csv,20373,Sanction Date,MISSING_OR_BLANK,
Works_Recommended.csv,20374,Sanction Date,MISSING_OR_BLANK,
Works_Recommended.csv,20375,Sanction Date,MISSING_OR_BLANK,
Works_Recommended.csv,20376,Sanction Date,MISSING_OR_BLANK,
Works_Recommended.csv,20377,Sanction Date,MISSING_OR_BLANK,
Works_Recommended.csv,20378,Sanction Date,MISSING_OR_BLANK,
Works_Recommended.csv,20386,Sanction Date,MISSING_OR_BLANK,
Works_Recommended.csv,20387,Sanction Date,MISSING_OR_BLANK,
Works_Recommended.csv,20388,Sanction Date,MISSING_OR_BLANK,
Works_Recommended.csv,20389,Sanction Date,MISSING_OR_BLANK,
Works_Recommended.csv,20390,Sanction Date,MISSING_OR_BLANK,
Works_Recommended.csv,20391,Sanction Date,MISSING_OR_BLANK,
Works_Recommended.csv,20392,Sanction Date,MISSING_OR_BLANK,
Works_Recommended.csv,20393,Sanction Date,MISSING_OR_BLANK,
Works_Recommended.csv,20394,Sanction Date,MISSING_OR_BLANK,
Works_Recommended.csv,20395,Sanction Date,MISSING_OR_BLANK,
Works_Recommended.csv,20396,Sanction Date,MISSING_OR_BLANK,
Works_Recommended.csv,20397,Sanction Date,MISSING_OR_BLANK,
Works_Recommended.csv,20398,Sanction Date,MISSING_OR_BLANK,
Works_Recommended.csv,20408,Sanction Date,MISSING_OR_BLANK,
Works_Recommended.csv,20410,Sanction Date,MISSING_OR_BLANK,
Works_Recommended.csv,20411,Sanction Date,MISSING_OR_BLANK,
Works_Recommended.csv,20412,Sanction Date,MISSING_OR_BLANK,
Works_Recommended.csv,20413,Sanction Date,MISSING_OR_BLANK,
Works_Recommended.csv,20414,Sanction Date,MISSING_OR_BLANK,
Works_Recommended.csv,20415,Sanction Date,MISSING_OR_BLANK,
Works_Recommended.csv,20416,Sanction Date,MISSING_OR_BLANK,
Works_Recommended.csv,20417,Sanction Date,MISSING_OR_BLANK,
Works_Recommended.csv,20418,Sanction Date,MISSING_OR_BLANK,
Works_Recommended.csv,20419,Sanction Date,MISSING_OR_BLANK,
Works_Recommended.csv,20420,Sanction Date,MISSING_OR_BLANK,
Works_Recommended.csv,20421,Sanction Date,MISSING_OR_BLANK,
Works_Recommended.csv,20422,Sanction Date,MISSING_OR_BLANK,
Works_Recommended.csv,20423,Sanction Date,MISSING_OR_BLANK,
Works_Recommended.csv,20424,Sanction Date,MISSING_OR_BLANK,
Works_Recommended.csv,20425,Sanction Date,MISSING_OR_BLANK,
Works_Recommended.csv,20426,Sanction Date,MISSING_OR_BLANK,
Works_Recommended.csv,20427,Sanction Date,MISSING_OR_BLANK,
Works_Recommended.csv,20428,Sanction Date,MISSING_OR_BLANK,
Works_Recommended.csv,20429,Sanction Date,MISSING_OR_BLANK,
Works_Recommended.csv,20430,Sanction Date,MISSING_OR_BLANK,
Works_Recommended.csv,20431,Sanction Date,MISSING_OR_BLANK,
Works_Recommended.csv,20432,Sanction Date,MISSING_OR_BLANK,
Works_Recommended.csv,20434,Sanction Date,MISSING_OR_BLANK,
Works_Recommended.csv,20435,Sanction Date,MISSING_OR_BLANK,
Works_Recommended.csv,20436,Sanction Date,MISSING_OR_BLANK,
Works_Recommended.csv,20437,Sanction Date,MISSING_OR_BLANK,
Works_Recommended.csv,20438,Sanction Date,MISSING_OR_BLANK,
Works_Recommended.csv,20439,Sanction Date,MISSING_OR_BLANK,
Works_Recommended.csv,20440,Sanction Date,MISSING_OR_BLANK,
Works_Recommended.csv,20441,Sanction Date,MISSING_OR_BLANK,
Works_Recommended.csv,20442,Sanction Date,MISSING_OR_BLANK,
Works_Recommended.csv,20443,Sanction Date,MISSING_OR_BLANK,
Works_Recommended.csv,20444,Sanction Date,MISSING_OR_BLANK,
Works_Recommended.csv,20445,Sanction Date,MISSING_OR_BLANK,
Works_Recommended.csv,20446,Sanction Date,MISSING_OR_BLANK,
Works_Recommended.csv,20447,Sanction Date,MISSING_OR_BLANK,
Works_Recommended.csv,20448,Sanction Date,MISSING_OR_BLANK,
Works_Recommended.csv,20449,Sanction Date,MISSING_OR_BLANK,
Works_Recommended.csv,20451,Sanction Date,MISSING_OR_BLANK,
Works_Recommended.csv,20452,Sanction Date,MISSING_OR_BLANK,
Works_Recommended.csv,20455,Sanction Date,MISSING_OR_BLANK,
Works_Recommended.csv,20456,Sanction Date,MISSING_OR_BLANK,
Works_Recommended.csv,20457,Sanction Date,MISSING_OR_BLANK,
Works_Recommended.csv,20458,Sanction Date,MISSING_OR_BLANK,
Works_Recommended.csv,20459,Sanction Date,MISSING_OR_BLANK,
Works_Recommended.csv,20460,Sanction Date,MISSING_OR_BLANK,
Works_Recommended.csv,20468,Sanction Date,MISSING_OR_BLANK,
Works_Recommended.csv,20471,Sanction Date,MISSING_OR_BLANK,
Works_Recommended.csv,20472,Sanction Date,MISSING_OR_BLANK,
Works_Recommended.csv,20473,Sanction Date,MISSING_OR_BLANK,
Works_Recommended.csv,20474,Sanction Date,MISSING_OR_BLANK,
Works_Recommended.csv,20475,Sanction Date,MISSING_OR_BLANK,
Works_Recommended.csv,20476,Sanction Date,MISSING_OR_BLANK,
Works_Recommended.csv,20477,Sanction Date,MISSING_OR_BLANK,
Works_Recommended.csv,20495,Sanction Date,MISSING_OR_BLANK,
Works_Recommended.csv,20496,Sanction Date,MISSING_OR_BLANK,
Works_Recommended.csv,20497,Sanction Date,MISSING_OR_BLANK,
Works_Recommended.csv,20498,Sanction Date,MISSING_OR_BLANK,
Works_Recommended.csv,20501,Sanction Date,MISSING_OR_BLANK,
Works_Recommended.csv,20502,Sanction Date,MISSING_OR_BLANK,
Works_Recommended.csv,20503,Sanction Date,MISSING_OR_BLANK,
Works_Recommended.csv,20504,Sanction Date,MISSING_OR_BLANK,
Works_Recommended.csv,20505,Sanction Date,MISSING_OR_BLANK,
Works_Recommended.csv,20506,Sanction Date,MISSING_OR_BLANK,
Works_Recommended.csv,20507,Sanction Date,MISSING_OR_BLANK,
Works_Recommended.csv,20508,Sanction Date,MISSING_OR_BLANK,
Works_Recommended.csv,20509,Sanction Date,MISSING_OR_BLANK,
Works_Recommended.csv,20510,Sanction Date,MISSING_OR_BLANK,
Works_Recommended.csv,20511,Sanction Date,MISSING_OR_BLANK,
Works_Recommended.csv,20512,Sanction Date,MISSING_OR_BLANK,
Works_Recommended.csv,20513,Sanction Date,MISSING_OR_BLANK,
Works_Recommended.csv,20514,Sanction Date,MISSING_OR_BLANK,
Works_Recommended.csv,20515,Sanction Date,MISSING_OR_BLANK,
Works_Recommended.csv,20516,Sanction Date,MISSING_OR_BLANK,
Works_Recommended.csv,20517,Sanction Date,MISSING_OR_BLANK,
Works_Recommended.csv,20518,Sanction Date,MISSING_OR_BLANK,
Works_Recommended.csv,20519,Sanction Date,MISSING_OR_BLANK,
Works_Recommended.csv,20520,Sanction Date,MISSING_OR_BLANK,
Works_Recommended.csv,20521,Sanction Date,MISSING_OR_BLANK,
Works_Recommended.csv,20522,Sanction Date,MISSING_OR_BLANK,
Works_Recommended.csv,20523,Sanction Date,MISSING_OR_BLANK,
Works_Recommended.csv,20524,Sanction Date,MISSING_OR_BLANK,
Works_Recommended.csv,20525,Sanction Date,MISSING_OR_BLANK,
Works_Recommended.csv,20526,Sanction Date,MISSING_OR_BLANK,
Works_Recommended.csv,20527,Sanction Date,MISSING_OR_BLANK,
Works_Recommended.csv,20528,Sanction Date,MISSING_OR_BLANK,
Works_Recommended.csv,20532,Sanction Date,MISSING_OR_BLANK,
Works_Recommended.csv,20534,Sanction Date,MISSING_OR_BLANK,
Works_Recommended.csv,20535,Sanction Date,MISSING_OR_BLANK,
Works_Recommended.csv,20536,Sanction Date,MISSING_OR_BLANK,
Works_Recommended.csv,20548,Sanction Date,MISSING_OR_BLANK,
Works_Recommended.csv,20555,Sanction Date,MISSING_OR_BLANK,
Works_Recommended.csv,20557,Sanction Date,MISSING_OR_BLANK,
Works_Recommended.csv,20558,Sanction Date,MISSING_OR_BLANK,
Works_Recommended.csv,20559,Sanction Date,MISSING_OR_BLANK,
Works_Recommended.csv,20560,Sanction Date,MISSING_OR_BLANK,
Works_Recommended.csv,20561,Sanction Date,MISSING_OR_BLANK,
Works_Recommended.csv,20563,Sanction Date,MISSING_OR_BLANK,
Works_Recommended.csv,20564,Sanction Date,MISSING_OR_BLANK,
Works_Recommended.csv,20565,Sanction Date,MISSING_OR_BLANK,
Works_Recommended.csv,20566,Sanction Date,MISSING_OR_BLANK,
Works_Recommended.csv,20567,Sanction Date,MISSING_OR_BLANK,
Works_Recommended.csv,20568,Sanction Date,MISSING_OR_BLANK,
Works_Recommended.csv,20569,Sanction Date,MISSING_OR_BLANK,
Works_Recommended.csv,20570,Sanction Date,MISSING_OR_BLANK,
Works_Recommended.csv,20571,Sanction Date,MISSING_OR_BLANK,
Works_Recommended.csv,20572,Sanction Date,MISSING_OR_BLANK,
Works_Recommended.csv,20573,Sanction Date,MISSING_OR_BLANK,
Works_Recommended.csv,20574,Sanction Date,MISSING_OR_BLANK,
Works_Recommended.csv,20575,Sanction Date,MISSING_OR_BLANK,
Works_Recommended.csv,20576,Sanction Date,MISSING_OR_BLANK,
Works_Recommended.csv,20577,Sanction Date,MISSING_OR_BLANK,
Works_Recommended.csv,20579,Sanction Date,MISSING_OR_BLANK,
Works_Recommended.csv,20580,Sanction Date,MISSING_OR_BLANK,
Works_Recommended.csv,20581,Sanction Date,MISSING_OR_BLANK,
Works_Recommended.csv,20582,Sanction Date,MISSING_OR_BLANK,
Works_Recommended.csv,20586,Sanction Date,MISSING_OR_BLANK,
Works_Recommended.csv,20587,Sanction Date,MISSING_OR_BLANK,
Works_Recommended.csv,20588,Sanction Date,MISSING_OR_BLANK,
Works_Recommended.csv,20589,Sanction Date,MISSING_OR_BLANK,
Works_Recommended.csv,20590,Sanction Date,MISSING_OR_BLANK,
Works_Recommended.csv,20591,Sanction Date,MISSING_OR_BLANK,
Works_Recommended.csv,20592,Sanction Date,MISSING_OR_BLANK,
Works_Recommended.csv,20593,Sanction Date,MISSING_OR_BLANK,
Works_Recommended.csv,20594,Sanction Date,MISSING_OR_BLANK,
Works_Recommended.csv,20595,Sanction Date,MISSING_OR_BLANK,
Works_Recommended.csv,20596,Sanction Date,MISSING_OR_BLANK,
Works_Recommended.csv,20597,Sanction Date,MISSING_OR_BLANK,
Works_Recommended.csv,20598,Sanction Date,MISSING_OR_BLANK,
Works_Recommended.csv,20599,Sanction Date,MISSING_OR_BLANK,
Works_Recommended.csv,20600,Sanction Date,MISSING_OR_BLANK,
Works_Recommended.csv,20601,Sanction Date,MISSING_OR_BLANK,
Works_Recommended.csv,20602,Sanction Date,MISSING_OR_BLANK,
Works_Recommended.csv,20603,Sanction Date,MISSING_OR_BLANK,
Works_Recommended.csv,20604,Sanction Date,MISSING_OR_BLANK,
Works_Recommended.csv,20605,Sanction Date,MISSING_OR_BLANK,
Works_Recommended.csv,20606,Sanction Date,MISSING_OR_BLANK,
Works_Recommended.csv,20607,Sanction Date,MISSING_OR_BLANK,
Works_Recommended.csv,20608,Sanction Date,MISSING_OR_BLANK,
Works_Recommended.csv,20609,Sanction Date,MISSING_OR_BLANK,
Works_Recommended.csv,20613,Sanction Date,MISSING_OR_BLANK,
Works_Recommended.csv,20614,Sanction Date,MISSING_OR_BLANK,
Works_Recommended.csv,20616,Sanction Date,MISSING_OR_BLANK,
Works_Recommended.csv,20617,Sanction Date,MISSING_OR_BLANK,
Works_Recommended.csv,20630,Sanction Date,MISSING_OR_BLANK,
Works_Recommended.csv,20631,Sanction Date,MISSING_OR_BLANK,
Works_Recommended.csv,20632,Sanction Date,MISSING_OR_BLANK,
Works_Recommended.csv,20635,Sanction Date,MISSING_OR_BLANK,
Works_Recommended.csv,20636,Sanction Date,MISSING_OR_BLANK,
Works_Recommended.csv,20637,Sanction Date,MISSING_OR_BLANK,
Works_Recommended.csv,20638,Sanction Date,MISSING_OR_BLANK,
Works_Recommended.csv,20639,Sanction Date,MISSING_OR_BLANK,
Works_Recommended.csv,20640,Sanction Date,MISSING_OR_BLANK,
Works_Recommended.csv,20641,Sanction Date,MISSING_OR_BLANK,
Works_Recommended.csv,20642,Sanction Date,MISSING_OR_BLANK,
Works_Recommended.csv,20643,Sanction Date,MISSING_OR_BLANK,
Works_Recommended.csv,20644,Sanction Date,MISSING_OR_BLANK,
Works_Recommended.csv,20645,Sanction Date,MISSING_OR_BLANK,
Works_Recommended.csv,20646,Sanction Date,MISSING_OR_BLANK,
Works_Recommended.csv,20647,Sanction Date,MISSING_OR_BLANK,
Works_Recommended.csv,20648,Sanction Date,MISSING_OR_BLANK,
Works_Recommended.csv,20649,Sanction Date,MISSING_OR_BLANK,
Works_Recommended.csv,20650,Sanction Date,MISSING_OR_BLANK,
Works_Recommended.csv,20651,Sanction Date,MISSING_OR_BLANK,
Works_Recommended.csv,20652,Sanction Date,MISSING_OR_BLANK,
Works_Recommended.csv,20653,Sanction Date,MISSING_OR_BLANK,
Works_Recommended.csv,20654,Sanction Date,MISSING_OR_BLANK,
Works_Recommended.csv,20655,Sanction Date,MISSING_OR_BLANK,
Works_Recommended.csv,20656,Sanction Date,MISSING_OR_BLANK,
Works_Recommended.csv,20657,Sanction Date,MISSING_OR_BLANK,
Works_Recommended.csv,20658,Sanction Date,MISSING_OR_BLANK,
Works_Recommended.csv,20659,Sanction Date,MISSING_OR_BLANK,
Works_Recommended.csv,20660,Sanction Date,MISSING_OR_BLANK,
Works_Recommended.csv,20661,Sanction Date,MISSING_OR_BLANK,
Works_Recommended.csv,20662,Sanction Date,MISSING_OR_BLANK,
Works_Recommended.csv,20663,Sanction Date,MISSING_OR_BLANK,
Works_Recommended.csv,20664,Sanction Date,MISSING_OR_BLANK,
Works_Recommended.csv,20665,Sanction Date,MISSING_OR_BLANK,
Works_Recommended.csv,20666,Sanction Date,MISSING_OR_BLANK,
Works_Recommended.csv,20667,Sanction Date,MISSING_OR_BLANK,
Works_Recommended.csv,20668,Sanction Date,MISSING_OR_BLANK,
Works_Recommended.csv,20669,Sanction Date,MISSING_OR_BLANK,
Works_Recommended.csv,20670,Sanction Date,MISSING_OR_BLANK,
Works_Recommended.csv,20671,Sanction Date,MISSING_OR_BLANK,
Works_Recommended.csv,20672,Sanction Date,MISSING_OR_BLANK,
Works_Recommended.csv,20673,Sanction Date,MISSING_OR_BLANK,
Works_Recommended.csv,20674,Sanction Date,MISSING_OR_BLANK,
Works_Recommended.csv,20675,Sanction Date,MISSING_OR_BLANK,
Works_Recommended.csv,20676,Sanction Date,MISSING_OR_BLANK,
Works_Recommended.csv,20677,Sanction Date,MISSING_OR_BLANK,
Works_Recommended.csv,20680,Sanction Date,MISSING_OR_BLANK,
Works_Recommended.csv,20681,Sanction Date,MISSING_OR_BLANK,
Works_Recommended.csv,20683,Sanction Date,MISSING_OR_BLANK,
Works_Recommended.csv,20685,Sanction Date,MISSING_OR_BLANK,
Works_Recommended.csv,20686,Sanction Date,MISSING_OR_BLANK,
Works_Recommended.csv,20690,Sanction Date,MISSING_OR_BLANK,
Works_Recommended.csv,20691,Sanction Date,MISSING_OR_BLANK,
Works_Recommended.csv,20692,Sanction Date,MISSING_OR_BLANK,
Works_Recommended.csv,20693,Sanction Date,MISSING_OR_BLANK,
Works_Recommended.csv,20694,Sanction Date,MISSING_OR_BLANK,
Works_Recommended.csv,20695,Sanction Date,MISSING_OR_BLANK,
Works_Recommended.csv,20696,Sanction Date,MISSING_OR_BLANK,
Works_Recommended.csv,20697,Sanction Date,MISSING_OR_BLANK,
Works_Recommended.csv,20698,Sanction Date,MISSING_OR_BLANK,
Works_Recommended.csv,20699,Sanction Date,MISSING_OR_BLANK,
Works_Recommended.csv,20700,Sanction Date,MISSING_OR_BLANK,
Works_Recommended.csv,20701,Sanction Date,MISSING_OR_BLANK,
Works_Recommended.csv,20702,Sanction Date,MISSING_OR_BLANK,
Works_Recommended.csv,20703,Sanction Date,MISSING_OR_BLANK,
Works_Recommended.csv,20704,Sanction Date,MISSING_OR_BLANK,
Works_Recommended.csv,20705,Sanction Date,MISSING_OR_BLANK,
Works_Recommended.csv,20706,Sanction Date,MISSING_OR_BLANK,
Works_Recommended.csv,20707,Sanction Date,MISSING_OR_BLANK,
Works_Recommended.csv,20708,Sanction Date,MISSING_OR_BLANK,
Works_Recommended.csv,20709,Sanction Date,MISSING_OR_BLANK,
Works_Recommended.csv,20710,Sanction Date,MISSING_OR_BLANK,
Works_Recommended.csv,20711,Sanction Date,MISSING_OR_BLANK,
Works_Recommended.csv,20712,Sanction Date,MISSING_OR_BLANK,
Works_Recommended.csv,20713,Sanction Date,MISSING_OR_BLANK,
Works_Recommended.csv,20714,Sanction Date,MISSING_OR_BLANK,
Works_Recommended.csv,20720,Sanction Date,MISSING_OR_BLANK,
Works_Recommended.csv,20721,Sanction Date,MISSING_OR_BLANK,
Works_Recommended.csv,20722,Sanction Date,MISSING_OR_BLANK,
Works_Recommended.csv,20723,Sanction Date,MISSING_OR_BLANK,
Works_Recommended.csv,20729,Sanction Date,MISSING_OR_BLANK,
Works_Recommended.csv,20731,Sanction Date,MISSING_OR_BLANK,
Works_Recommended.csv,20743,Sanction Date,MISSING_OR_BLANK,
Works_Recommended.csv,20744,Sanction Date,MISSING_OR_BLANK,
Works_Recommended.csv,20745,Sanction Date,MISSING_OR_BLANK,
Works_Recommended.csv,20746,Sanction Date,MISSING_OR_BLANK,
Works_Recommended.csv,20747,Sanction Date,MISSING_OR_BLANK,
Works_Recommended.csv,20748,Sanction Date,MISSING_OR_BLANK,
Works_Recommended.csv,20749,Sanction Date,MISSING_OR_BLANK,
Works_Recommended.csv,20750,Sanction Date,MISSING_OR_BLANK,
Works_Recommended.csv,20751,Sanction Date,MISSING_OR_BLANK,
Works_Recommended.csv,20752,Sanction Date,MISSING_OR_BLANK,
Works_Recommended.csv,20753,Sanction Date,MISSING_OR_BLANK,
Works_Recommended.csv,20754,Sanction Date,MISSING_OR_BLANK,
Works_Recommended.csv,20755,Sanction Date,MISSING_OR_BLANK,
Works_Recommended.csv,20756,Sanction Date,MISSING_OR_BLANK,
Works_Recommended.csv,20757,Sanction Date,MISSING_OR_BLANK,
Works_Recommended.csv,20762,Sanction Date,MISSING_OR_BLANK,
Works_Recommended.csv,20763,Sanction Date,MISSING_OR_BLANK,
Works_Recommended.csv,20764,Sanction Date,MISSING_OR_BLANK,
Works_Recommended.csv,20765,Sanction Date,MISSING_OR_BLANK,
Works_Recommended.csv,20767,Sanction Date,MISSING_OR_BLANK,
Works_Recommended.csv,20768,Sanction Date,MISSING_OR_BLANK,
Works_Recommended.csv,20769,Sanction Date,MISSING_OR_BLANK,
Works_Recommended.csv,20770,Sanction Date,MISSING_OR_BLANK,
Works_Recommended.csv,20773,Sanction Date,MISSING_OR_BLANK,
Works_Recommended.csv,20774,Sanction Date,MISSING_OR_BLANK,
Works_Recommended.csv,20775,Sanction Date,MISSING_OR_BLANK,
Works_Recommended.csv,20776,Sanction Date,MISSING_OR_BLANK,
Works_Recommended.csv,20777,Sanction Date,MISSING_OR_BLANK,
Works_Recommended.csv,20778,Sanction Date,MISSING_OR_BLANK,
Works_Recommended.csv,20779,Sanction Date,MISSING_OR_BLANK,
Works_Recommended.csv,20780,Sanction Date,MISSING_OR_BLANK,
Works_Recommended.csv,20781,Sanction Date,MISSING_OR_BLANK,
Works_Recommended.csv,20784,Sanction Date,MISSING_OR_BLANK,
Works_Recommended.csv,20785,Sanction Date,MISSING_OR_BLANK,
Works_Recommended.csv,20786,Sanction Date,MISSING_OR_BLANK,
Works_Recommended.csv,20787,Sanction Date,MISSING_OR_BLANK,
Works_Recommended.csv,20788,Sanction Date,MISSING_OR_BLANK,
Works_Recommended.csv,20791,Sanction Date,MISSING_OR_BLANK,
Works_Recommended.csv,20792,Sanction Date,MISSING_OR_BLANK,
Works_Recommended.csv,20794,Sanction Date,MISSING_OR_BLANK,
Works_Recommended.csv,20795,Sanction Date,MISSING_OR_BLANK,
Works_Recommended.csv,20796,Sanction Date,MISSING_OR_BLANK,
Works_Recommended.csv,20797,Sanction Date,MISSING_OR_BLANK,
Works_Recommended.csv,20798,Sanction Date,MISSING_OR_BLANK,
Works_Recommended.csv,20799,Sanction Date,MISSING_OR_BLANK,
Works_Recommended.csv,20800,Sanction Date,MISSING_OR_BLANK,
Works_Recommended.csv,20802,Sanction Date,MISSING_OR_BLANK,
Works_Recommended.csv,20804,Sanction Date,MISSING_OR_BLANK,
Works_Recommended.csv,20805,Sanction Date,MISSING_OR_BLANK,
Works_Recommended.csv,20806,Sanction Date,MISSING_OR_BLANK,
Works_Recommended.csv,20813,Sanction Date,MISSING_OR_BLANK,
Works_Recommended.csv,20815,Sanction Date,MISSING_OR_BLANK,
Works_Recommended.csv,20816,Sanction Date,MISSING_OR_BLANK,
Works_Recommended.csv,20817,Sanction Date,MISSING_OR_BLANK,
Works_Recommended.csv,20818,Sanction Date,MISSING_OR_BLANK,
Works_Recommended.csv,20819,Sanction Date,MISSING_OR_BLANK,
Works_Recommended.csv,20820,Sanction Date,MISSING_OR_BLANK,
Works_Recommended.csv,20821,Sanction Date,MISSING_OR_BLANK,
Works_Recommended.csv,20822,Sanction Date,MISSING_OR_BLANK,
Works_Recommended.csv,20823,Sanction Date,MISSING_OR_BLANK,
Works_Recommended.csv,20824,Sanction Date,MISSING_OR_BLANK,
Works_Recommended.csv,20825,Sanction Date,MISSING_OR_BLANK,
Works_Recommended.csv,20826,Sanction Date,MISSING_OR_BLANK,
Works_Recommended.csv,20835,Sanction Date,MISSING_OR_BLANK,
Works_Recommended.csv,20836,Sanction Date,MISSING_OR_BLANK,
Works_Recommended.csv,20837,Sanction Date,MISSING_OR_BLANK,
Works_Recommended.csv,20838,Sanction Date,MISSING_OR_BLANK,
Works_Recommended.csv,20840,Sanction Date,MISSING_OR_BLANK,
Works_Recommended.csv,20841,Sanction Date,MISSING_OR_BLANK,
Works_Recommended.csv,20844,Sanction Date,MISSING_OR_BLANK,
Works_Recommended.csv,20845,Sanction Date,MISSING_OR_BLANK,
Works_Recommended.csv,20846,Sanction Date,MISSING_OR_BLANK,
Works_Recommended.csv,20847,Sanction Date,MISSING_OR_BLANK,
Works_Recommended.csv,20848,Sanction Date,MISSING_OR_BLANK,
Works_Recommended.csv,20849,Sanction Date,MISSING_OR_BLANK,
Works_Recommended.csv,20850,Sanction Date,MISSING_OR_BLANK,
Works_Recommended.csv,20851,Sanction Date,MISSING_OR_BLANK,
Works_Recommended.csv,20852,Sanction Date,MISSING_OR_BLANK,
Works_Recommended.csv,20853,Sanction Date,MISSING_OR_BLANK,
Works_Recommended.csv,20855,Sanction Date,MISSING_OR_BLANK,
Works_Recommended.csv,20856,Sanction Date,MISSING_OR_BLANK,
Works_Recommended.csv,20857,Sanction Date,MISSING_OR_BLANK,
Works_Recommended.csv,20858,Sanction Date,MISSING_OR_BLANK,
Works_Recommended.csv,20859,Sanction Date,MISSING_OR_BLANK,
Works_Recommended.csv,20860,Sanction Date,MISSING_OR_BLANK,
Works_Recommended.csv,20872,Sanction Date,MISSING_OR_BLANK,
Works_Recommended.csv,20876,Sanction Date,MISSING_OR_BLANK,
Works_Recommended.csv,20877,Sanction Date,MISSING_OR_BLANK,
Works_Recommended.csv,20878,Sanction Date,MISSING_OR_BLANK,
Works_Recommended.csv,20879,Sanction Date,MISSING_OR_BLANK,
Works_Recommended.csv,20880,Sanction Date,MISSING_OR_BLANK,
Works_Recommended.csv,20888,Sanction Date,MISSING_OR_BLANK,
Works_Recommended.csv,20891,Sanction Date,MISSING_OR_BLANK,
Works_Recommended.csv,20892,Sanction Date,MISSING_OR_BLANK,
Works_Recommended.csv,20898,Sanction Date,MISSING_OR_BLANK,
Works_Recommended.csv,20901,Sanction Date,MISSING_OR_BLANK,
Works_Recommended.csv,20902,Sanction Date,MISSING_OR_BLANK,
Works_Recommended.csv,20903,Sanction Date,MISSING_OR_BLANK,
Works_Recommended.csv,20904,Sanction Date,MISSING_OR_BLANK,
Works_Recommended.csv,20905,Sanction Date,MISSING_OR_BLANK,
Works_Recommended.csv,20906,Sanction Date,MISSING_OR_BLANK,
Works_Recommended.csv,20915,Sanction Date,MISSING_OR_BLANK,
Works_Recommended.csv,20916,Sanction Date,MISSING_OR_BLANK,
Works_Recommended.csv,20930,Sanction Date,MISSING_OR_BLANK,
Works_Recommended.csv,20931,Sanction Date,MISSING_OR_BLANK,
Works_Recommended.csv,20933,Sanction Date,MISSING_OR_BLANK,
Works_Recommended.csv,20934,Sanction Date,MISSING_OR_BLANK,
Works_Recommended.csv,20936,Sanction Date,MISSING_OR_BLANK,
Works_Recommended.csv,20959,Sanction Date,MISSING_OR_BLANK,
Works_Recommended.csv,20960,Sanction Date,MISSING_OR_BLANK,
Works_Recommended.csv,20961,Sanction Date,MISSING_OR_BLANK,
Works_Recommended.csv,20962,Sanction Date,MISSING_OR_BLANK,
Works_Recommended.csv,20963,Sanction Date,MISSING_OR_BLANK,
Works_Recommended.csv,20964,Sanction Date,MISSING_OR_BLANK,
Works_Recommended.csv,20965,Sanction Date,MISSING_OR_BLANK,
Works_Recommended.csv,20966,Sanction Date,MISSING_OR_BLANK,
Works_Recommended.csv,20967,Sanction Date,MISSING_OR_BLANK,
Works_Recommended.csv,20968,Sanction Date,MISSING_OR_BLANK,
Works_Recommended.csv,20969,Sanction Date,MISSING_OR_BLANK,
Works_Recommended.csv,20970,Sanction Date,MISSING_OR_BLANK,
Works_Recommended.csv,20971,Sanction Date,MISSING_OR_BLANK,
Works_Recommended.csv,20972,Sanction Date,MISSING_OR_BLANK,
Works_Recommended.csv,20973,Sanction Date,MISSING_OR_BLANK,
Works_Recommended.csv,20974,Sanction Date,MISSING_OR_BLANK,
Works_Recommended.csv,20975,Sanction Date,MISSING_OR_BLANK,
Works_Recommended.csv,20976,Sanction Date,MISSING_OR_BLANK,
Works_Recommended.csv,20977,Sanction Date,MISSING_OR_BLANK,
Works_Recommended.csv,20978,Sanction Date,MISSING_OR_BLANK,
Works_Recommended.csv,20979,Sanction Date,MISSING_OR_BLANK,
Works_Recommended.csv,20981,Sanction Date,MISSING_OR_BLANK,
Works_Recommended.csv,20983,Sanction Date,MISSING_OR_BLANK,
Works_Recommended.csv,20985,Sanction Date,MISSING_OR_BLANK,
Works_Recommended.csv,20986,Sanction Date,MISSING_OR_BLANK,
Works_Recommended.csv,20987,Sanction Date,MISSING_OR_BLANK,
Works_Recommended.csv,20988,Sanction Date,MISSING_OR_BLANK,
Works_Recommended.csv,20990,Sanction Date,MISSING_OR_BLANK,
Works_Recommended.csv,20991,Sanction Date,MISSING_OR_BLANK,
Works_Recommended.csv,20992,Sanction Date,MISSING_OR_BLANK,
Works_Recommended.csv,20993,Sanction Date,MISSING_OR_BLANK,
Works_Recommended.csv,20994,Sanction Date,MISSING_OR_BLANK,
Works_Recommended.csv,20995,Sanction Date,MISSING_OR_BLANK,
Works_Recommended.csv,20996,Sanction Date,MISSING_OR_BLANK,
Works_Recommended.csv,20997,Sanction Date,MISSING_OR_BLANK,
Works_Recommended.csv,20998,Sanction Date,MISSING_OR_BLANK,
Works_Recommended.csv,21006,Sanction Date,MISSING_OR_BLANK,
Works_Recommended.csv,21007,Sanction Date,MISSING_OR_BLANK,
Works_Recommended.csv,21008,Sanction Date,MISSING_OR_BLANK,
Works_Recommended.csv,21009,Sanction Date,MISSING_OR_BLANK,
Works_Recommended.csv,21010,Sanction Date,MISSING_OR_BLANK,
Works_Recommended.csv,21011,Sanction Date,MISSING_OR_BLANK,
Works_Recommended.csv,21012,Sanction Date,MISSING_OR_BLANK,
Works_Recommended.csv,21013,Sanction Date,MISSING_OR_BLANK,
Works_Recommended.csv,21020,Sanction Date,MISSING_OR_BLANK,
Works_Recommended.csv,21021,Sanction Date,MISSING_OR_BLANK,
Works_Recommended.csv,21022,Sanction Date,MISSING_OR_BLANK,
Works_Recommended.csv,21023,Sanction Date,MISSING_OR_BLANK,
Works_Recommended.csv,21024,Sanction Date,MISSING_OR_BLANK,
Works_Recommended.csv,21025,Sanction Date,MISSING_OR_BLANK,
Works_Recommended.csv,21026,Sanction Date,MISSING_OR_BLANK,
Works_Recommended.csv,21027,Sanction Date,MISSING_OR_BLANK,
Works_Recommended.csv,21028,Sanction Date,MISSING_OR_BLANK,
Works_Recommended.csv,21029,Sanction Date,MISSING_OR_BLANK,
Works_Recommended.csv,21040,Sanction Date,MISSING_OR_BLANK,
Works_Recommended.csv,21041,Sanction Date,MISSING_OR_BLANK,
Works_Recommended.csv,21042,Sanction Date,MISSING_OR_BLANK,
Works_Recommended.csv,21043,Sanction Date,MISSING_OR_BLANK,
Works_Recommended.csv,21045,Sanction Date,MISSING_OR_BLANK,
Works_Recommended.csv,21046,Sanction Date,MISSING_OR_BLANK,
Works_Recommended.csv,21047,Sanction Date,MISSING_OR_BLANK,
Works_Recommended.csv,21048,Sanction Date,MISSING_OR_BLANK,
Works_Recommended.csv,21055,Sanction Date,MISSING_OR_BLANK,
Works_Recommended.csv,21056,Sanction Date,MISSING_OR_BLANK,
Works_Recommended.csv,21057,Sanction Date,MISSING_OR_BLANK,
Works_Recommended.csv,21060,Sanction Date,MISSING_OR_BLANK,
Works_Recommended.csv,21061,Sanction Date,MISSING_OR_BLANK,
Works_Recommended.csv,21062,Sanction Date,MISSING_OR_BLANK,
Works_Recommended.csv,21063,Sanction Date,MISSING_OR_BLANK,
Works_Recommended.csv,21064,Sanction Date,MISSING_OR_BLANK,
Works_Recommended.csv,21070,Sanction Date,MISSING_OR_BLANK,
Works_Recommended.csv,21100,Sanction Date,MISSING_OR_BLANK,
Works_Recommended.csv,21101,Sanction Date,MISSING_OR_BLANK,
Works_Recommended.csv,21120,Sanction Date,MISSING_OR_BLANK,
Works_Recommended.csv,21125,Sanction Date,MISSING_OR_BLANK,
Works_Recommended.csv,21126,Sanction Date,MISSING_OR_BLANK,
Works_Recommended.csv,21127,Sanction Date,MISSING_OR_BLANK,
Works_Recommended.csv,21128,Sanction Date,MISSING_OR_BLANK,
Works_Recommended.csv,21129,Sanction Date,MISSING_OR_BLANK,
Works_Recommended.csv,21130,Sanction Date,MISSING_OR_BLANK,
Works_Recommended.csv,21132,Sanction Date,MISSING_OR_BLANK,
Works_Recommended.csv,21133,Sanction Date,MISSING_OR_BLANK,
Works_Recommended.csv,21134,Sanction Date,MISSING_OR_BLANK,
Works_Recommended.csv,21135,Sanction Date,MISSING_OR_BLANK,
Works_Recommended.csv,21136,Sanction Date,MISSING_OR_BLANK,
Works_Recommended.csv,21137,Sanction Date,MISSING_OR_BLANK,
Works_Recommended.csv,21138,Sanction Date,MISSING_OR_BLANK,
Works_Recommended.csv,21139,Sanction Date,MISSING_OR_BLANK,
Works_Recommended.csv,21140,Sanction Date,MISSING_OR_BLANK,
Works_Recommended.csv,21141,Sanction Date,MISSING_OR_BLANK,
Works_Recommended.csv,21142,Sanction Date,MISSING_OR_BLANK,
Works_Recommended.csv,21143,Sanction Date,MISSING_OR_BLANK,
Works_Recommended.csv,21144,Sanction Date,MISSING_OR_BLANK,
Works_Recommended.csv,21145,Sanction Date,MISSING_OR_BLANK,
Works_Recommended.csv,21146,Sanction Date,MISSING_OR_BLANK,
Works_Recommended.csv,21147,Sanction Date,MISSING_OR_BLANK,
Works_Recommended.csv,21150,Sanction Date,MISSING_OR_BLANK,
Works_Recommended.csv,21151,Sanction Date,MISSING_OR_BLANK,
Works_Recommended.csv,21154,Sanction Date,MISSING_OR_BLANK,
Works_Recommended.csv,21155,Sanction Date,MISSING_OR_BLANK,
Works_Recommended.csv,21156,Sanction Date,MISSING_OR_BLANK,
Works_Recommended.csv,21157,Sanction Date,MISSING_OR_BLANK,
Works_Recommended.csv,21159,Sanction Date,MISSING_OR_BLANK,
Works_Recommended.csv,21160,Sanction Date,MISSING_OR_BLANK,
Works_Recommended.csv,21162,Sanction Date,MISSING_OR_BLANK,
Works_Recommended.csv,21180,Sanction Date,MISSING_OR_BLANK,
Works_Recommended.csv,21181,Sanction Date,MISSING_OR_BLANK,
Works_Recommended.csv,21182,Sanction Date,MISSING_OR_BLANK,
Works_Recommended.csv,21183,Sanction Date,MISSING_OR_BLANK,
Works_Recommended.csv,21184,Sanction Date,MISSING_OR_BLANK,
Works_Recommended.csv,21185,Sanction Date,MISSING_OR_BLANK,
Works_Recommended.csv,21186,Sanction Date,MISSING_OR_BLANK,
Works_Recommended.csv,21187,Sanction Date,MISSING_OR_BLANK,
Works_Recommended.csv,21188,Sanction Date,MISSING_OR_BLANK,
Works_Recommended.csv,21189,Sanction Date,MISSING_OR_BLANK,
Works_Recommended.csv,21190,Sanction Date,MISSING_OR_BLANK,
Works_Recommended.csv,21191,Sanction Date,MISSING_OR_BLANK,
Works_Recommended.csv,21192,Sanction Date,MISSING_OR_BLANK,
Works_Recommended.csv,21194,Sanction Date,MISSING_OR_BLANK,
Works_Recommended.csv,21195,Sanction Date,MISSING_OR_BLANK,
Works_Recommended.csv,21196,Sanction Date,MISSING_OR_BLANK,
Works_Recommended.csv,21197,Sanction Date,MISSING_OR_BLANK,
Works_Recommended.csv,21198,Sanction Date,MISSING_OR_BLANK,
Works_Recommended.csv,21199,Sanction Date,MISSING_OR_BLANK,
Works_Recommended.csv,21200,Sanction Date,MISSING_OR_BLANK,
Works_Recommended.csv,21201,Sanction Date,MISSING_OR_BLANK,
Works_Recommended.csv,21202,Sanction Date,MISSING_OR_BLANK,
Works_Recommended.csv,21204,Sanction Date,MISSING_OR_BLANK,
Works_Recommended.csv,21205,Sanction Date,MISSING_OR_BLANK,
Works_Recommended.csv,21206,Sanction Date,MISSING_OR_BLANK,
Works_Recommended.csv,21207,Sanction Date,MISSING_OR_BLANK,
Works_Recommended.csv,21211,Sanction Date,MISSING_OR_BLANK,
Works_Recommended.csv,21212,Sanction Date,MISSING_OR_BLANK,
Works_Recommended.csv,21213,Sanction Date,MISSING_OR_BLANK,
Works_Recommended.csv,21215,Sanction Date,MISSING_OR_BLANK,
Works_Recommended.csv,21219,Sanction Date,MISSING_OR_BLANK,
Works_Recommended.csv,21220,Sanction Date,MISSING_OR_BLANK,
Works_Recommended.csv,21225,Sanction Date,MISSING_OR_BLANK,
Works_Recommended.csv,21226,Sanction Date,MISSING_OR_BLANK,
Works_Recommended.csv,21227,Sanction Date,MISSING_OR_BLANK,
Works_Recommended.csv,21228,Sanction Date,MISSING_OR_BLANK,
Works_Recommended.csv,21229,Sanction Date,MISSING_OR_BLANK,
Works_Recommended.csv,21230,Sanction Date,MISSING_OR_BLANK,
Works_Recommended.csv,21231,Sanction Date,MISSING_OR_BLANK,
Works_Recommended.csv,21232,Sanction Date,MISSING_OR_BLANK,
Works_Recommended.csv,21233,Sanction Date,MISSING_OR_BLANK,
Works_Recommended.csv,21234,Sanction Date,MISSING_OR_BLANK,
Works_Recommended.csv,21235,Sanction Date,MISSING_OR_BLANK,
Works_Recommended.csv,21237,Sanction Date,MISSING_OR_BLANK,
Works_Recommended.csv,21238,Sanction Date,MISSING_OR_BLANK,
Works_Recommended.csv,21239,Sanction Date,MISSING_OR_BLANK,
Works_Recommended.csv,21240,Sanction Date,MISSING_OR_BLANK,
Works_Recommended.csv,21241,Sanction Date,MISSING_OR_BLANK,
Works_Recommended.csv,21242,Sanction Date,MISSING_OR_BLANK,
Works_Recommended.csv,21243,Sanction Date,MISSING_OR_BLANK,
Works_Recommended.csv,21244,Sanction Date,MISSING_OR_BLANK,
Works_Recommended.csv,21245,Sanction Date,MISSING_OR_BLANK,
Works_Recommended.csv,21246,Sanction Date,MISSING_OR_BLANK,
Works_Recommended.csv,21247,Sanction Date,MISSING_OR_BLANK,
Works_Recommended.csv,21248,Sanction Date,MISSING_OR_BLANK,
Works_Recommended.csv,21249,Sanction Date,MISSING_OR_BLANK,
Works_Recommended.csv,21250,Sanction Date,MISSING_OR_BLANK,
Works_Recommended.csv,21251,Sanction Date,MISSING_OR_BLANK,
Works_Recommended.csv,21252,Sanction Date,MISSING_OR_BLANK,
Works_Recommended.csv,21253,Sanction Date,MISSING_OR_BLANK,
Works_Recommended.csv,21254,Sanction Date,MISSING_OR_BLANK,
Works_Recommended.csv,21255,Sanction Date,MISSING_OR_BLANK,
Works_Recommended.csv,21256,Sanction Date,MISSING_OR_BLANK,
Works_Recommended.csv,21257,Sanction Date,MISSING_OR_BLANK,
Works_Recommended.csv,21258,Sanction Date,MISSING_OR_BLANK,
Works_Recommended.csv,21260,Sanction Date,MISSING_OR_BLANK,
Works_Recommended.csv,21261,Sanction Date,MISSING_OR_BLANK,
Works_Recommended.csv,21262,Sanction Date,MISSING_OR_BLANK,
Works_Recommended.csv,21263,Sanction Date,MISSING_OR_BLANK,
Works_Recommended.csv,21264,Sanction Date,MISSING_OR_BLANK,
Works_Recommended.csv,21265,Sanction Date,MISSING_OR_BLANK,
Works_Recommended.csv,21266,Sanction Date,MISSING_OR_BLANK,
Works_Recommended.csv,21267,Sanction Date,MISSING_OR_BLANK,
Works_Recommended.csv,21268,Sanction Date,MISSING_OR_BLANK,
Works_Recommended.csv,21269,Sanction Date,MISSING_OR_BLANK,
Works_Recommended.csv,21272,Sanction Date,MISSING_OR_BLANK,
Works_Recommended.csv,21273,Sanction Date,MISSING_OR_BLANK,
Works_Recommended.csv,21280,Sanction Date,MISSING_OR_BLANK,
Works_Recommended.csv,21281,Sanction Date,MISSING_OR_BLANK,
Works_Recommended.csv,21282,Sanction Date,MISSING_OR_BLANK,
Works_Recommended.csv,21283,Sanction Date,MISSING_OR_BLANK,
Works_Recommended.csv,21284,Sanction Date,MISSING_OR_BLANK,
Works_Recommended.csv,21285,Sanction Date,MISSING_OR_BLANK,
Works_Recommended.csv,21286,Sanction Date,MISSING_OR_BLANK,
Works_Recommended.csv,21287,Sanction Date,MISSING_OR_BLANK,
Works_Recommended.csv,21288,Sanction Date,MISSING_OR_BLANK,
Works_Recommended.csv,21289,Sanction Date,MISSING_OR_BLANK,
Works_Recommended.csv,21290,Sanction Date,MISSING_OR_BLANK,
Works_Recommended.csv,21291,Sanction Date,MISSING_OR_BLANK,
Works_Recommended.csv,21292,Sanction Date,MISSING_OR_BLANK,
Works_Recommended.csv,21309,Sanction Date,MISSING_OR_BLANK,
Works_Recommended.csv,21310,Sanction Date,MISSING_OR_BLANK,
Works_Recommended.csv,21311,Sanction Date,MISSING_OR_BLANK,
Works_Recommended.csv,21312,Sanction Date,MISSING_OR_BLANK,
Works_Recommended.csv,21313,Sanction Date,MISSING_OR_BLANK,
Works_Recommended.csv,21317,Sanction Date,MISSING_OR_BLANK,
Works_Recommended.csv,21319,Sanction Date,MISSING_OR_BLANK,
Works_Recommended.csv,21320,Sanction Date,MISSING_OR_BLANK,
Works_Recommended.csv,21321,Sanction Date,MISSING_OR_BLANK,
Works_Recommended.csv,21322,Sanction Date,MISSING_OR_BLANK,
Works_Recommended.csv,21324,Sanction Date,MISSING_OR_BLANK,
Works_Recommended.csv,21325,Sanction Date,MISSING_OR_BLANK,
Works_Recommended.csv,21326,Sanction Date,MISSING_OR_BLANK,
Works_Recommended.csv,21327,Sanction Date,MISSING_OR_BLANK,
Works_Recommended.csv,21328,Sanction Date,MISSING_OR_BLANK,
Works_Recommended.csv,21329,Sanction Date,MISSING_OR_BLANK,
Works_Recommended.csv,21330,Sanction Date,MISSING_OR_BLANK,
Works_Recommended.csv,21332,Sanction Date,MISSING_OR_BLANK,
Works_Recommended.csv,21333,Sanction Date,MISSING_OR_BLANK,
Works_Recommended.csv,21334,Sanction Date,MISSING_OR_BLANK,
Works_Recommended.csv,21335,Sanction Date,MISSING_OR_BLANK,
Works_Recommended.csv,21336,Sanction Date,MISSING_OR_BLANK,
Works_Recommended.csv,21337,Sanction Date,MISSING_OR_BLANK,
Works_Recommended.csv,21338,Sanction Date,MISSING_OR_BLANK,
Works_Recommended.csv,21339,Sanction Date,MISSING_OR_BLANK,
Works_Recommended.csv,21340,Sanction Date,MISSING_OR_BLANK,
Works_Recommended.csv,21341,Sanction Date,MISSING_OR_BLANK,
Works_Recommended.csv,21342,Sanction Date,MISSING_OR_BLANK,
Works_Recommended.csv,21343,Sanction Date,MISSING_OR_BLANK,
Works_Recommended.csv,21345,Sanction Date,MISSING_OR_BLANK,
Works_Recommended.csv,21346,Sanction Date,MISSING_OR_BLANK,
Works_Recommended.csv,21347,Sanction Date,MISSING_OR_BLANK,
Works_Recommended.csv,21348,Sanction Date,MISSING_OR_BLANK,
Works_Recommended.csv,21349,Sanction Date,MISSING_OR_BLANK,
Works_Recommended.csv,21350,Sanction Date,MISSING_OR_BLANK,
Works_Recommended.csv,21351,Sanction Date,MISSING_OR_BLANK,
Works_Recommended.csv,21352,Sanction Date,MISSING_OR_BLANK,
Works_Recommended.csv,21353,Sanction Date,MISSING_OR_BLANK,
Works_Recommended.csv,21354,Sanction Date,MISSING_OR_BLANK,
Works_Recommended.csv,21355,Sanction Date,MISSING_OR_BLANK,
Works_Recommended.csv,21356,Sanction Date,MISSING_OR_BLANK,
Works_Recommended.csv,21357,Sanction Date,MISSING_OR_BLANK,
Works_Recommended.csv,21358,Sanction Date,MISSING_OR_BLANK,
Works_Recommended.csv,21359,Sanction Date,MISSING_OR_BLANK,
Works_Recommended.csv,21360,Sanction Date,MISSING_OR_BLANK,
Works_Recommended.csv,21361,Sanction Date,MISSING_OR_BLANK,
Works_Recommended.csv,21362,Sanction Date,MISSING_OR_BLANK,
Works_Recommended.csv,21363,Sanction Date,MISSING_OR_BLANK,
Works_Recommended.csv,21364,Sanction Date,MISSING_OR_BLANK,
Works_Recommended.csv,21365,Sanction Date,MISSING_OR_BLANK,
Works_Recommended.csv,21366,Sanction Date,MISSING_OR_BLANK,
Works_Recommended.csv,21367,Sanction Date,MISSING_OR_BLANK,
Works_Recommended.csv,21368,Sanction Date,MISSING_OR_BLANK,
Works_Recommended.csv,21369,Sanction Date,MISSING_OR_BLANK,
Works_Recommended.csv,21370,Sanction Date,MISSING_OR_BLANK,
Works_Recommended.csv,21371,Sanction Date,MISSING_OR_BLANK,
Works_Recommended.csv,21372,Sanction Date,MISSING_OR_BLANK,
Works_Recommended.csv,21373,Sanction Date,MISSING_OR_BLANK,
Works_Recommended.csv,21374,Sanction Date,MISSING_OR_BLANK,
Works_Recommended.csv,21375,Sanction Date,MISSING_OR_BLANK,
Works_Recommended.csv,21376,Sanction Date,MISSING_OR_BLANK,
Works_Recommended.csv,21377,Sanction Date,MISSING_OR_BLANK,
Works_Recommended.csv,21378,Sanction Date,MISSING_OR_BLANK,
Works_Recommended.csv,21380,Sanction Date,MISSING_OR_BLANK,
Works_Recommended.csv,21381,Sanction Date,MISSING_OR_BLANK,
Works_Recommended.csv,21382,Sanction Date,MISSING_OR_BLANK,
Works_Recommended.csv,21383,Sanction Date,MISSING_OR_BLANK,
Works_Recommended.csv,21384,Sanction Date,MISSING_OR_BLANK,
Works_Recommended.csv,21385,Sanction Date,MISSING_OR_BLANK,
Works_Recommended.csv,21386,Sanction Date,MISSING_OR_BLANK,
Works_Recommended.csv,21387,Sanction Date,MISSING_OR_BLANK,
Works_Recommended.csv,21388,Sanction Date,MISSING_OR_BLANK,
Works_Recommended.csv,21389,Sanction Date,MISSING_OR_BLANK,
Works_Recommended.csv,21390,Sanction Date,MISSING_OR_BLANK,
Works_Recommended.csv,21391,Sanction Date,MISSING_OR_BLANK,
Works_Recommended.csv,21392,Sanction Date,MISSING_OR_BLANK,
Works_Recommended.csv,21393,Sanction Date,MISSING_OR_BLANK,
Works_Recommended.csv,21394,Sanction Date,MISSING_OR_BLANK,
Works_Recommended.csv,21395,Sanction Date,MISSING_OR_BLANK,
Works_Recommended.csv,21396,Sanction Date,MISSING_OR_BLANK,
Works_Recommended.csv,21397,Sanction Date,MISSING_OR_BLANK,
Works_Recommended.csv,21398,Sanction Date,MISSING_OR_BLANK,
Works_Recommended.csv,21399,Sanction Date,MISSING_OR_BLANK,
Works_Recommended.csv,21400,Sanction Date,MISSING_OR_BLANK,
Works_Recommended.csv,21401,Sanction Date,MISSING_OR_BLANK,
Works_Recommended.csv,21402,Sanction Date,MISSING_OR_BLANK,
Works_Recommended.csv,21403,Sanction Date,MISSING_OR_BLANK,
Works_Recommended.csv,21404,Sanction Date,MISSING_OR_BLANK,
Works_Recommended.csv,21405,Sanction Date,MISSING_OR_BLANK,
Works_Recommended.csv,21406,Sanction Date,MISSING_OR_BLANK,
Works_Recommended.csv,21407,Sanction Date,MISSING_OR_BLANK,
Works_Recommended.csv,21408,Sanction Date,MISSING_OR_BLANK,
Works_Recommended.csv,21409,Sanction Date,MISSING_OR_BLANK,
Works_Recommended.csv,21411,Sanction Date,MISSING_OR_BLANK,
Works_Recommended.csv,21412,Sanction Date,MISSING_OR_BLANK,
Works_Recommended.csv,21413,Sanction Date,MISSING_OR_BLANK,
Works_Recommended.csv,21414,Sanction Date,MISSING_OR_BLANK,
Works_Recommended.csv,21415,Sanction Date,MISSING_OR_BLANK,
Works_Recommended.csv,21416,Sanction Date,MISSING_OR_BLANK,
Works_Recommended.csv,21417,Sanction Date,MISSING_OR_BLANK,
Works_Recommended.csv,21418,Sanction Date,MISSING_OR_BLANK,
Works_Recommended.csv,21419,Sanction Date,MISSING_OR_BLANK,
Works_Recommended.csv,21421,Sanction Date,MISSING_OR_BLANK,
Works_Recommended.csv,21422,Sanction Date,MISSING_OR_BLANK,
Works_Recommended.csv,21423,Sanction Date,MISSING_OR_BLANK,
Works_Recommended.csv,21424,Sanction Date,MISSING_OR_BLANK,
Works_Recommended.csv,21425,Sanction Date,MISSING_OR_BLANK,
Works_Recommended.csv,21426,Sanction Date,MISSING_OR_BLANK,
Works_Recommended.csv,21427,Sanction Date,MISSING_OR_BLANK,
Works_Recommended.csv,21428,Sanction Date,MISSING_OR_BLANK,
Works_Recommended.csv,21429,Sanction Date,MISSING_OR_BLANK,
Works_Recommended.csv,21430,Sanction Date,MISSING_OR_BLANK,
Works_Recommended.csv,21431,Sanction Date,MISSING_OR_BLANK,
Works_Recommended.csv,21432,Sanction Date,MISSING_OR_BLANK,
Works_Recommended.csv,21433,Sanction Date,MISSING_OR_BLANK,
Works_Recommended.csv,21434,Sanction Date,MISSING_OR_BLANK,
Works_Recommended.csv,21435,Sanction Date,MISSING_OR_BLANK,
Works_Recommended.csv,21436,Sanction Date,MISSING_OR_BLANK,
Works_Recommended.csv,21437,Sanction Date,MISSING_OR_BLANK,
Works_Recommended.csv,21438,Sanction Date,MISSING_OR_BLANK,
Works_Recommended.csv,21439,Sanction Date,MISSING_OR_BLANK,
Works_Recommended.csv,21440,Sanction Date,MISSING_OR_BLANK,
Works_Recommended.csv,21441,Sanction Date,MISSING_OR_BLANK,
Works_Recommended.csv,21442,Sanction Date,MISSING_OR_BLANK,
Works_Recommended.csv,21443,Sanction Date,MISSING_OR_BLANK,
Works_Recommended.csv,21444,Sanction Date,MISSING_OR_BLANK,
Works_Recommended.csv,21445,Sanction Date,MISSING_OR_BLANK,
Works_Recommended.csv,21446,Sanction Date,MISSING_OR_BLANK,
Works_Recommended.csv,21447,Sanction Date,MISSING_OR_BLANK,
Works_Recommended.csv,21448,Sanction Date,MISSING_OR_BLANK,
Works_Recommended.csv,21449,Sanction Date,MISSING_OR_BLANK,
Works_Recommended.csv,21450,Sanction Date,MISSING_OR_BLANK,
Works_Recommended.csv,21451,Sanction Date,MISSING_OR_BLANK,
Works_Recommended.csv,21452,Sanction Date,MISSING_OR_BLANK,
Works_Recommended.csv,21453,Sanction Date,MISSING_OR_BLANK,
Works_Recommended.csv,21454,Sanction Date,MISSING_OR_BLANK,
Works_Recommended.csv,21455,Sanction Date,MISSING_OR_BLANK,
Works_Recommended.csv,21456,Sanction Date,MISSING_OR_BLANK,
Works_Recommended.csv,21457,Sanction Date,MISSING_OR_BLANK,
Works_Recommended.csv,21458,Sanction Date,MISSING_OR_BLANK,
Works_Recommended.csv,21459,Sanction Date,MISSING_OR_BLANK,
Works_Recommended.csv,21460,Sanction Date,MISSING_OR_BLANK,
Works_Recommended.csv,21461,Sanction Date,MISSING_OR_BLANK,
Works_Recommended.csv,21462,Sanction Date,MISSING_OR_BLANK,
Works_Recommended.csv,21463,Sanction Date,MISSING_OR_BLANK,
Works_Recommended.csv,21464,Sanction Date,MISSING_OR_BLANK,
Works_Recommended.csv,21465,Sanction Date,MISSING_OR_BLANK,
Works_Recommended.csv,21466,Sanction Date,MISSING_OR_BLANK,
Works_Recommended.csv,21467,Sanction Date,MISSING_OR_BLANK,
Works_Recommended.csv,21468,Sanction Date,MISSING_OR_BLANK,
Works_Recommended.csv,21469,Sanction Date,MISSING_OR_BLANK,
Works_Recommended.csv,21470,Sanction Date,MISSING_OR_BLANK,
Works_Recommended.csv,21472,Sanction Date,MISSING_OR_BLANK,
Works_Recommended.csv,21473,Sanction Date,MISSING_OR_BLANK,
Works_Recommended.csv,21474,Sanction Date,MISSING_OR_BLANK,
Works_Recommended.csv,21475,Sanction Date,MISSING_OR_BLANK,
Works_Recommended.csv,21476,Sanction Date,MISSING_OR_BLANK,
Works_Recommended.csv,21477,Sanction Date,MISSING_OR_BLANK,
Works_Recommended.csv,21478,Sanction Date,MISSING_OR_BLANK,
Works_Recommended.csv,21479,Sanction Date,MISSING_OR_BLANK,
Works_Recommended.csv,21480,Sanction Date,MISSING_OR_BLANK,
Works_Recommended.csv,21481,Sanction Date,MISSING_OR_BLANK,
Works_Recommended.csv,21482,Sanction Date,MISSING_OR_BLANK,
Works_Recommended.csv,21483,Sanction Date,MISSING_OR_BLANK,
Works_Recommended.csv,21495,Sanction Date,MISSING_OR_BLANK,
Works_Recommended.csv,21497,Sanction Date,MISSING_OR_BLANK,
Works_Recommended.csv,21498,Sanction Date,MISSING_OR_BLANK,
Works_Recommended.csv,21500,Sanction Date,MISSING_OR_BLANK,
Works_Recommended.csv,21505,Sanction Date,MISSING_OR_BLANK,
Works_Recommended.csv,21507,Sanction Date,MISSING_OR_BLANK,
Works_Recommended.csv,21510,Sanction Date,MISSING_OR_BLANK,
Works_Recommended.csv,21514,Sanction Date,MISSING_OR_BLANK,
Works_Recommended.csv,21517,Sanction Date,MISSING_OR_BLANK,
Works_Recommended.csv,21518,Sanction Date,MISSING_OR_BLANK,
Works_Recommended.csv,21519,Sanction Date,MISSING_OR_BLANK,
Works_Recommended.csv,21520,Sanction Date,MISSING_OR_BLANK,
Works_Recommended.csv,21521,Sanction Date,MISSING_OR_BLANK,
Works_Recommended.csv,21522,Sanction Date,MISSING_OR_BLANK,
Works_Recommended.csv,21524,Sanction Date,MISSING_OR_BLANK,
Works_Recommended.csv,21526,Sanction Date,MISSING_OR_BLANK,
Works_Recommended.csv,21527,Sanction Date,MISSING_OR_BLANK,
Works_Recommended.csv,21528,Sanction Date,MISSING_OR_BLANK,
Works_Recommended.csv,21529,Sanction Date,MISSING_OR_BLANK,
Works_Recommended.csv,21531,Sanction Date,MISSING_OR_BLANK,
Works_Recommended.csv,21532,Sanction Date,MISSING_OR_BLANK,
Works_Recommended.csv,21533,Sanction Date,MISSING_OR_BLANK,
Works_Recommended.csv,21534,Sanction Date,MISSING_OR_BLANK,
Works_Recommended.csv,21535,Sanction Date,MISSING_OR_BLANK,
Works_Recommended.csv,21536,Sanction Date,MISSING_OR_BLANK,
Works_Recommended.csv,21537,Sanction Date,MISSING_OR_BLANK,
Works_Recommended.csv,21538,Sanction Date,MISSING_OR_BLANK,
Works_Recommended.csv,21539,Sanction Date,MISSING_OR_BLANK,
Works_Recommended.csv,21540,Sanction Date,MISSING_OR_BLANK,
Works_Recommended.csv,21541,Sanction Date,MISSING_OR_BLANK,
Works_Recommended.csv,21542,Sanction Date,MISSING_OR_BLANK,
Works_Recommended.csv,21543,Sanction Date,MISSING_OR_BLANK,
Works_Recommended.csv,21544,Sanction Date,MISSING_OR_BLANK,
Works_Recommended.csv,21545,Sanction Date,MISSING_OR_BLANK,
Works_Recommended.csv,21546,Sanction Date,MISSING_OR_BLANK,
Works_Recommended.csv,21547,Sanction Date,MISSING_OR_BLANK,
Works_Recommended.csv,21548,Sanction Date,MISSING_OR_BLANK,
Works_Recommended.csv,21549,Sanction Date,MISSING_OR_BLANK,
Works_Recommended.csv,21550,Sanction Date,MISSING_OR_BLANK,
Works_Recommended.csv,21551,Sanction Date,MISSING_OR_BLANK,
Works_Recommended.csv,21553,Sanction Date,MISSING_OR_BLANK,
Works_Recommended.csv,21554,Sanction Date,MISSING_OR_BLANK,
Works_Recommended.csv,21555,Sanction Date,MISSING_OR_BLANK,
Works_Recommended.csv,21556,Sanction Date,MISSING_OR_BLANK,
Works_Recommended.csv,21557,Sanction Date,MISSING_OR_BLANK,
Works_Recommended.csv,21558,Sanction Date,MISSING_OR_BLANK,
Works_Recommended.csv,21559,Sanction Date,MISSING_OR_BLANK,
Works_Recommended.csv,21560,Sanction Date,MISSING_OR_BLANK,
Works_Recommended.csv,21561,Sanction Date,MISSING_OR_BLANK,
Works_Recommended.csv,21562,Sanction Date,MISSING_OR_BLANK,
Works_Recommended.csv,21563,Sanction Date,MISSING_OR_BLANK,
Works_Recommended.csv,21564,Sanction Date,MISSING_OR_BLANK,
Works_Recommended.csv,21565,Sanction Date,MISSING_OR_BLANK,
Works_Recommended.csv,21566,Sanction Date,MISSING_OR_BLANK,
Works_Recommended.csv,21567,Sanction Date,MISSING_OR_BLANK,
Works_Recommended.csv,21568,Sanction Date,MISSING_OR_BLANK,
Works_Recommended.csv,21569,Sanction Date,MISSING_OR_BLANK,
Works_Recommended.csv,21570,Sanction Date,MISSING_OR_BLANK,
Works_Recommended.csv,21571,Sanction Date,MISSING_OR_BLANK,
Works_Recommended.csv,21572,Sanction Date,MISSING_OR_BLANK,
Works_Recommended.csv,21573,Sanction Date,MISSING_OR_BLANK,
Works_Recommended.csv,21575,Sanction Date,MISSING_OR_BLANK,
Works_Recommended.csv,21576,Sanction Date,MISSING_OR_BLANK,
Works_Recommended.csv,21577,Sanction Date,MISSING_OR_BLANK,
Works_Recommended.csv,21578,Sanction Date,MISSING_OR_BLANK,
Works_Recommended.csv,21579,Sanction Date,MISSING_OR_BLANK,
Works_Recommended.csv,21580,Sanction Date,MISSING_OR_BLANK,
Works_Recommended.csv,21581,Sanction Date,MISSING_OR_BLANK,
Works_Recommended.csv,21582,Sanction Date,MISSING_OR_BLANK,
Works_Recommended.csv,21583,Sanction Date,MISSING_OR_BLANK,
Works_Recommended.csv,21584,Sanction Date,MISSING_OR_BLANK,
Works_Recommended.csv,21585,Sanction Date,MISSING_OR_BLANK,
Works_Recommended.csv,21586,Sanction Date,MISSING_OR_BLANK,
Works_Recommended.csv,21587,Sanction Date,MISSING_OR_BLANK,
Works_Recommended.csv,21588,Sanction Date,MISSING_OR_BLANK,
Works_Recommended.csv,21589,Sanction Date,MISSING_OR_BLANK,
Works_Recommended.csv,21590,Sanction Date,MISSING_OR_BLANK,
Works_Recommended.csv,21591,Sanction Date,MISSING_OR_BLANK,
Works_Recommended.csv,21592,Sanction Date,MISSING_OR_BLANK,
Works_Recommended.csv,21593,Sanction Date,MISSING_OR_BLANK,
Works_Recommended.csv,21594,Sanction Date,MISSING_OR_BLANK,
Works_Recommended.csv,21595,Sanction Date,MISSING_OR_BLANK,
Works_Recommended.csv,21596,Sanction Date,MISSING_OR_BLANK,
Works_Recommended.csv,21597,Sanction Date,MISSING_OR_BLANK,
Works_Recommended.csv,21598,Sanction Date,MISSING_OR_BLANK,
Works_Recommended.csv,21599,Sanction Date,MISSING_OR_BLANK,
Works_Recommended.csv,21600,Sanction Date,MISSING_OR_BLANK,
Works_Recommended.csv,21601,Sanction Date,MISSING_OR_BLANK,
Works_Recommended.csv,21602,Sanction Date,MISSING_OR_BLANK,
Works_Recommended.csv,21603,Sanction Date,MISSING_OR_BLANK,
Works_Recommended.csv,21604,Sanction Date,MISSING_OR_BLANK,
Works_Recommended.csv,21605,Sanction Date,MISSING_OR_BLANK,
Works_Recommended.csv,21606,Sanction Date,MISSING_OR_BLANK,
Works_Recommended.csv,21607,Sanction Date,MISSING_OR_BLANK,
Works_Recommended.csv,21608,Sanction Date,MISSING_OR_BLANK,
Works_Recommended.csv,21609,Sanction Date,MISSING_OR_BLANK,
Works_Recommended.csv,21610,Sanction Date,MISSING_OR_BLANK,
Works_Recommended.csv,21611,Sanction Date,MISSING_OR_BLANK,
Works_Recommended.csv,21612,Sanction Date,MISSING_OR_BLANK,
Works_Recommended.csv,21613,Sanction Date,MISSING_OR_BLANK,
Works_Recommended.csv,21614,Sanction Date,MISSING_OR_BLANK,
Works_Recommended.csv,21615,Sanction Date,MISSING_OR_BLANK,
Works_Recommended.csv,21616,Sanction Date,MISSING_OR_BLANK,
Works_Recommended.csv,21617,Sanction Date,MISSING_OR_BLANK,
Works_Recommended.csv,21618,Sanction Date,MISSING_OR_BLANK,
Works_Recommended.csv,21619,Sanction Date,MISSING_OR_BLANK,
Works_Recommended.csv,21620,Sanction Date,MISSING_OR_BLANK,
Works_Recommended.csv,21621,Sanction Date,MISSING_OR_BLANK,
Works_Recommended.csv,21622,Sanction Date,MISSING_OR_BLANK,
Works_Recommended.csv,21623,Sanction Date,MISSING_OR_BLANK,
Works_Recommended.csv,21624,Sanction Date,MISSING_OR_BLANK,
Works_Recommended.csv,21625,Sanction Date,MISSING_OR_BLANK,
Works_Recommended.csv,21626,Sanction Date,MISSING_OR_BLANK,
Works_Recommended.csv,21627,Sanction Date,MISSING_OR_BLANK,
Works_Recommended.csv,21628,Sanction Date,MISSING_OR_BLANK,
Works_Recommended.csv,21636,Sanction Date,MISSING_OR_BLANK,
Works_Recommended.csv,21637,Sanction Date,MISSING_OR_BLANK,
Works_Recommended.csv,21638,Sanction Date,MISSING_OR_BLANK,
Works_Recommended.csv,21639,Sanction Date,MISSING_OR_BLANK,
Works_Recommended.csv,21640,Sanction Date,MISSING_OR_BLANK,
Works_Recommended.csv,21647,Sanction Date,MISSING_OR_BLANK,
Works_Recommended.csv,21648,Sanction Date,MISSING_OR_BLANK,
Works_Recommended.csv,21649,Sanction Date,MISSING_OR_BLANK,
Works_Recommended.csv,21650,Sanction Date,MISSING_OR_BLANK,
Works_Recommended.csv,21651,Sanction Date,MISSING_OR_BLANK,
Works_Recommended.csv,21662,Sanction Date,MISSING_OR_BLANK,
Works_Recommended.csv,21663,Sanction Date,MISSING_OR_BLANK,
Works_Recommended.csv,21664,Sanction Date,MISSING_OR_BLANK,
Works_Recommended.csv,21665,Sanction Date,MISSING_OR_BLANK,
Works_Recommended.csv,21666,Sanction Date,MISSING_OR_BLANK,
Works_Recommended.csv,21667,Sanction Date,MISSING_OR_BLANK,
Works_Recommended.csv,21668,Sanction Date,MISSING_OR_BLANK,
Works_Recommended.csv,21669,Sanction Date,MISSING_OR_BLANK,
Works_Recommended.csv,21670,Sanction Date,MISSING_OR_BLANK,
Works_Recommended.csv,21671,Sanction Date,MISSING_OR_BLANK,
Works_Recommended.csv,21672,Sanction Date,MISSING_OR_BLANK,
Works_Recommended.csv,21673,Sanction Date,MISSING_OR_BLANK,
Works_Recommended.csv,21674,Sanction Date,MISSING_OR_BLANK,
Works_Recommended.csv,21675,Sanction Date,MISSING_OR_BLANK,
Works_Recommended.csv,21676,Sanction Date,MISSING_OR_BLANK,
Works_Recommended.csv,21677,Sanction Date,MISSING_OR_BLANK,
Works_Recommended.csv,21678,Sanction Date,MISSING_OR_BLANK,
Works_Recommended.csv,21679,Sanction Date,MISSING_OR_BLANK,
Works_Recommended.csv,21680,Sanction Date,MISSING_OR_BLANK,
Works_Recommended.csv,21681,Sanction Date,MISSING_OR_BLANK,
Works_Recommended.csv,21682,Sanction Date,MISSING_OR_BLANK,
Works_Recommended.csv,21683,Sanction Date,MISSING_OR_BLANK,
Works_Recommended.csv,21684,Sanction Date,MISSING_OR_BLANK,
Works_Recommended.csv,21685,Sanction Date,MISSING_OR_BLANK,
Works_Recommended.csv,21686,Sanction Date,MISSING_OR_BLANK,
Works_Recommended.csv,21687,Sanction Date,MISSING_OR_BLANK,
Works_Recommended.csv,21688,Sanction Date,MISSING_OR_BLANK,
Works_Recommended.csv,21689,Sanction Date,MISSING_OR_BLANK,
Works_Recommended.csv,21690,Sanction Date,MISSING_OR_BLANK,
Works_Recommended.csv,21691,Sanction Date,MISSING_OR_BLANK,
Works_Recommended.csv,21692,Sanction Date,MISSING_OR_BLANK,
Works_Recommended.csv,21693,Sanction Date,MISSING_OR_BLANK,
Works_Recommended.csv,21694,Sanction Date,MISSING_OR_BLANK,
Works_Recommended.csv,21695,Sanction Date,MISSING_OR_BLANK,
Works_Recommended.csv,21696,Sanction Date,MISSING_OR_BLANK,
Works_Recommended.csv,21697,Sanction Date,MISSING_OR_BLANK,
Works_Recommended.csv,21698,Sanction Date,MISSING_OR_BLANK,
Works_Recommended.csv,21699,Sanction Date,MISSING_OR_BLANK,
Works_Recommended.csv,21700,Sanction Date,MISSING_OR_BLANK,
Works_Recommended.csv,21701,Sanction Date,MISSING_OR_BLANK,
Works_Recommended.csv,21702,Sanction Date,MISSING_OR_BLANK,
Works_Recommended.csv,21703,Sanction Date,MISSING_OR_BLANK,
Works_Recommended.csv,21704,Sanction Date,MISSING_OR_BLANK,
Works_Recommended.csv,21705,Sanction Date,MISSING_OR_BLANK,
Works_Recommended.csv,21706,Sanction Date,MISSING_OR_BLANK,
Works_Recommended.csv,21707,Sanction Date,MISSING_OR_BLANK,
Works_Recommended.csv,21708,Sanction Date,MISSING_OR_BLANK,
Works_Recommended.csv,21709,Sanction Date,MISSING_OR_BLANK,
Works_Recommended.csv,21710,Sanction Date,MISSING_OR_BLANK,
Works_Recommended.csv,21711,Sanction Date,MISSING_OR_BLANK,
Works_Recommended.csv,21712,Sanction Date,MISSING_OR_BLANK,
Works_Recommended.csv,21713,Sanction Date,MISSING_OR_BLANK,
Works_Recommended.csv,21714,Sanction Date,MISSING_OR_BLANK,
Works_Recommended.csv,21715,Sanction Date,MISSING_OR_BLANK,
Works_Recommended.csv,21716,Sanction Date,MISSING_OR_BLANK,
Works_Recommended.csv,21717,Sanction Date,MISSING_OR_BLANK,
Works_Recommended.csv,21718,Sanction Date,MISSING_OR_BLANK,
Works_Recommended.csv,21719,Sanction Date,MISSING_OR_BLANK,
Works_Recommended.csv,21720,Sanction Date,MISSING_OR_BLANK,
Works_Recommended.csv,21721,Sanction Date,MISSING_OR_BLANK,
Works_Recommended.csv,21722,Sanction Date,MISSING_OR_BLANK,
Works_Recommended.csv,21723,Sanction Date,MISSING_OR_BLANK,
Works_Recommended.csv,21724,Sanction Date,MISSING_OR_BLANK,
Works_Recommended.csv,21726,Sanction Date,MISSING_OR_BLANK,
Works_Recommended.csv,21727,Sanction Date,MISSING_OR_BLANK,
Works_Recommended.csv,21729,Sanction Date,MISSING_OR_BLANK,
Works_Recommended.csv,21730,Sanction Date,MISSING_OR_BLANK,
Works_Recommended.csv,21732,Sanction Date,MISSING_OR_BLANK,
Works_Recommended.csv,21733,Sanction Date,MISSING_OR_BLANK,
Works_Recommended.csv,21734,Sanction Date,MISSING_OR_BLANK,
Works_Recommended.csv,21737,Sanction Date,MISSING_OR_BLANK,
Works_Recommended.csv,21741,Sanction Date,MISSING_OR_BLANK,
Works_Recommended.csv,21745,Sanction Date,MISSING_OR_BLANK,
Works_Recommended.csv,21746,Sanction Date,MISSING_OR_BLANK,
Works_Recommended.csv,21751,Sanction Date,MISSING_OR_BLANK,
Works_Recommended.csv,21752,Sanction Date,MISSING_OR_BLANK,
Works_Recommended.csv,21753,Sanction Date,MISSING_OR_BLANK,
Works_Recommended.csv,21765,Sanction Date,MISSING_OR_BLANK,
Works_Recommended.csv,21766,Sanction Date,MISSING_OR_BLANK,
Works_Recommended.csv,21767,Sanction Date,MISSING_OR_BLANK,
Works_Recommended.csv,21768,Sanction Date,MISSING_OR_BLANK,
Works_Recommended.csv,21774,Sanction Date,MISSING_OR_BLANK,
Works_Recommended.csv,21775,Sanction Date,MISSING_OR_BLANK,
Works_Recommended.csv,21776,Sanction Date,MISSING_OR_BLANK,
Works_Recommended.csv,21777,Sanction Date,MISSING_OR_BLANK,
Works_Recommended.csv,21778,Sanction Date,MISSING_OR_BLANK,
Works_Recommended.csv,21779,Sanction Date,MISSING_OR_BLANK,
Works_Recommended.csv,21780,Sanction Date,MISSING_OR_BLANK,
Works_Recommended.csv,21781,Sanction Date,MISSING_OR_BLANK,
Works_Recommended.csv,21782,Sanction Date,MISSING_OR_BLANK,
Works_Recommended.csv,21783,Sanction Date,MISSING_OR_BLANK,
Works_Recommended.csv,21784,Sanction Date,MISSING_OR_BLANK,
Works_Recommended.csv,21785,Sanction Date,MISSING_OR_BLANK,
Works_Recommended.csv,21786,Sanction Date,MISSING_OR_BLANK,
Works_Recommended.csv,21787,Sanction Date,MISSING_OR_BLANK,
Works_Recommended.csv,21788,Sanction Date,MISSING_OR_BLANK,
Works_Recommended.csv,21789,Sanction Date,MISSING_OR_BLANK,
Works_Recommended.csv,21790,Sanction Date,MISSING_OR_BLANK,
Works_Recommended.csv,21791,Sanction Date,MISSING_OR_BLANK,
Works_Recommended.csv,21792,Sanction Date,MISSING_OR_BLANK,
Works_Recommended.csv,21793,Sanction Date,MISSING_OR_BLANK,
Works_Recommended.csv,21794,Sanction Date,MISSING_OR_BLANK,
Works_Recommended.csv,21795,Sanction Date,MISSING_OR_BLANK,
Works_Recommended.csv,21796,Sanction Date,MISSING_OR_BLANK,
Works_Recommended.csv,21797,Sanction Date,MISSING_OR_BLANK,
Works_Recommended.csv,21798,Sanction Date,MISSING_OR_BLANK,
Works_Recommended.csv,21799,Sanction Date,MISSING_OR_BLANK,
Works_Recommended.csv,21800,Sanction Date,MISSING_OR_BLANK,
Works_Recommended.csv,21801,Sanction Date,MISSING_OR_BLANK,
Works_Recommended.csv,21802,Sanction Date,MISSING_OR_BLANK,
Works_Recommended.csv,21803,Sanction Date,MISSING_OR_BLANK,
Works_Recommended.csv,21804,Sanction Date,MISSING_OR_BLANK,
Works_Recommended.csv,21805,Sanction Date,MISSING_OR_BLANK,
Works_Recommended.csv,21806,Sanction Date,MISSING_OR_BLANK,
Works_Recommended.csv,21807,Sanction Date,MISSING_OR_BLANK,
Works_Recommended.csv,21808,Sanction Date,MISSING_OR_BLANK,
Works_Recommended.csv,21809,Sanction Date,MISSING_OR_BLANK,
Works_Recommended.csv,21810,Sanction Date,MISSING_OR_BLANK,
Works_Recommended.csv,21811,Sanction Date,MISSING_OR_BLANK,
Works_Recommended.csv,21812,Sanction Date,MISSING_OR_BLANK,
Works_Recommended.csv,21813,Sanction Date,MISSING_OR_BLANK,
Works_Recommended.csv,21814,Sanction Date,MISSING_OR_BLANK,
Works_Recommended.csv,21815,Sanction Date,MISSING_OR_BLANK,
Works_Recommended.csv,21816,Sanction Date,MISSING_OR_BLANK,
Works_Recommended.csv,21817,Sanction Date,MISSING_OR_BLANK,
Works_Recommended.csv,21818,Sanction Date,MISSING_OR_BLANK,
Works_Recommended.csv,21819,Sanction Date,MISSING_OR_BLANK,
Works_Recommended.csv,21820,Sanction Date,MISSING_OR_BLANK,
Works_Recommended.csv,21821,Sanction Date,MISSING_OR_BLANK,
Works_Recommended.csv,21822,Sanction Date,MISSING_OR_BLANK,
Works_Recommended.csv,21823,Sanction Date,MISSING_OR_BLANK,
Works_Recommended.csv,21824,Sanction Date,MISSING_OR_BLANK,
Works_Recommended.csv,21825,Sanction Date,MISSING_OR_BLANK,
Works_Recommended.csv,21826,Sanction Date,MISSING_OR_BLANK,
Works_Recommended.csv,21827,Sanction Date,MISSING_OR_BLANK,
Works_Recommended.csv,21828,Sanction Date,MISSING_OR_BLANK,
Works_Recommended.csv,21829,Sanction Date,MISSING_OR_BLANK,
Works_Recommended.csv,21830,Sanction Date,MISSING_OR_BLANK,
Works_Recommended.csv,21831,Sanction Date,MISSING_OR_BLANK,
Works_Recommended.csv,21832,Sanction Date,MISSING_OR_BLANK,
Works_Recommended.csv,21833,Sanction Date,MISSING_OR_BLANK,
Works_Recommended.csv,21834,Sanction Date,MISSING_OR_BLANK,
Works_Recommended.csv,21835,Sanction Date,MISSING_OR_BLANK,
Works_Recommended.csv,21836,Sanction Date,MISSING_OR_BLANK,
Works_Recommended.csv,21837,Sanction Date,MISSING_OR_BLANK,
Works_Recommended.csv,21838,Sanction Date,MISSING_OR_BLANK,
Works_Recommended.csv,21839,Sanction Date,MISSING_OR_BLANK,
Works_Recommended.csv,21840,Sanction Date,MISSING_OR_BLANK,
Works_Recommended.csv,21841,Sanction Date,MISSING_OR_BLANK,
Works_Recommended.csv,21842,Sanction Date,MISSING_OR_BLANK,
Works_Recommended.csv,21843,Sanction Date,MISSING_OR_BLANK,
Works_Recommended.csv,21844,Sanction Date,MISSING_OR_BLANK,
Works_Recommended.csv,21846,Sanction Date,MISSING_OR_BLANK,
Works_Recommended.csv,21847,Sanction Date,MISSING_OR_BLANK,
Works_Recommended.csv,21848,Sanction Date,MISSING_OR_BLANK,
Works_Recommended.csv,21849,Sanction Date,MISSING_OR_BLANK,
Works_Recommended.csv,21850,Sanction Date,MISSING_OR_BLANK,
Works_Recommended.csv,21851,Sanction Date,MISSING_OR_BLANK,
Works_Recommended.csv,21852,Sanction Date,MISSING_OR_BLANK,
Works_Recommended.csv,21853,Sanction Date,MISSING_OR_BLANK,
Works_Recommended.csv,21854,Sanction Date,MISSING_OR_BLANK,
Works_Recommended.csv,21855,Sanction Date,MISSING_OR_BLANK,
Works_Recommended.csv,21856,Sanction Date,MISSING_OR_BLANK,
Works_Recommended.csv,21859,Sanction Date,MISSING_OR_BLANK,
Works_Recommended.csv,21860,Sanction Date,MISSING_OR_BLANK,
Works_Recommended.csv,21861,Sanction Date,MISSING_OR_BLANK,
Works_Recommended.csv,21862,Sanction Date,MISSING_OR_BLANK,
Works_Recommended.csv,21863,Sanction Date,MISSING_OR_BLANK,
Works_Recommended.csv,21864,Sanction Date,MISSING_OR_BLANK,
Works_Recommended.csv,21865,Sanction Date,MISSING_OR_BLANK,
Works_Recommended.csv,21866,Sanction Date,MISSING_OR_BLANK,
Works_Recommended.csv,21867,Sanction Date,MISSING_OR_BLANK,
Works_Recommended.csv,21868,Sanction Date,MISSING_OR_BLANK,
Works_Recommended.csv,21869,Sanction Date,MISSING_OR_BLANK,
Works_Recommended.csv,21870,Sanction Date,MISSING_OR_BLANK,
Works_Recommended.csv,21871,Sanction Date,MISSING_OR_BLANK,
Works_Recommended.csv,21872,Sanction Date,MISSING_OR_BLANK,
Works_Recommended.csv,21873,Sanction Date,MISSING_OR_BLANK,
Works_Recommended.csv,21874,Sanction Date,MISSING_OR_BLANK,
Works_Recommended.csv,21875,Sanction Date,MISSING_OR_BLANK,
Works_Recommended.csv,21876,Sanction Date,MISSING_OR_BLANK,
Works_Recommended.csv,21877,Sanction Date,MISSING_OR_BLANK,
Works_Recommended.csv,21878,Sanction Date,MISSING_OR_BLANK,
Works_Recommended.csv,21879,Sanction Date,MISSING_OR_BLANK,
Works_Recommended.csv,21880,Sanction Date,MISSING_OR_BLANK,
Works_Recommended.csv,21881,Sanction Date,MISSING_OR_BLANK,
Works_Recommended.csv,21882,Sanction Date,MISSING_OR_BLANK,
Works_Recommended.csv,21883,Sanction Date,MISSING_OR_BLANK,
Works_Recommended.csv,21884,Sanction Date,MISSING_OR_BLANK,
Works_Recommended.csv,21885,Sanction Date,MISSING_OR_BLANK,
Works_Recommended.csv,21886,Sanction Date,MISSING_OR_BLANK,
Works_Recommended.csv,21887,Sanction Date,MISSING_OR_BLANK,
Works_Recommended.csv,21888,Sanction Date,MISSING_OR_BLANK,
Works_Recommended.csv,21889,Sanction Date,MISSING_OR_BLANK,
Works_Recommended.csv,21890,Sanction Date,MISSING_OR_BLANK,
Works_Recommended.csv,21891,Sanction Date,MISSING_OR_BLANK,
Works_Recommended.csv,21892,Sanction Date,MISSING_OR_BLANK,
Works_Recommended.csv,21893,Sanction Date,MISSING_OR_BLANK,
Works_Recommended.csv,21894,Sanction Date,MISSING_OR_BLANK,
Works_Recommended.csv,21895,Sanction Date,MISSING_OR_BLANK,
Works_Recommended.csv,21896,Sanction Date,MISSING_OR_BLANK,
Works_Recommended.csv,21897,Sanction Date,MISSING_OR_BLANK,
Works_Recommended.csv,21898,Sanction Date,MISSING_OR_BLANK,
Works_Recommended.csv,21899,Sanction Date,MISSING_OR_BLANK,
Works_Recommended.csv,21900,Sanction Date,MISSING_OR_BLANK,
Works_Recommended.csv,21901,Sanction Date,MISSING_OR_BLANK,
Works_Recommended.csv,21902,Sanction Date,MISSING_OR_BLANK,
Works_Recommended.csv,21903,Sanction Date,MISSING_OR_BLANK,
Works_Recommended.csv,21904,Sanction Date,MISSING_OR_BLANK,
Works_Recommended.csv,21905,Sanction Date,MISSING_OR_BLANK,
Works_Recommended.csv,21908,Sanction Date,MISSING_OR_BLANK,
Works_Recommended.csv,21909,Sanction Date,MISSING_OR_BLANK,
Works_Recommended.csv,21910,Sanction Date,MISSING_OR_BLANK,
Works_Recommended.csv,21911,Sanction Date,MISSING_OR_BLANK,
Works_Recommended.csv,21912,Sanction Date,MISSING_OR_BLANK,
Works_Recommended.csv,21913,Sanction Date,MISSING_OR_BLANK,
Works_Recommended.csv,21917,Sanction Date,MISSING_OR_BLANK,
Works_Recommended.csv,21918,Sanction Date,MISSING_OR_BLANK,
Works_Recommended.csv,21919,Sanction Date,MISSING_OR_BLANK,
Works_Recommended.csv,21920,Sanction Date,MISSING_OR_BLANK,
Works_Recommended.csv,21926,Sanction Date,MISSING_OR_BLANK,
Works_Recommended.csv,21928,Sanction Date,MISSING_OR_BLANK,
Works_Recommended.csv,21929,Sanction Date,MISSING_OR_BLANK,
Works_Recommended.csv,21930,Sanction Date,MISSING_OR_BLANK,
Works_Recommended.csv,21931,Sanction Date,MISSING_OR_BLANK,
Works_Recommended.csv,21932,Sanction Date,MISSING_OR_BLANK,
Works_Recommended.csv,21933,Sanction Date,MISSING_OR_BLANK,
Works_Recommended.csv,21934,Sanction Date,MISSING_OR_BLANK,
Works_Recommended.csv,21935,Sanction Date,MISSING_OR_BLANK,
Works_Recommended.csv,21936,Sanction Date,MISSING_OR_BLANK,
Works_Recommended.csv,21937,Sanction Date,MISSING_OR_BLANK,
Works_Recommended.csv,21938,Sanction Date,MISSING_OR_BLANK,
Works_Recommended.csv,21939,Sanction Date,MISSING_OR_BLANK,
Works_Recommended.csv,21940,Sanction Date,MISSING_OR_BLANK,
Works_Recommended.csv,21941,Sanction Date,MISSING_OR_BLANK,
Works_Recommended.csv,21942,Sanction Date,MISSING_OR_BLANK,
Works_Recommended.csv,21943,Sanction Date,MISSING_OR_BLANK,
Works_Recommended.csv,21944,Sanction Date,MISSING_OR_BLANK,
Works_Recommended.csv,21945,Sanction Date,MISSING_OR_BLANK,
Works_Recommended.csv,21946,Sanction Date,MISSING_OR_BLANK,
Works_Recommended.csv,21947,Sanction Date,MISSING_OR_BLANK,
Works_Recommended.csv,21948,Sanction Date,MISSING_OR_BLANK,
Works_Recommended.csv,21949,Sanction Date,MISSING_OR_BLANK,
Works_Recommended.csv,21950,Sanction Date,MISSING_OR_BLANK,
Works_Recommended.csv,21952,Sanction Date,MISSING_OR_BLANK,
Works_Recommended.csv,21953,Sanction Date,MISSING_OR_BLANK,
Works_Recommended.csv,21954,Sanction Date,MISSING_OR_BLANK,
Works_Recommended.csv,21955,Sanction Date,MISSING_OR_BLANK,
Works_Recommended.csv,21956,Sanction Date,MISSING_OR_BLANK,
Works_Recommended.csv,21957,Sanction Date,MISSING_OR_BLANK,
Works_Recommended.csv,21958,Sanction Date,MISSING_OR_BLANK,
Works_Recommended.csv,21959,Sanction Date,MISSING_OR_BLANK,
Works_Recommended.csv,21960,Sanction Date,MISSING_OR_BLANK,
Works_Recommended.csv,21961,Sanction Date,MISSING_OR_BLANK,
Works_Recommended.csv,21962,Sanction Date,MISSING_OR_BLANK,
Works_Recommended.csv,21963,Sanction Date,MISSING_OR_BLANK,
Works_Recommended.csv,21964,Sanction Date,MISSING_OR_BLANK,
Works_Recommended.csv,21965,Sanction Date,MISSING_OR_BLANK,
Works_Recommended.csv,21966,Sanction Date,MISSING_OR_BLANK,
Works_Recommended.csv,21967,Sanction Date,MISSING_OR_BLANK,
Works_Recommended.csv,21969,Sanction Date,MISSING_OR_BLANK,
Works_Recommended.csv,21970,Sanction Date,MISSING_OR_BLANK,
Works_Recommended.csv,21971,Sanction Date,MISSING_OR_BLANK,
Works_Recommended.csv,21973,Sanction Date,MISSING_OR_BLANK,
Works_Recommended.csv,21974,Sanction Date,MISSING_OR_BLANK,
Works_Recommended.csv,21976,Sanction Date,MISSING_OR_BLANK,
Works_Recommended.csv,21977,Sanction Date,MISSING_OR_BLANK,
Works_Recommended.csv,21980,Sanction Date,MISSING_OR_BLANK,
Works_Recommended.csv,21983,Sanction Date,MISSING_OR_BLANK,
Works_Recommended.csv,21984,Sanction Date,MISSING_OR_BLANK,
Works_Recommended.csv,21985,Sanction Date,MISSING_OR_BLANK,
Works_Recommended.csv,21986,Sanction Date,MISSING_OR_BLANK,
Works_Recommended.csv,21987,Sanction Date,MISSING_OR_BLANK,
Works_Recommended.csv,21988,Sanction Date,MISSING_OR_BLANK,
Works_Recommended.csv,21989,Sanction Date,MISSING_OR_BLANK,
Works_Recommended.csv,21990,Sanction Date,MISSING_OR_BLANK,
Works_Recommended.csv,21991,Sanction Date,MISSING_OR_BLANK,
Works_Recommended.csv,21992,Sanction Date,MISSING_OR_BLANK,
Works_Recommended.csv,21993,Sanction Date,MISSING_OR_BLANK,
Works_Recommended.csv,21994,Sanction Date,MISSING_OR_BLANK,
Works_Recommended.csv,21995,Sanction Date,MISSING_OR_BLANK,
Works_Recommended.csv,21996,Sanction Date,MISSING_OR_BLANK,
Works_Recommended.csv,21997,Sanction Date,MISSING_OR_BLANK,
Works_Recommended.csv,21998,Sanction Date,MISSING_OR_BLANK,
Works_Recommended.csv,21999,Sanction Date,MISSING_OR_BLANK,
Works_Recommended.csv,22000,Sanction Date,MISSING_OR_BLANK,
Works_Recommended.csv,22001,Sanction Date,MISSING_OR_BLANK,
Works_Recommended.csv,22007,Sanction Date,MISSING_OR_BLANK,
Works_Recommended.csv,22008,Sanction Date,MISSING_OR_BLANK,
Works_Recommended.csv,22009,Sanction Date,MISSING_OR_BLANK,
Works_Recommended.csv,22010,Sanction Date,MISSING_OR_BLANK,
Works_Recommended.csv,22011,Sanction Date,MISSING_OR_BLANK,
Works_Recommended.csv,22012,Sanction Date,MISSING_OR_BLANK,
Works_Recommended.csv,22013,Sanction Date,MISSING_OR_BLANK,
Works_Recommended.csv,22014,Sanction Date,MISSING_OR_BLANK,
Works_Recommended.csv,22015,Sanction Date,MISSING_OR_BLANK,
Works_Recommended.csv,22016,Sanction Date,MISSING_OR_BLANK,
Works_Recommended.csv,22017,Sanction Date,MISSING_OR_BLANK,
Works_Recommended.csv,22018,Sanction Date,MISSING_OR_BLANK,
Works_Recommended.csv,22019,Sanction Date,MISSING_OR_BLANK,
Works_Recommended.csv,22020,Sanction Date,MISSING_OR_BLANK,
Works_Recommended.csv,22021,Sanction Date,MISSING_OR_BLANK,
Works_Recommended.csv,22022,Sanction Date,MISSING_OR_BLANK,
Works_Recommended.csv,22023,Sanction Date,MISSING_OR_BLANK,
Works_Recommended.csv,22024,Sanction Date,MISSING_OR_BLANK,
Works_Recommended.csv,22025,Sanction Date,MISSING_OR_BLANK,
Works_Recommended.csv,22026,Sanction Date,MISSING_OR_BLANK,
Works_Recommended.csv,22027,Sanction Date,MISSING_OR_BLANK,
Works_Recommended.csv,22028,Sanction Date,MISSING_OR_BLANK,
Works_Recommended.csv,22029,Sanction Date,MISSING_OR_BLANK,
Works_Recommended.csv,22030,Sanction Date,MISSING_OR_BLANK,
Works_Recommended.csv,22031,Sanction Date,MISSING_OR_BLANK,
Works_Recommended.csv,22032,Sanction Date,MISSING_OR_BLANK,
Works_Recommended.csv,22033,Sanction Date,MISSING_OR_BLANK,
Works_Recommended.csv,22034,Sanction Date,MISSING_OR_BLANK,
Works_Recommended.csv,22035,Sanction Date,MISSING_OR_BLANK,
Works_Recommended.csv,22036,Sanction Date,MISSING_OR_BLANK,
Works_Recommended.csv,22037,Sanction Date,MISSING_OR_BLANK,
Works_Recommended.csv,22038,Sanction Date,MISSING_OR_BLANK,
Works_Recommended.csv,22039,Sanction Date,MISSING_OR_BLANK,
Works_Recommended.csv,22040,Sanction Date,MISSING_OR_BLANK,
Works_Recommended.csv,22041,Sanction Date,MISSING_OR_BLANK,
Works_Recommended.csv,22042,Sanction Date,MISSING_OR_BLANK,
Works_Recommended.csv,22043,Sanction Date,MISSING_OR_BLANK,
Works_Recommended.csv,22044,Sanction Date,MISSING_OR_BLANK,
Works_Recommended.csv,22045,Sanction Date,MISSING_OR_BLANK,
Works_Recommended.csv,22046,Sanction Date,MISSING_OR_BLANK,
Works_Recommended.csv,22047,Sanction Date,MISSING_OR_BLANK,
Works_Recommended.csv,22048,Sanction Date,MISSING_OR_BLANK,
Works_Recommended.csv,22049,Sanction Date,MISSING_OR_BLANK,
Works_Recommended.csv,22050,Sanction Date,MISSING_OR_BLANK,
Works_Recommended.csv,22051,Sanction Date,MISSING_OR_BLANK,
Works_Recommended.csv,22052,Sanction Date,MISSING_OR_BLANK,
Works_Recommended.csv,22053,Sanction Date,MISSING_OR_BLANK,
Works_Recommended.csv,22054,Sanction Date,MISSING_OR_BLANK,
Works_Recommended.csv,22055,Sanction Date,MISSING_OR_BLANK,
Works_Recommended.csv,22056,Sanction Date,MISSING_OR_BLANK,
Works_Recommended.csv,22057,Sanction Date,MISSING_OR_BLANK,
Works_Recommended.csv,22058,Sanction Date,MISSING_OR_BLANK,
Works_Recommended.csv,22059,Sanction Date,MISSING_OR_BLANK,
Works_Recommended.csv,22060,Sanction Date,MISSING_OR_BLANK,
Works_Recommended.csv,22061,Sanction Date,MISSING_OR_BLANK,
Works_Recommended.csv,22062,Sanction Date,MISSING_OR_BLANK,
Works_Recommended.csv,22063,Sanction Date,MISSING_OR_BLANK,
Works_Recommended.csv,22064,Sanction Date,MISSING_OR_BLANK,
Works_Recommended.csv,22065,Sanction Date,MISSING_OR_BLANK,
Works_Recommended.csv,22082,Sanction Date,MISSING_OR_BLANK,
Works_Recommended.csv,22083,Sanction Date,MISSING_OR_BLANK,
Works_Recommended.csv,22084,Sanction Date,MISSING_OR_BLANK,
Works_Recommended.csv,22085,Sanction Date,MISSING_OR_BLANK,
Works_Recommended.csv,22086,Sanction Date,MISSING_OR_BLANK,
Works_Recommended.csv,22087,Sanction Date,MISSING_OR_BLANK,
Works_Recommended.csv,22088,Sanction Date,MISSING_OR_BLANK,
Works_Recommended.csv,22089,Sanction Date,MISSING_OR_BLANK,
Works_Recommended.csv,22090,Sanction Date,MISSING_OR_BLANK,
Works_Recommended.csv,22091,Sanction Date,MISSING_OR_BLANK,
Works_Recommended.csv,22093,Sanction Date,MISSING_OR_BLANK,
Works_Recommended.csv,22094,Sanction Date,MISSING_OR_BLANK,
Works_Recommended.csv,22095,Sanction Date,MISSING_OR_BLANK,
Works_Recommended.csv,22097,Sanction Date,MISSING_OR_BLANK,
Works_Recommended.csv,22098,Sanction Date,MISSING_OR_BLANK,
Works_Recommended.csv,22099,Sanction Date,MISSING_OR_BLANK,
Works_Recommended.csv,22100,Sanction Date,MISSING_OR_BLANK,
Works_Recommended.csv,22101,Sanction Date,MISSING_OR_BLANK,
Works_Recommended.csv,22102,Sanction Date,MISSING_OR_BLANK,
Works_Recommended.csv,22103,Sanction Date,MISSING_OR_BLANK,
Works_Recommended.csv,22104,Sanction Date,MISSING_OR_BLANK,
Works_Recommended.csv,22105,Sanction Date,MISSING_OR_BLANK,
Works_Recommended.csv,22106,Sanction Date,MISSING_OR_BLANK,
Works_Recommended.csv,22109,Sanction Date,MISSING_OR_BLANK,
Works_Recommended.csv,22110,Sanction Date,MISSING_OR_BLANK,
Works_Recommended.csv,22111,Sanction Date,MISSING_OR_BLANK,
Works_Recommended.csv,22113,Sanction Date,MISSING_OR_BLANK,
Works_Recommended.csv,22114,Sanction Date,MISSING_OR_BLANK,
Works_Recommended.csv,22115,Sanction Date,MISSING_OR_BLANK,
Works_Recommended.csv,22116,Sanction Date,MISSING_OR_BLANK,
Works_Recommended.csv,22117,Sanction Date,MISSING_OR_BLANK,
Works_Recommended.csv,22121,Sanction Date,MISSING_OR_BLANK,
Works_Recommended.csv,22122,Sanction Date,MISSING_OR_BLANK,
Works_Recommended.csv,22123,Sanction Date,MISSING_OR_BLANK,
Works_Recommended.csv,22124,Sanction Date,MISSING_OR_BLANK,
Works_Recommended.csv,22125,Sanction Date,MISSING_OR_BLANK,
Works_Recommended.csv,22126,Sanction Date,MISSING_OR_BLANK,
Works_Recommended.csv,22127,Sanction Date,MISSING_OR_BLANK,
Works_Recommended.csv,22128,Sanction Date,MISSING_OR_BLANK,
Works_Recommended.csv,22129,Sanction Date,MISSING_OR_BLANK,
Works_Recommended.csv,22130,Sanction Date,MISSING_OR_BLANK,
Works_Recommended.csv,22131,Sanction Date,MISSING_OR_BLANK,
Works_Recommended.csv,22132,Sanction Date,MISSING_OR_BLANK,
Works_Recommended.csv,22133,Sanction Date,MISSING_OR_BLANK,
Works_Recommended.csv,22134,Sanction Date,MISSING_OR_BLANK,
Works_Recommended.csv,22135,Sanction Date,MISSING_OR_BLANK,
Works_Recommended.csv,22136,Sanction Date,MISSING_OR_BLANK,
Works_Recommended.csv,22137,Sanction Date,MISSING_OR_BLANK,
Works_Recommended.csv,22138,Sanction Date,MISSING_OR_BLANK,
Works_Recommended.csv,22139,Sanction Date,MISSING_OR_BLANK,
Works_Recommended.csv,22140,Sanction Date,MISSING_OR_BLANK,
Works_Recommended.csv,22141,Sanction Date,MISSING_OR_BLANK,
Works_Recommended.csv,22142,Sanction Date,MISSING_OR_BLANK,
Works_Recommended.csv,22143,Sanction Date,MISSING_OR_BLANK,
Works_Recommended.csv,22144,Sanction Date,MISSING_OR_BLANK,
Works_Recommended.csv,22145,Sanction Date,MISSING_OR_BLANK,
Works_Recommended.csv,22146,Sanction Date,MISSING_OR_BLANK,
Works_Recommended.csv,22147,Sanction Date,MISSING_OR_BLANK,
Works_Recommended.csv,22148,Sanction Date,MISSING_OR_BLANK,
Works_Recommended.csv,22149,Sanction Date,MISSING_OR_BLANK,
Works_Recommended.csv,22150,Sanction Date,MISSING_OR_BLANK,
Works_Recommended.csv,22151,Sanction Date,MISSING_OR_BLANK,
Works_Recommended.csv,22152,Sanction Date,MISSING_OR_BLANK,
Works_Recommended.csv,22153,Sanction Date,MISSING_OR_BLANK,
Works_Recommended.csv,22154,Sanction Date,MISSING_OR_BLANK,
Works_Recommended.csv,22155,Sanction Date,MISSING_OR_BLANK,
Works_Recommended.csv,22157,Sanction Date,MISSING_OR_BLANK,
Works_Recommended.csv,22158,Sanction Date,MISSING_OR_BLANK,
Works_Recommended.csv,22159,Sanction Date,MISSING_OR_BLANK,
Works_Recommended.csv,22160,Sanction Date,MISSING_OR_BLANK,
Works_Recommended.csv,22161,Sanction Date,MISSING_OR_BLANK,
Works_Recommended.csv,22163,Sanction Date,MISSING_OR_BLANK,
Works_Recommended.csv,22164,Sanction Date,MISSING_OR_BLANK,
Works_Recommended.csv,22165,Sanction Date,MISSING_OR_BLANK,
Works_Recommended.csv,22166,Sanction Date,MISSING_OR_BLANK,
Works_Recommended.csv,22181,Sanction Date,MISSING_OR_BLANK,
Works_Recommended.csv,22182,Sanction Date,MISSING_OR_BLANK,
Works_Recommended.csv,22183,Sanction Date,MISSING_OR_BLANK,
Works_Recommended.csv,22185,Sanction Date,MISSING_OR_BLANK,
Works_Recommended.csv,22186,Sanction Date,MISSING_OR_BLANK,
Works_Recommended.csv,22187,Sanction Date,MISSING_OR_BLANK,
Works_Recommended.csv,22188,Sanction Date,MISSING_OR_BLANK,
Works_Recommended.csv,22189,Sanction Date,MISSING_OR_BLANK,
Works_Recommended.csv,22190,Sanction Date,MISSING_OR_BLANK,
Works_Recommended.csv,22191,Sanction Date,MISSING_OR_BLANK,
Works_Recommended.csv,22192,Sanction Date,MISSING_OR_BLANK,
Works_Recommended.csv,22193,Sanction Date,MISSING_OR_BLANK,
Works_Recommended.csv,22194,Sanction Date,MISSING_OR_BLANK,
Works_Recommended.csv,22198,Sanction Date,MISSING_OR_BLANK,
Works_Recommended.csv,22199,Sanction Date,MISSING_OR_BLANK,
Works_Recommended.csv,22200,Sanction Date,MISSING_OR_BLANK,
Works_Recommended.csv,22201,Sanction Date,MISSING_OR_BLANK,
Works_Recommended.csv,22202,Sanction Date,MISSING_OR_BLANK,
Works_Recommended.csv,22203,Sanction Date,MISSING_OR_BLANK,
Works_Recommended.csv,22204,Sanction Date,MISSING_OR_BLANK,
Works_Recommended.csv,22205,Sanction Date,MISSING_OR_BLANK,
Works_Recommended.csv,22206,Sanction Date,MISSING_OR_BLANK,
Works_Recommended.csv,22207,Sanction Date,MISSING_OR_BLANK,
Works_Recommended.csv,22208,Sanction Date,MISSING_OR_BLANK,
Works_Recommended.csv,22209,Sanction Date,MISSING_OR_BLANK,
Works_Recommended.csv,22210,Sanction Date,MISSING_OR_BLANK,
Works_Recommended.csv,22211,Sanction Date,MISSING_OR_BLANK,
Works_Recommended.csv,22212,Sanction Date,MISSING_OR_BLANK,
Works_Recommended.csv,22213,Sanction Date,MISSING_OR_BLANK,
Works_Recommended.csv,22214,Sanction Date,MISSING_OR_BLANK,
Works_Recommended.csv,22215,Sanction Date,MISSING_OR_BLANK,
Works_Recommended.csv,22216,Sanction Date,MISSING_OR_BLANK,
Works_Recommended.csv,22217,Sanction Date,MISSING_OR_BLANK,
Works_Recommended.csv,22218,Sanction Date,MISSING_OR_BLANK,
Works_Recommended.csv,22219,Sanction Date,MISSING_OR_BLANK,
Works_Recommended.csv,22220,Sanction Date,MISSING_OR_BLANK,
Works_Recommended.csv,22221,Sanction Date,MISSING_OR_BLANK,
Works_Recommended.csv,22223,Sanction Date,MISSING_OR_BLANK,
Works_Recommended.csv,22224,Sanction Date,MISSING_OR_BLANK,
Works_Recommended.csv,22225,Sanction Date,MISSING_OR_BLANK,
Works_Recommended.csv,22226,Sanction Date,MISSING_OR_BLANK,
Works_Recommended.csv,22227,Sanction Date,MISSING_OR_BLANK,
Works_Recommended.csv,22228,Sanction Date,MISSING_OR_BLANK,
Works_Recommended.csv,22229,Sanction Date,MISSING_OR_BLANK,
Works_Recommended.csv,22230,Sanction Date,MISSING_OR_BLANK,
Works_Recommended.csv,22231,Sanction Date,MISSING_OR_BLANK,
Works_Recommended.csv,22232,Sanction Date,MISSING_OR_BLANK,
Works_Recommended.csv,22233,Sanction Date,MISSING_OR_BLANK,
Works_Recommended.csv,22234,Sanction Date,MISSING_OR_BLANK,
Works_Recommended.csv,22235,Sanction Date,MISSING_OR_BLANK,
Works_Recommended.csv,22236,Sanction Date,MISSING_OR_BLANK,
Works_Recommended.csv,22237,Sanction Date,MISSING_OR_BLANK,
Works_Recommended.csv,22238,Sanction Date,MISSING_OR_BLANK,
Works_Recommended.csv,22239,Sanction Date,MISSING_OR_BLANK,
Works_Recommended.csv,22240,Sanction Date,MISSING_OR_BLANK,
Works_Recommended.csv,22241,Sanction Date,MISSING_OR_BLANK,
Works_Recommended.csv,22242,Sanction Date,MISSING_OR_BLANK,
Works_Recommended.csv,22243,Sanction Date,MISSING_OR_BLANK,
Works_Recommended.csv,22244,Sanction Date,MISSING_OR_BLANK,
Works_Recommended.csv,22245,Sanction Date,MISSING_OR_BLANK,
Works_Recommended.csv,22246,Sanction Date,MISSING_OR_BLANK,
Works_Recommended.csv,22247,Sanction Date,MISSING_OR_BLANK,
Works_Recommended.csv,22248,Sanction Date,MISSING_OR_BLANK,
Works_Recommended.csv,22249,Sanction Date,MISSING_OR_BLANK,
Works_Recommended.csv,22250,Sanction Date,MISSING_OR_BLANK,
Works_Recommended.csv,22251,Sanction Date,MISSING_OR_BLANK,
Works_Recommended.csv,22252,Sanction Date,MISSING_OR_BLANK,
Works_Recommended.csv,22253,Sanction Date,MISSING_OR_BLANK,
Works_Recommended.csv,22254,Sanction Date,MISSING_OR_BLANK,
Works_Recommended.csv,22255,Sanction Date,MISSING_OR_BLANK,
Works_Recommended.csv,22256,Sanction Date,MISSING_OR_BLANK,
Works_Recommended.csv,22257,Sanction Date,MISSING_OR_BLANK,
Works_Recommended.csv,22258,Sanction Date,MISSING_OR_BLANK,
Works_Recommended.csv,22259,Sanction Date,MISSING_OR_BLANK,
Works_Recommended.csv,22262,Sanction Date,MISSING_OR_BLANK,
Works_Recommended.csv,22263,Sanction Date,MISSING_OR_BLANK,
Works_Recommended.csv,22264,Sanction Date,MISSING_OR_BLANK,
Works_Recommended.csv,22265,Sanction Date,MISSING_OR_BLANK,
Works_Recommended.csv,22266,Sanction Date,MISSING_OR_BLANK,
Works_Recommended.csv,22267,Sanction Date,MISSING_OR_BLANK,
Works_Recommended.csv,22268,Sanction Date,MISSING_OR_BLANK,
Works_Recommended.csv,22269,Sanction Date,MISSING_OR_BLANK,
Works_Recommended.csv,22270,Sanction Date,MISSING_OR_BLANK,
Works_Recommended.csv,22271,Sanction Date,MISSING_OR_BLANK,
Works_Recommended.csv,22272,Sanction Date,MISSING_OR_BLANK,
Works_Recommended.csv,22273,Sanction Date,MISSING_OR_BLANK,
Works_Recommended.csv,22274,Sanction Date,MISSING_OR_BLANK,
Works_Recommended.csv,22277,Sanction Date,MISSING_OR_BLANK,
Works_Recommended.csv,22278,Sanction Date,MISSING_OR_BLANK,
Works_Recommended.csv,22279,Sanction Date,MISSING_OR_BLANK,
Works_Recommended.csv,22280,Sanction Date,MISSING_OR_BLANK,
Works_Recommended.csv,22281,Sanction Date,MISSING_OR_BLANK,
Works_Recommended.csv,22282,Sanction Date,MISSING_OR_BLANK,
Works_Recommended.csv,22284,Sanction Date,MISSING_OR_BLANK,
Works_Recommended.csv,22285,Sanction Date,MISSING_OR_BLANK,
Works_Recommended.csv,22290,Sanction Date,MISSING_OR_BLANK,
Works_Recommended.csv,22291,Sanction Date,MISSING_OR_BLANK,
Works_Recommended.csv,22292,Sanction Date,MISSING_OR_BLANK,
Works_Recommended.csv,22293,Sanction Date,MISSING_OR_BLANK,
Works_Recommended.csv,22294,Sanction Date,MISSING_OR_BLANK,
Works_Recommended.csv,22296,Sanction Date,MISSING_OR_BLANK,
Works_Recommended.csv,22297,Sanction Date,MISSING_OR_BLANK,
Works_Recommended.csv,22298,Sanction Date,MISSING_OR_BLANK,
Works_Recommended.csv,22300,Sanction Date,MISSING_OR_BLANK,
Works_Recommended.csv,22307,Sanction Date,MISSING_OR_BLANK,
Works_Recommended.csv,22308,Sanction Date,MISSING_OR_BLANK,
Works_Recommended.csv,22311,Sanction Date,MISSING_OR_BLANK,
Works_Recommended.csv,22312,Sanction Date,MISSING_OR_BLANK,
Works_Recommended.csv,22313,Sanction Date,MISSING_OR_BLANK,
Works_Recommended.csv,22314,Sanction Date,MISSING_OR_BLANK,
Works_Recommended.csv,22315,Sanction Date,MISSING_OR_BLANK,
Works_Recommended.csv,22316,Sanction Date,MISSING_OR_BLANK,
Works_Recommended.csv,22317,Sanction Date,MISSING_OR_BLANK,
Works_Recommended.csv,22318,Sanction Date,MISSING_OR_BLANK,
Works_Recommended.csv,22319,Sanction Date,MISSING_OR_BLANK,
Works_Recommended.csv,22320,Sanction Date,MISSING_OR_BLANK,
Works_Recommended.csv,22321,Sanction Date,MISSING_OR_BLANK,
Works_Recommended.csv,22322,Sanction Date,MISSING_OR_BLANK,
Works_Recommended.csv,22323,Sanction Date,MISSING_OR_BLANK,
Works_Recommended.csv,22324,Sanction Date,MISSING_OR_BLANK,
Works_Recommended.csv,22325,Sanction Date,MISSING_OR_BLANK,
Works_Recommended.csv,22326,Sanction Date,MISSING_OR_BLANK,
Works_Recommended.csv,22327,Sanction Date,MISSING_OR_BLANK,
Works_Recommended.csv,22328,Sanction Date,MISSING_OR_BLANK,
Works_Recommended.csv,22329,Sanction Date,MISSING_OR_BLANK,
Works_Recommended.csv,22330,Sanction Date,MISSING_OR_BLANK,
Works_Recommended.csv,22335,Sanction Date,MISSING_OR_BLANK,
Works_Recommended.csv,22337,Sanction Date,MISSING_OR_BLANK,
Works_Recommended.csv,22338,Sanction Date,MISSING_OR_BLANK,
Works_Recommended.csv,22339,Sanction Date,MISSING_OR_BLANK,
Works_Recommended.csv,22340,Sanction Date,MISSING_OR_BLANK,
Works_Recommended.csv,22341,Sanction Date,MISSING_OR_BLANK,
Works_Recommended.csv,22342,Sanction Date,MISSING_OR_BLANK,
Works_Recommended.csv,22343,Sanction Date,MISSING_OR_BLANK,
Works_Recommended.csv,22344,Sanction Date,MISSING_OR_BLANK,
Works_Recommended.csv,22346,Sanction Date,MISSING_OR_BLANK,
Works_Recommended.csv,22347,Sanction Date,MISSING_OR_BLANK,
Works_Recommended.csv,22348,Sanction Date,MISSING_OR_BLANK,
Works_Recommended.csv,22350,Sanction Date,MISSING_OR_BLANK,
Works_Recommended.csv,22351,Sanction Date,MISSING_OR_BLANK,
Works_Recommended.csv,22352,Sanction Date,MISSING_OR_BLANK,
Works_Recommended.csv,22353,Sanction Date,MISSING_OR_BLANK,
Works_Recommended.csv,22354,Sanction Date,MISSING_OR_BLANK,
Works_Recommended.csv,22357,Sanction Date,MISSING_OR_BLANK,
Works_Recommended.csv,22358,Sanction Date,MISSING_OR_BLANK,
Works_Recommended.csv,22359,Sanction Date,MISSING_OR_BLANK,
Works_Recommended.csv,22360,Sanction Date,MISSING_OR_BLANK,
Works_Recommended.csv,22362,Sanction Date,MISSING_OR_BLANK,
Works_Recommended.csv,22363,Sanction Date,MISSING_OR_BLANK,
Works_Recommended.csv,22364,Sanction Date,MISSING_OR_BLANK,
Works_Recommended.csv,22368,Sanction Date,MISSING_OR_BLANK,
Works_Recommended.csv,22369,Sanction Date,MISSING_OR_BLANK,
Works_Recommended.csv,22370,Sanction Date,MISSING_OR_BLANK,
Works_Recommended.csv,22373,Sanction Date,MISSING_OR_BLANK,
Works_Recommended.csv,22374,Sanction Date,MISSING_OR_BLANK,
Works_Recommended.csv,22383,Sanction Date,MISSING_OR_BLANK,
Works_Recommended.csv,22384,Sanction Date,MISSING_OR_BLANK,
Works_Recommended.csv,22385,Sanction Date,MISSING_OR_BLANK,
Works_Recommended.csv,22386,Sanction Date,MISSING_OR_BLANK,
Works_Recommended.csv,22387,Sanction Date,MISSING_OR_BLANK,
Works_Recommended.csv,22388,Sanction Date,MISSING_OR_BLANK,
Works_Recommended.csv,22389,Sanction Date,MISSING_OR_BLANK,
Works_Recommended.csv,22390,Sanction Date,MISSING_OR_BLANK,
Works_Recommended.csv,22391,Sanction Date,MISSING_OR_BLANK,
Works_Recommended.csv,22392,Sanction Date,MISSING_OR_BLANK,
Works_Recommended.csv,22393,Sanction Date,MISSING_OR_BLANK,
Works_Recommended.csv,22394,Sanction Date,MISSING_OR_BLANK,
Works_Recommended.csv,22395,Sanction Date,MISSING_OR_BLANK,
Works_Recommended.csv,22396,Sanction Date,MISSING_OR_BLANK,
Works_Recommended.csv,22397,Sanction Date,MISSING_OR_BLANK,
Works_Recommended.csv,22398,Sanction Date,MISSING_OR_BLANK,
Works_Recommended.csv,22399,Sanction Date,MISSING_OR_BLANK,
Works_Recommended.csv,22400,Sanction Date,MISSING_OR_BLANK,
Works_Recommended.csv,22402,Sanction Date,MISSING_OR_BLANK,
Works_Recommended.csv,22404,Sanction Date,MISSING_OR_BLANK,
Works_Recommended.csv,22406,Sanction Date,MISSING_OR_BLANK,
Works_Recommended.csv,22407,Sanction Date,MISSING_OR_BLANK,
Works_Recommended.csv,22408,Sanction Date,MISSING_OR_BLANK,
Works_Recommended.csv,22409,Sanction Date,MISSING_OR_BLANK,
Works_Recommended.csv,22410,Sanction Date,MISSING_OR_BLANK,
Works_Recommended.csv,22411,Sanction Date,MISSING_OR_BLANK,
Works_Recommended.csv,22412,Sanction Date,MISSING_OR_BLANK,
Works_Recommended.csv,22413,Sanction Date,MISSING_OR_BLANK,
Works_Recommended.csv,22414,Sanction Date,MISSING_OR_BLANK,
Works_Recommended.csv,22415,Sanction Date,MISSING_OR_BLANK,
Works_Recommended.csv,22416,Sanction Date,MISSING_OR_BLANK,
Works_Recommended.csv,22417,Sanction Date,MISSING_OR_BLANK,
Works_Recommended.csv,22418,Sanction Date,MISSING_OR_BLANK,
Works_Recommended.csv,22419,Sanction Date,MISSING_OR_BLANK,
Works_Recommended.csv,22424,Sanction Date,MISSING_OR_BLANK,
Works_Recommended.csv,22426,Sanction Date,MISSING_OR_BLANK,
Works_Recommended.csv,22427,Sanction Date,MISSING_OR_BLANK,
Works_Recommended.csv,22428,Sanction Date,MISSING_OR_BLANK,
Works_Recommended.csv,22429,Sanction Date,MISSING_OR_BLANK,
Works_Recommended.csv,22430,Sanction Date,MISSING_OR_BLANK,
Works_Recommended.csv,22431,Sanction Date,MISSING_OR_BLANK,
Works_Recommended.csv,22433,Sanction Date,MISSING_OR_BLANK,
Works_Recommended.csv,22434,Sanction Date,MISSING_OR_BLANK,
Works_Recommended.csv,22460,Sanction Date,MISSING_OR_BLANK,
Works_Recommended.csv,22461,Sanction Date,MISSING_OR_BLANK,
Works_Recommended.csv,22462,Sanction Date,MISSING_OR_BLANK,
Works_Recommended.csv,22463,Sanction Date,MISSING_OR_BLANK,
Works_Recommended.csv,22464,Sanction Date,MISSING_OR_BLANK,
Works_Recommended.csv,22465,Sanction Date,MISSING_OR_BLANK,
Works_Recommended.csv,22466,Sanction Date,MISSING_OR_BLANK,
Works_Recommended.csv,22467,Sanction Date,MISSING_OR_BLANK,
Works_Recommended.csv,22468,Sanction Date,MISSING_OR_BLANK,
Works_Recommended.csv,22469,Sanction Date,MISSING_OR_BLANK,
Works_Recommended.csv,22470,Sanction Date,MISSING_OR_BLANK,
Works_Recommended.csv,22471,Sanction Date,MISSING_OR_BLANK,
Works_Recommended.csv,22472,Sanction Date,MISSING_OR_BLANK,
Works_Recommended.csv,22473,Sanction Date,MISSING_OR_BLANK,
Works_Recommended.csv,22474,Sanction Date,MISSING_OR_BLANK,
Works_Recommended.csv,22475,Sanction Date,MISSING_OR_BLANK,
Works_Recommended.csv,22476,Sanction Date,MISSING_OR_BLANK,
Works_Recommended.csv,22477,Sanction Date,MISSING_OR_BLANK,
Works_Recommended.csv,22478,Sanction Date,MISSING_OR_BLANK,
Works_Recommended.csv,22479,Sanction Date,MISSING_OR_BLANK,
Works_Recommended.csv,22480,Sanction Date,MISSING_OR_BLANK,
Works_Recommended.csv,22481,Sanction Date,MISSING_OR_BLANK,
Works_Recommended.csv,22482,Sanction Date,MISSING_OR_BLANK,
Works_Recommended.csv,22483,Sanction Date,MISSING_OR_BLANK,
Works_Recommended.csv,22484,Sanction Date,MISSING_OR_BLANK,
Works_Recommended.csv,22485,Sanction Date,MISSING_OR_BLANK,
Works_Recommended.csv,22486,Sanction Date,MISSING_OR_BLANK,
Works_Recommended.csv,22487,Sanction Date,MISSING_OR_BLANK,
Works_Recommended.csv,22488,Sanction Date,MISSING_OR_BLANK,
Works_Recommended.csv,22489,Sanction Date,MISSING_OR_BLANK,
Works_Recommended.csv,22490,Sanction Date,MISSING_OR_BLANK,
Works_Recommended.csv,22491,Sanction Date,MISSING_OR_BLANK,
Works_Recommended.csv,22492,Sanction Date,MISSING_OR_BLANK,
Works_Recommended.csv,22493,Sanction Date,MISSING_OR_BLANK,
Works_Recommended.csv,22494,Sanction Date,MISSING_OR_BLANK,
Works_Recommended.csv,22495,Sanction Date,MISSING_OR_BLANK,
Works_Recommended.csv,22500,Sanction Date,MISSING_OR_BLANK,
Works_Recommended.csv,22501,Sanction Date,MISSING_OR_BLANK,
Works_Recommended.csv,22502,Sanction Date,MISSING_OR_BLANK,
Works_Recommended.csv,22508,Sanction Date,MISSING_OR_BLANK,
Works_Recommended.csv,22509,Sanction Date,MISSING_OR_BLANK,
Works_Recommended.csv,22510,Sanction Date,MISSING_OR_BLANK,
Works_Recommended.csv,22511,Sanction Date,MISSING_OR_BLANK,
Works_Recommended.csv,22512,Sanction Date,MISSING_OR_BLANK,
Works_Recommended.csv,22513,Sanction Date,MISSING_OR_BLANK,
Works_Recommended.csv,22514,Sanction Date,MISSING_OR_BLANK,
Works_Recommended.csv,22517,Sanction Date,MISSING_OR_BLANK,
Works_Recommended.csv,22518,Sanction Date,MISSING_OR_BLANK,
Works_Recommended.csv,22519,Sanction Date,MISSING_OR_BLANK,
Works_Recommended.csv,22520,Sanction Date,MISSING_OR_BLANK,
Works_Recommended.csv,22521,Sanction Date,MISSING_OR_BLANK,
Works_Recommended.csv,22522,Sanction Date,MISSING_OR_BLANK,
Works_Recommended.csv,22523,Sanction Date,MISSING_OR_BLANK,
Works_Recommended.csv,22524,Sanction Date,MISSING_OR_BLANK,
Works_Recommended.csv,22525,Sanction Date,MISSING_OR_BLANK,
Works_Recommended.csv,22526,Sanction Date,MISSING_OR_BLANK,
Works_Recommended.csv,22527,Sanction Date,MISSING_OR_BLANK,
Works_Recommended.csv,22528,Sanction Date,MISSING_OR_BLANK,
Works_Recommended.csv,22529,Sanction Date,MISSING_OR_BLANK,
Works_Recommended.csv,22530,Sanction Date,MISSING_OR_BLANK,
Works_Recommended.csv,22531,Sanction Date,MISSING_OR_BLANK,
Works_Recommended.csv,22532,Sanction Date,MISSING_OR_BLANK,
Works_Recommended.csv,22533,Sanction Date,MISSING_OR_BLANK,
Works_Recommended.csv,22534,Sanction Date,MISSING_OR_BLANK,
Works_Recommended.csv,22535,Sanction Date,MISSING_OR_BLANK,
Works_Recommended.csv,22536,Sanction Date,MISSING_OR_BLANK,
Works_Recommended.csv,22537,Sanction Date,MISSING_OR_BLANK,
Works_Recommended.csv,22538,Sanction Date,MISSING_OR_BLANK,
Works_Recommended.csv,22539,Sanction Date,MISSING_OR_BLANK,
Works_Recommended.csv,22540,Sanction Date,MISSING_OR_BLANK,
Works_Recommended.csv,22541,Sanction Date,MISSING_OR_BLANK,
Works_Recommended.csv,22542,Sanction Date,MISSING_OR_BLANK,
Works_Recommended.csv,22543,Sanction Date,MISSING_OR_BLANK,
Works_Recommended.csv,22544,Sanction Date,MISSING_OR_BLANK,
Works_Recommended.csv,22545,Sanction Date,MISSING_OR_BLANK,
Works_Recommended.csv,22546,Sanction Date,MISSING_OR_BLANK,
Works_Recommended.csv,22547,Sanction Date,MISSING_OR_BLANK,
Works_Recommended.csv,22548,Sanction Date,MISSING_OR_BLANK,
Works_Recommended.csv,22549,Sanction Date,MISSING_OR_BLANK,
Works_Recommended.csv,22550,Sanction Date,MISSING_OR_BLANK,
Works_Recommended.csv,22551,Sanction Date,MISSING_OR_BLANK,
Works_Recommended.csv,22552,Sanction Date,MISSING_OR_BLANK,
Works_Recommended.csv,22553,Sanction Date,MISSING_OR_BLANK,
Works_Recommended.csv,22555,Sanction Date,MISSING_OR_BLANK,
Works_Recommended.csv,22556,Sanction Date,MISSING_OR_BLANK,
Works_Recommended.csv,22558,Sanction Date,MISSING_OR_BLANK,
Works_Recommended.csv,22559,Sanction Date,MISSING_OR_BLANK,
Works_Recommended.csv,22560,Sanction Date,MISSING_OR_BLANK,
Works_Recommended.csv,22561,Sanction Date,MISSING_OR_BLANK,
Works_Recommended.csv,22562,Sanction Date,MISSING_OR_BLANK,
Works_Recommended.csv,22563,Sanction Date,MISSING_OR_BLANK,
Works_Recommended.csv,22564,Sanction Date,MISSING_OR_BLANK,
Works_Recommended.csv,22565,Sanction Date,MISSING_OR_BLANK,
Works_Recommended.csv,22566,Sanction Date,MISSING_OR_BLANK,
Works_Recommended.csv,22567,Sanction Date,MISSING_OR_BLANK,
Works_Recommended.csv,22568,Sanction Date,MISSING_OR_BLANK,
Works_Recommended.csv,22569,Sanction Date,MISSING_OR_BLANK,
Works_Recommended.csv,22570,Sanction Date,MISSING_OR_BLANK,
Works_Recommended.csv,22576,Sanction Date,MISSING_OR_BLANK,
Works_Recommended.csv,22578,Sanction Date,MISSING_OR_BLANK,
Works_Recommended.csv,22579,Sanction Date,MISSING_OR_BLANK,
Works_Recommended.csv,22580,Sanction Date,MISSING_OR_BLANK,
Works_Recommended.csv,22581,Sanction Date,MISSING_OR_BLANK,
Works_Recommended.csv,22582,Sanction Date,MISSING_OR_BLANK,
Works_Recommended.csv,22583,Sanction Date,MISSING_OR_BLANK,
Works_Recommended.csv,22584,Sanction Date,MISSING_OR_BLANK,
Works_Recommended.csv,22585,Sanction Date,MISSING_OR_BLANK,
Works_Recommended.csv,22586,Sanction Date,MISSING_OR_BLANK,
Works_Recommended.csv,22591,Sanction Date,MISSING_OR_BLANK,
Works_Recommended.csv,22592,Sanction Date,MISSING_OR_BLANK,
Works_Recommended.csv,22593,Sanction Date,MISSING_OR_BLANK,
Works_Recommended.csv,22594,Sanction Date,MISSING_OR_BLANK,
Works_Recommended.csv,22595,Sanction Date,MISSING_OR_BLANK,
Works_Recommended.csv,22596,Sanction Date,MISSING_OR_BLANK,
Works_Recommended.csv,22597,Sanction Date,MISSING_OR_BLANK,
Works_Recommended.csv,22598,Sanction Date,MISSING_OR_BLANK,
Works_Recommended.csv,22602,Sanction Date,MISSING_OR_BLANK,
Works_Recommended.csv,22603,Sanction Date,MISSING_OR_BLANK,
Works_Recommended.csv,22604,Sanction Date,MISSING_OR_BLANK,
Works_Recommended.csv,22605,Sanction Date,MISSING_OR_BLANK,
Works_Recommended.csv,22606,Sanction Date,MISSING_OR_BLANK,
Works_Recommended.csv,22607,Sanction Date,MISSING_OR_BLANK,
Works_Recommended.csv,22608,Sanction Date,MISSING_OR_BLANK,
Works_Recommended.csv,22609,Sanction Date,MISSING_OR_BLANK,
Works_Recommended.csv,22610,Sanction Date,MISSING_OR_BLANK,
Works_Recommended.csv,22611,Sanction Date,MISSING_OR_BLANK,
Works_Recommended.csv,22612,Sanction Date,MISSING_OR_BLANK,
Works_Recommended.csv,22623,Sanction Date,MISSING_OR_BLANK,
Works_Recommended.csv,22624,Sanction Date,MISSING_OR_BLANK,
Works_Recommended.csv,22625,Sanction Date,MISSING_OR_BLANK,
Works_Recommended.csv,22626,Sanction Date,MISSING_OR_BLANK,
Works_Recommended.csv,22627,Sanction Date,MISSING_OR_BLANK,
Works_Recommended.csv,22628,Sanction Date,MISSING_OR_BLANK,
Works_Recommended.csv,22629,Sanction Date,MISSING_OR_BLANK,
Works_Recommended.csv,22630,Sanction Date,MISSING_OR_BLANK,
Works_Recommended.csv,22631,Sanction Date,MISSING_OR_BLANK,
Works_Recommended.csv,22632,Sanction Date,MISSING_OR_BLANK,
Works_Recommended.csv,22633,Sanction Date,MISSING_OR_BLANK,
Works_Recommended.csv,22634,Sanction Date,MISSING_OR_BLANK,
Works_Recommended.csv,22635,Sanction Date,MISSING_OR_BLANK,
Works_Recommended.csv,22636,Sanction Date,MISSING_OR_BLANK,
Works_Recommended.csv,22637,Sanction Date,MISSING_OR_BLANK,
Works_Recommended.csv,22638,Sanction Date,MISSING_OR_BLANK,
Works_Recommended.csv,22639,Sanction Date,MISSING_OR_BLANK,
Works_Recommended.csv,22640,Sanction Date,MISSING_OR_BLANK,
Works_Recommended.csv,22641,Sanction Date,MISSING_OR_BLANK,
Works_Recommended.csv,22642,Sanction Date,MISSING_OR_BLANK,
Works_Recommended.csv,22643,Sanction Date,MISSING_OR_BLANK,
Works_Recommended.csv,22644,Sanction Date,MISSING_OR_BLANK,
Works_Recommended.csv,22645,Sanction Date,MISSING_OR_BLANK,
Works_Recommended.csv,22648,Sanction Date,MISSING_OR_BLANK,
Works_Recommended.csv,22649,Sanction Date,MISSING_OR_BLANK,
Works_Recommended.csv,22650,Sanction Date,MISSING_OR_BLANK,
Works_Recommended.csv,22651,Sanction Date,MISSING_OR_BLANK,
Works_Recommended.csv,22652,Sanction Date,MISSING_OR_BLANK,
Works_Recommended.csv,22653,Sanction Date,MISSING_OR_BLANK,
Works_Recommended.csv,22655,Sanction Date,MISSING_OR_BLANK,
Works_Recommended.csv,22656,Sanction Date,MISSING_OR_BLANK,
Works_Recommended.csv,22657,Sanction Date,MISSING_OR_BLANK,
Works_Recommended.csv,22660,Sanction Date,MISSING_OR_BLANK,
Works_Recommended.csv,22661,Sanction Date,MISSING_OR_BLANK,
Works_Recommended.csv,22662,Sanction Date,MISSING_OR_BLANK,
Works_Recommended.csv,22663,Sanction Date,MISSING_OR_BLANK,
Works_Recommended.csv,22665,Sanction Date,MISSING_OR_BLANK,
Works_Recommended.csv,22667,Sanction Date,MISSING_OR_BLANK,
Works_Recommended.csv,22668,Sanction Date,MISSING_OR_BLANK,
Works_Recommended.csv,22669,Sanction Date,MISSING_OR_BLANK,
Works_Recommended.csv,22670,Sanction Date,MISSING_OR_BLANK,
Works_Recommended.csv,22671,Sanction Date,MISSING_OR_BLANK,
Works_Recommended.csv,22672,Sanction Date,MISSING_OR_BLANK,
Works_Recommended.csv,22673,Sanction Date,MISSING_OR_BLANK,
Works_Recommended.csv,22674,Sanction Date,MISSING_OR_BLANK,
Works_Recommended.csv,22675,Sanction Date,MISSING_OR_BLANK,
Works_Recommended.csv,22676,Sanction Date,MISSING_OR_BLANK,
Works_Recommended.csv,22677,Sanction Date,MISSING_OR_BLANK,
Works_Recommended.csv,22678,Sanction Date,MISSING_OR_BLANK,
Works_Recommended.csv,22680,Sanction Date,MISSING_OR_BLANK,
Works_Recommended.csv,22682,Sanction Date,MISSING_OR_BLANK,
Works_Recommended.csv,22683,Sanction Date,MISSING_OR_BLANK,
Works_Recommended.csv,22684,Sanction Date,MISSING_OR_BLANK,
Works_Recommended.csv,22685,Sanction Date,MISSING_OR_BLANK,
Works_Recommended.csv,22686,Sanction Date,MISSING_OR_BLANK,
Works_Recommended.csv,22689,Sanction Date,MISSING_OR_BLANK,
Works_Recommended.csv,22690,Sanction Date,MISSING_OR_BLANK,
Works_Recommended.csv,22691,Sanction Date,MISSING_OR_BLANK,
Works_Recommended.csv,22692,Sanction Date,MISSING_OR_BLANK,
Works_Recommended.csv,22693,Sanction Date,MISSING_OR_BLANK,
Works_Recommended.csv,22694,Sanction Date,MISSING_OR_BLANK,
Works_Recommended.csv,22695,Sanction Date,MISSING_OR_BLANK,
Works_Recommended.csv,22726,Sanction Date,MISSING_OR_BLANK,
Works_Recommended.csv,22727,Sanction Date,MISSING_OR_BLANK,
Works_Recommended.csv,22740,Sanction Date,MISSING_OR_BLANK,
Works_Recommended.csv,22741,Sanction Date,MISSING_OR_BLANK,
Works_Recommended.csv,22742,Sanction Date,MISSING_OR_BLANK,
Works_Recommended.csv,22743,Sanction Date,MISSING_OR_BLANK,
Works_Recommended.csv,22744,Sanction Date,MISSING_OR_BLANK,
Works_Recommended.csv,22745,Sanction Date,MISSING_OR_BLANK,
Works_Recommended.csv,22746,Sanction Date,MISSING_OR_BLANK,
Works_Recommended.csv,22747,Sanction Date,MISSING_OR_BLANK,
Works_Recommended.csv,22748,Sanction Date,MISSING_OR_BLANK,
Works_Recommended.csv,22757,Sanction Date,MISSING_OR_BLANK,
Works_Recommended.csv,22759,Sanction Date,MISSING_OR_BLANK,
Works_Recommended.csv,22760,Sanction Date,MISSING_OR_BLANK,
Works_Recommended.csv,22761,Sanction Date,MISSING_OR_BLANK,
Works_Recommended.csv,22762,Sanction Date,MISSING_OR_BLANK,
Works_Recommended.csv,22763,Sanction Date,MISSING_OR_BLANK,
Works_Recommended.csv,22764,Sanction Date,MISSING_OR_BLANK,
Works_Recommended.csv,22765,Sanction Date,MISSING_OR_BLANK,
Works_Recommended.csv,22766,Sanction Date,MISSING_OR_BLANK,
Works_Recommended.csv,22767,Sanction Date,MISSING_OR_BLANK,
Works_Recommended.csv,22768,Sanction Date,MISSING_OR_BLANK,
Works_Recommended.csv,22769,Sanction Date,MISSING_OR_BLANK,
Works_Recommended.csv,22770,Sanction Date,MISSING_OR_BLANK,
Works_Recommended.csv,22771,Sanction Date,MISSING_OR_BLANK,
Works_Recommended.csv,22772,Sanction Date,MISSING_OR_BLANK,
Works_Recommended.csv,22773,Sanction Date,MISSING_OR_BLANK,
Works_Recommended.csv,22774,Sanction Date,MISSING_OR_BLANK,
Works_Recommended.csv,22775,Sanction Date,MISSING_OR_BLANK,
Works_Recommended.csv,22776,Sanction Date,MISSING_OR_BLANK,
Works_Recommended.csv,22777,Sanction Date,MISSING_OR_BLANK,
Works_Recommended.csv,22778,Sanction Date,MISSING_OR_BLANK,
Works_Recommended.csv,22779,Sanction Date,MISSING_OR_BLANK,
Works_Recommended.csv,22780,Sanction Date,MISSING_OR_BLANK,
Works_Recommended.csv,22781,Sanction Date,MISSING_OR_BLANK,
Works_Recommended.csv,22782,Sanction Date,MISSING_OR_BLANK,
Works_Recommended.csv,22783,Sanction Date,MISSING_OR_BLANK,
Works_Recommended.csv,22784,Sanction Date,MISSING_OR_BLANK,
Works_Recommended.csv,22786,Sanction Date,MISSING_OR_BLANK,
Works_Recommended.csv,22789,Sanction Date,MISSING_OR_BLANK,
Works_Recommended.csv,22790,Sanction Date,MISSING_OR_BLANK,
Works_Recommended.csv,22791,Sanction Date,MISSING_OR_BLANK,
Works_Recommended.csv,22792,Sanction Date,MISSING_OR_BLANK,
Works_Recommended.csv,22793,Sanction Date,MISSING_OR_BLANK,
Works_Recommended.csv,22794,Sanction Date,MISSING_OR_BLANK,
Works_Recommended.csv,22829,Sanction Date,MISSING_OR_BLANK,
Works_Recommended.csv,22830,Sanction Date,MISSING_OR_BLANK,
Works_Recommended.csv,22831,Sanction Date,MISSING_OR_BLANK,
Works_Recommended.csv,22834,Sanction Date,MISSING_OR_BLANK,
Works_Recommended.csv,22839,Sanction Date,MISSING_OR_BLANK,
Works_Recommended.csv,22844,Sanction Date,MISSING_OR_BLANK,
Works_Recommended.csv,22845,Sanction Date,MISSING_OR_BLANK,
Works_Recommended.csv,22846,Sanction Date,MISSING_OR_BLANK,
Works_Recommended.csv,22847,Sanction Date,MISSING_OR_BLANK,
Works_Recommended.csv,22848,Sanction Date,MISSING_OR_BLANK,
Works_Recommended.csv,22849,Sanction Date,MISSING_OR_BLANK,
Works_Recommended.csv,22850,Sanction Date,MISSING_OR_BLANK,
Works_Recommended.csv,22851,Sanction Date,MISSING_OR_BLANK,
Works_Recommended.csv,22852,Sanction Date,MISSING_OR_BLANK,
Works_Recommended.csv,22853,Sanction Date,MISSING_OR_BLANK,
Works_Recommended.csv,22854,Sanction Date,MISSING_OR_BLANK,
Works_Recommended.csv,22857,Sanction Date,MISSING_OR_BLANK,
Works_Recommended.csv,22858,Sanction Date,MISSING_OR_BLANK,
Works_Recommended.csv,22859,Sanction Date,MISSING_OR_BLANK,
Works_Recommended.csv,22860,Sanction Date,MISSING_OR_BLANK,
Works_Recommended.csv,22862,Sanction Date,MISSING_OR_BLANK,
Works_Recommended.csv,22863,Sanction Date,MISSING_OR_BLANK,
Works_Recommended.csv,22864,Sanction Date,MISSING_OR_BLANK,
Works_Recommended.csv,22865,Sanction Date,MISSING_OR_BLANK,
Works_Recommended.csv,22867,Sanction Date,MISSING_OR_BLANK,
Works_Recommended.csv,22868,Sanction Date,MISSING_OR_BLANK,
Works_Recommended.csv,22869,Sanction Date,MISSING_OR_BLANK,
Works_Recommended.csv,22870,Sanction Date,MISSING_OR_BLANK,
Works_Recommended.csv,22872,Sanction Date,MISSING_OR_BLANK,
Works_Recommended.csv,22873,Sanction Date,MISSING_OR_BLANK,
Works_Recommended.csv,22874,Sanction Date,MISSING_OR_BLANK,
Works_Recommended.csv,22875,Sanction Date,MISSING_OR_BLANK,
Works_Recommended.csv,22876,Sanction Date,MISSING_OR_BLANK,
Works_Recommended.csv,22877,Sanction Date,MISSING_OR_BLANK,
Works_Recommended.csv,22878,Sanction Date,MISSING_OR_BLANK,
Works_Recommended.csv,22879,Sanction Date,MISSING_OR_BLANK,
Works_Recommended.csv,22881,Sanction Date,MISSING_OR_BLANK,
Works_Recommended.csv,22882,Sanction Date,MISSING_OR_BLANK,
Works_Recommended.csv,22883,Sanction Date,MISSING_OR_BLANK,
Works_Recommended.csv,22884,Sanction Date,MISSING_OR_BLANK,
Works_Recommended.csv,22885,Sanction Date,MISSING_OR_BLANK,
Works_Recommended.csv,22887,Sanction Date,MISSING_OR_BLANK,
Works_Recommended.csv,22889,Sanction Date,MISSING_OR_BLANK,
Works_Recommended.csv,22890,Sanction Date,MISSING_OR_BLANK,
Works_Recommended.csv,22891,Sanction Date,MISSING_OR_BLANK,
Works_Recommended.csv,22892,Sanction Date,MISSING_OR_BLANK,
Works_Recommended.csv,22893,Sanction Date,MISSING_OR_BLANK,
Works_Recommended.csv,22894,Sanction Date,MISSING_OR_BLANK,
Works_Recommended.csv,22895,Sanction Date,MISSING_OR_BLANK,
Works_Recommended.csv,22896,Sanction Date,MISSING_OR_BLANK,
Works_Recommended.csv,22897,Sanction Date,MISSING_OR_BLANK,
Works_Recommended.csv,22898,Sanction Date,MISSING_OR_BLANK,
Works_Recommended.csv,22899,Sanction Date,MISSING_OR_BLANK,
Works_Recommended.csv,22900,Sanction Date,MISSING_OR_BLANK,
Works_Recommended.csv,22901,Sanction Date,MISSING_OR_BLANK,
Works_Recommended.csv,22902,Sanction Date,MISSING_OR_BLANK,
Works_Recommended.csv,22903,Sanction Date,MISSING_OR_BLANK,
Works_Recommended.csv,22904,Sanction Date,MISSING_OR_BLANK,
Works_Recommended.csv,22905,Sanction Date,MISSING_OR_BLANK,
Works_Recommended.csv,22906,Sanction Date,MISSING_OR_BLANK,
Works_Recommended.csv,22907,Sanction Date,MISSING_OR_BLANK,
Works_Recommended.csv,22908,Sanction Date,MISSING_OR_BLANK,
Works_Recommended.csv,22909,Sanction Date,MISSING_OR_BLANK,
Works_Recommended.csv,22910,Sanction Date,MISSING_OR_BLANK,
Works_Recommended.csv,22911,Sanction Date,MISSING_OR_BLANK,
Works_Recommended.csv,22912,Sanction Date,MISSING_OR_BLANK,
Works_Recommended.csv,22913,Sanction Date,MISSING_OR_BLANK,
Works_Recommended.csv,22914,Sanction Date,MISSING_OR_BLANK,
Works_Recommended.csv,22915,Sanction Date,MISSING_OR_BLANK,
Works_Recommended.csv,22916,Sanction Date,MISSING_OR_BLANK,
Works_Recommended.csv,22917,Sanction Date,MISSING_OR_BLANK,
Works_Recommended.csv,22918,Sanction Date,MISSING_OR_BLANK,
Works_Recommended.csv,22919,Sanction Date,MISSING_OR_BLANK,
Works_Recommended.csv,22920,Sanction Date,MISSING_OR_BLANK,
Works_Recommended.csv,22921,Sanction Date,MISSING_OR_BLANK,
Works_Recommended.csv,22922,Sanction Date,MISSING_OR_BLANK,
Works_Recommended.csv,22923,Sanction Date,MISSING_OR_BLANK,
Works_Recommended.csv,22924,Sanction Date,MISSING_OR_BLANK,
Works_Recommended.csv,22925,Sanction Date,MISSING_OR_BLANK,
Works_Recommended.csv,22926,Sanction Date,MISSING_OR_BLANK,
Works_Recommended.csv,22927,Sanction Date,MISSING_OR_BLANK,
Works_Recommended.csv,22928,Sanction Date,MISSING_OR_BLANK,
Works_Recommended.csv,22929,Sanction Date,MISSING_OR_BLANK,
Works_Recommended.csv,22930,Sanction Date,MISSING_OR_BLANK,
Works_Recommended.csv,22931,Sanction Date,MISSING_OR_BLANK,
Works_Recommended.csv,22932,Sanction Date,MISSING_OR_BLANK,
Works_Recommended.csv,22933,Sanction Date,MISSING_OR_BLANK,
Works_Recommended.csv,22934,Sanction Date,MISSING_OR_BLANK,
Works_Recommended.csv,22935,Sanction Date,MISSING_OR_BLANK,
Works_Recommended.csv,22936,Sanction Date,MISSING_OR_BLANK,
Works_Recommended.csv,22937,Sanction Date,MISSING_OR_BLANK,
Works_Recommended.csv,22938,Sanction Date,MISSING_OR_BLANK,
Works_Recommended.csv,22939,Sanction Date,MISSING_OR_BLANK,
Works_Recommended.csv,22940,Sanction Date,MISSING_OR_BLANK,
Works_Recommended.csv,22941,Sanction Date,MISSING_OR_BLANK,
Works_Recommended.csv,22942,Sanction Date,MISSING_OR_BLANK,
Works_Recommended.csv,22943,Sanction Date,MISSING_OR_BLANK,
Works_Recommended.csv,22944,Sanction Date,MISSING_OR_BLANK,
Works_Recommended.csv,22945,Sanction Date,MISSING_OR_BLANK,
Works_Recommended.csv,22946,Sanction Date,MISSING_OR_BLANK,
Works_Recommended.csv,22947,Sanction Date,MISSING_OR_BLANK,
Works_Recommended.csv,22948,Sanction Date,MISSING_OR_BLANK,
Works_Recommended.csv,22949,Sanction Date,MISSING_OR_BLANK,
Works_Recommended.csv,22950,Sanction Date,MISSING_OR_BLANK,
Works_Recommended.csv,22951,Sanction Date,MISSING_OR_BLANK,
Works_Recommended.csv,22952,Sanction Date,MISSING_OR_BLANK,
Works_Recommended.csv,22953,Sanction Date,MISSING_OR_BLANK,
Works_Recommended.csv,22954,Sanction Date,MISSING_OR_BLANK,
Works_Recommended.csv,22955,Sanction Date,MISSING_OR_BLANK,
Works_Recommended.csv,22956,Sanction Date,MISSING_OR_BLANK,
Works_Recommended.csv,22957,Sanction Date,MISSING_OR_BLANK,
Works_Recommended.csv,22958,Sanction Date,MISSING_OR_BLANK,
Works_Recommended.csv,22959,Sanction Date,MISSING_OR_BLANK,
Works_Recommended.csv,22960,Sanction Date,MISSING_OR_BLANK,
Works_Recommended.csv,22961,Sanction Date,MISSING_OR_BLANK,
Works_Recommended.csv,22962,Sanction Date,MISSING_OR_BLANK,
Works_Recommended.csv,22963,Sanction Date,MISSING_OR_BLANK,
Works_Recommended.csv,22964,Sanction Date,MISSING_OR_BLANK,
Works_Recommended.csv,22965,Sanction Date,MISSING_OR_BLANK,
Works_Recommended.csv,22966,Sanction Date,MISSING_OR_BLANK,
Works_Recommended.csv,22967,Sanction Date,MISSING_OR_BLANK,
Works_Recommended.csv,22968,Sanction Date,MISSING_OR_BLANK,
Works_Recommended.csv,22969,Sanction Date,MISSING_OR_BLANK,
Works_Recommended.csv,22970,Sanction Date,MISSING_OR_BLANK,
Works_Recommended.csv,22971,Sanction Date,MISSING_OR_BLANK,
Works_Recommended.csv,22972,Sanction Date,MISSING_OR_BLANK,
Works_Recommended.csv,22973,Sanction Date,MISSING_OR_BLANK,
Works_Recommended.csv,22974,Sanction Date,MISSING_OR_BLANK,
Works_Recommended.csv,22975,Sanction Date,MISSING_OR_BLANK,
Works_Recommended.csv,22976,Sanction Date,MISSING_OR_BLANK,
Works_Recommended.csv,22977,Sanction Date,MISSING_OR_BLANK,
Works_Recommended.csv,22978,Sanction Date,MISSING_OR_BLANK,
Works_Recommended.csv,22979,Sanction Date,MISSING_OR_BLANK,
Works_Recommended.csv,22980,Sanction Date,MISSING_OR_BLANK,
Works_Recommended.csv,22981,Sanction Date,MISSING_OR_BLANK,
Works_Recommended.csv,22982,Sanction Date,MISSING_OR_BLANK,
Works_Recommended.csv,22983,Sanction Date,MISSING_OR_BLANK,
Works_Recommended.csv,22984,Sanction Date,MISSING_OR_BLANK,
Works_Recommended.csv,22985,Sanction Date,MISSING_OR_BLANK,
Works_Recommended.csv,22986,Sanction Date,MISSING_OR_BLANK,
Works_Recommended.csv,22987,Sanction Date,MISSING_OR_BLANK,
Works_Recommended.csv,22988,Sanction Date,MISSING_OR_BLANK,
Works_Recommended.csv,22989,Sanction Date,MISSING_OR_BLANK,
Works_Recommended.csv,22990,Sanction Date,MISSING_OR_BLANK,
Works_Recommended.csv,22991,Sanction Date,MISSING_OR_BLANK,
Works_Recommended.csv,22992,Sanction Date,MISSING_OR_BLANK,
Works_Recommended.csv,22993,Sanction Date,MISSING_OR_BLANK,
Works_Recommended.csv,22994,Sanction Date,MISSING_OR_BLANK,
Works_Recommended.csv,22995,Sanction Date,MISSING_OR_BLANK,
Works_Recommended.csv,22997,Sanction Date,MISSING_OR_BLANK,
Works_Recommended.csv,22998,Sanction Date,MISSING_OR_BLANK,
Works_Recommended.csv,22999,Sanction Date,MISSING_OR_BLANK,
Works_Recommended.csv,23000,Sanction Date,MISSING_OR_BLANK,
Works_Recommended.csv,23001,Sanction Date,MISSING_OR_BLANK,
Works_Recommended.csv,23002,Sanction Date,MISSING_OR_BLANK,
Works_Recommended.csv,23003,Sanction Date,MISSING_OR_BLANK,
Works_Recommended.csv,23004,Sanction Date,MISSING_OR_BLANK,
Works_Recommended.csv,23005,Sanction Date,MISSING_OR_BLANK,
Works_Recommended.csv,23006,Sanction Date,MISSING_OR_BLANK,
Works_Recommended.csv,23007,Sanction Date,MISSING_OR_BLANK,
Works_Recommended.csv,23008,Sanction Date,MISSING_OR_BLANK,
Works_Recommended.csv,23009,Sanction Date,MISSING_OR_BLANK,
Works_Recommended.csv,23010,Sanction Date,MISSING_OR_BLANK,
Works_Recommended.csv,23011,Sanction Date,MISSING_OR_BLANK,
Works_Recommended.csv,23013,Sanction Date,MISSING_OR_BLANK,
Works_Recommended.csv,23015,Sanction Date,MISSING_OR_BLANK,
Works_Recommended.csv,23016,Sanction Date,MISSING_OR_BLANK,
Works_Recommended.csv,23017,Sanction Date,MISSING_OR_BLANK,
Works_Recommended.csv,23018,Sanction Date,MISSING_OR_BLANK,
Works_Recommended.csv,23019,Sanction Date,MISSING_OR_BLANK,
Works_Recommended.csv,23020,Sanction Date,MISSING_OR_BLANK,
Works_Recommended.csv,23021,Sanction Date,MISSING_OR_BLANK,
Works_Recommended.csv,23022,Sanction Date,MISSING_OR_BLANK,
Works_Recommended.csv,23023,Sanction Date,MISSING_OR_BLANK,
Works_Recommended.csv,23024,Sanction Date,MISSING_OR_BLANK,
Works_Recommended.csv,23026,Sanction Date,MISSING_OR_BLANK,
Works_Recommended.csv,23027,Sanction Date,MISSING_OR_BLANK,
Works_Recommended.csv,23028,Sanction Date,MISSING_OR_BLANK,
Works_Recommended.csv,23029,Sanction Date,MISSING_OR_BLANK,
Works_Recommended.csv,23030,Sanction Date,MISSING_OR_BLANK,
Works_Recommended.csv,23031,Sanction Date,MISSING_OR_BLANK,
Works_Recommended.csv,23032,Sanction Date,MISSING_OR_BLANK,
Works_Recommended.csv,23033,Sanction Date,MISSING_OR_BLANK,
Works_Recommended.csv,23034,Sanction Date,MISSING_OR_BLANK,
Works_Recommended.csv,23035,Sanction Date,MISSING_OR_BLANK,
Works_Recommended.csv,23036,Sanction Date,MISSING_OR_BLANK,
Works_Recommended.csv,23037,Sanction Date,MISSING_OR_BLANK,
Works_Recommended.csv,23038,Sanction Date,MISSING_OR_BLANK,
Works_Recommended.csv,23039,Sanction Date,MISSING_OR_BLANK,
Works_Recommended.csv,23040,Sanction Date,MISSING_OR_BLANK,
Works_Recommended.csv,23041,Sanction Date,MISSING_OR_BLANK,
Works_Recommended.csv,23042,Sanction Date,MISSING_OR_BLANK,
Works_Recommended.csv,23043,Sanction Date,MISSING_OR_BLANK,
Works_Recommended.csv,23044,Sanction Date,MISSING_OR_BLANK,
Works_Recommended.csv,23045,Sanction Date,MISSING_OR_BLANK,
Works_Recommended.csv,23046,Sanction Date,MISSING_OR_BLANK,
Works_Recommended.csv,23047,Sanction Date,MISSING_OR_BLANK,
Works_Recommended.csv,23059,Sanction Date,MISSING_OR_BLANK,
Works_Recommended.csv,23060,Sanction Date,MISSING_OR_BLANK,
Works_Recommended.csv,23061,Sanction Date,MISSING_OR_BLANK,
Works_Recommended.csv,23062,Sanction Date,MISSING_OR_BLANK,
Works_Recommended.csv,23063,Sanction Date,MISSING_OR_BLANK,
Works_Recommended.csv,23064,Sanction Date,MISSING_OR_BLANK,
Works_Recommended.csv,23065,Sanction Date,MISSING_OR_BLANK,
Works_Recommended.csv,23066,Sanction Date,MISSING_OR_BLANK,
Works_Recommended.csv,23067,Sanction Date,MISSING_OR_BLANK,
Works_Recommended.csv,23068,Sanction Date,MISSING_OR_BLANK,
Works_Recommended.csv,23069,Sanction Date,MISSING_OR_BLANK,
Works_Recommended.csv,23070,Sanction Date,MISSING_OR_BLANK,
Works_Recommended.csv,23071,Sanction Date,MISSING_OR_BLANK,
Works_Recommended.csv,23072,Sanction Date,MISSING_OR_BLANK,
Works_Recommended.csv,23073,Sanction Date,MISSING_OR_BLANK,
Works_Recommended.csv,23074,Sanction Date,MISSING_OR_BLANK,
Works_Recommended.csv,23075,Sanction Date,MISSING_OR_BLANK,
Works_Recommended.csv,23076,Sanction Date,MISSING_OR_BLANK,
Works_Recommended.csv,23077,Sanction Date,MISSING_OR_BLANK,
Works_Recommended.csv,23078,Sanction Date,MISSING_OR_BLANK,
Works_Recommended.csv,23079,Sanction Date,MISSING_OR_BLANK,
Works_Recommended.csv,23080,Sanction Date,MISSING_OR_BLANK,
Works_Recommended.csv,23081,Sanction Date,MISSING_OR_BLANK,
Works_Recommended.csv,23082,Sanction Date,MISSING_OR_BLANK,
Works_Recommended.csv,23083,Sanction Date,MISSING_OR_BLANK,
Works_Recommended.csv,23084,Sanction Date,MISSING_OR_BLANK,
Works_Recommended.csv,23085,Sanction Date,MISSING_OR_BLANK,
Works_Recommended.csv,23086,Sanction Date,MISSING_OR_BLANK,
Works_Recommended.csv,23087,Sanction Date,MISSING_OR_BLANK,
Works_Recommended.csv,23088,Sanction Date,MISSING_OR_BLANK,
Works_Recommended.csv,23089,Sanction Date,MISSING_OR_BLANK,
Works_Recommended.csv,23090,Sanction Date,MISSING_OR_BLANK,
Works_Recommended.csv,23092,Sanction Date,MISSING_OR_BLANK,
Works_Recommended.csv,23093,Sanction Date,MISSING_OR_BLANK,
Works_Recommended.csv,23095,Sanction Date,MISSING_OR_BLANK,
Works_Recommended.csv,23096,Sanction Date,MISSING_OR_BLANK,
Works_Recommended.csv,23097,Sanction Date,MISSING_OR_BLANK,
Works_Recommended.csv,23098,Sanction Date,MISSING_OR_BLANK,
Works_Recommended.csv,23099,Sanction Date,MISSING_OR_BLANK,
Works_Recommended.csv,23101,Sanction Date,MISSING_OR_BLANK,
Works_Recommended.csv,23102,Sanction Date,MISSING_OR_BLANK,
Works_Recommended.csv,23103,Sanction Date,MISSING_OR_BLANK,
Works_Recommended.csv,23104,Sanction Date,MISSING_OR_BLANK,
Works_Recommended.csv,23105,Sanction Date,MISSING_OR_BLANK,
Works_Recommended.csv,23106,Sanction Date,MISSING_OR_BLANK,
Works_Recommended.csv,23107,Sanction Date,MISSING_OR_BLANK,
Works_Recommended.csv,23108,Sanction Date,MISSING_OR_BLANK,
Works_Recommended.csv,23109,Sanction Date,MISSING_OR_BLANK,
Works_Recommended.csv,23110,Sanction Date,MISSING_OR_BLANK,
Works_Recommended.csv,23111,Sanction Date,MISSING_OR_BLANK,
Works_Recommended.csv,23112,Sanction Date,MISSING_OR_BLANK,
Works_Recommended.csv,23113,Sanction Date,MISSING_OR_BLANK,
Works_Recommended.csv,23115,Sanction Date,MISSING_OR_BLANK,
Works_Recommended.csv,23116,Sanction Date,MISSING_OR_BLANK,
Works_Recommended.csv,23117,Sanction Date,MISSING_OR_BLANK,
Works_Recommended.csv,23118,Sanction Date,MISSING_OR_BLANK,
Works_Recommended.csv,23119,Sanction Date,MISSING_OR_BLANK,
Works_Recommended.csv,23120,Sanction Date,MISSING_OR_BLANK,
Works_Recommended.csv,23121,Sanction Date,MISSING_OR_BLANK,
Works_Recommended.csv,23122,Sanction Date,MISSING_OR_BLANK,
Works_Recommended.csv,23123,Sanction Date,MISSING_OR_BLANK,
Works_Recommended.csv,23124,Sanction Date,MISSING_OR_BLANK,
Works_Recommended.csv,23125,Sanction Date,MISSING_OR_BLANK,
Works_Recommended.csv,23126,Sanction Date,MISSING_OR_BLANK,
Works_Recommended.csv,23127,Sanction Date,MISSING_OR_BLANK,
Works_Recommended.csv,23128,Sanction Date,MISSING_OR_BLANK,
Works_Recommended.csv,23129,Sanction Date,MISSING_OR_BLANK,
Works_Recommended.csv,23130,Sanction Date,MISSING_OR_BLANK,
Works_Recommended.csv,23132,Sanction Date,MISSING_OR_BLANK,
Works_Recommended.csv,23133,Sanction Date,MISSING_OR_BLANK,
Works_Recommended.csv,23134,Sanction Date,MISSING_OR_BLANK,
Works_Recommended.csv,23135,Sanction Date,MISSING_OR_BLANK,
Works_Recommended.csv,23136,Sanction Date,MISSING_OR_BLANK,
Works_Recommended.csv,23137,Sanction Date,MISSING_OR_BLANK,
Works_Recommended.csv,23138,Sanction Date,MISSING_OR_BLANK,
Works_Recommended.csv,23139,Sanction Date,MISSING_OR_BLANK,
Works_Recommended.csv,23140,Sanction Date,MISSING_OR_BLANK,
Works_Recommended.csv,23162,Sanction Date,MISSING_OR_BLANK,
Works_Recommended.csv,23163,Sanction Date,MISSING_OR_BLANK,
Works_Recommended.csv,23165,Sanction Date,MISSING_OR_BLANK,
Works_Recommended.csv,23166,Sanction Date,MISSING_OR_BLANK,
Works_Recommended.csv,23167,Sanction Date,MISSING_OR_BLANK,
Works_Recommended.csv,23168,Sanction Date,MISSING_OR_BLANK,
Works_Recommended.csv,23169,Sanction Date,MISSING_OR_BLANK,
Works_Recommended.csv,23170,Sanction Date,MISSING_OR_BLANK,
Works_Recommended.csv,23171,Sanction Date,MISSING_OR_BLANK,
Works_Recommended.csv,23172,Sanction Date,MISSING_OR_BLANK,
Works_Recommended.csv,23173,Sanction Date,MISSING_OR_BLANK,
Works_Recommended.csv,23174,Sanction Date,MISSING_OR_BLANK,
Works_Recommended.csv,23175,Sanction Date,MISSING_OR_BLANK,
Works_Recommended.csv,23176,Sanction Date,MISSING_OR_BLANK,
Works_Recommended.csv,23177,Sanction Date,MISSING_OR_BLANK,
Works_Recommended.csv,23178,Sanction Date,MISSING_OR_BLANK,
Works_Recommended.csv,23179,Sanction Date,MISSING_OR_BLANK,
Works_Recommended.csv,23180,Sanction Date,MISSING_OR_BLANK,
Works_Recommended.csv,23181,Sanction Date,MISSING_OR_BLANK,
Works_Recommended.csv,23182,Sanction Date,MISSING_OR_BLANK,
Works_Recommended.csv,23183,Sanction Date,MISSING_OR_BLANK,
Works_Recommended.csv,23184,Sanction Date,MISSING_OR_BLANK,
Works_Recommended.csv,23185,Sanction Date,MISSING_OR_BLANK,
Works_Recommended.csv,23186,Sanction Date,MISSING_OR_BLANK,
Works_Recommended.csv,23187,Sanction Date,MISSING_OR_BLANK,
Works_Recommended.csv,23188,Sanction Date,MISSING_OR_BLANK,
Works_Recommended.csv,23189,Sanction Date,MISSING_OR_BLANK,
Works_Recommended.csv,23190,Sanction Date,MISSING_OR_BLANK,
Works_Recommended.csv,23191,Sanction Date,MISSING_OR_BLANK,
Works_Recommended.csv,23192,Sanction Date,MISSING_OR_BLANK,
Works_Recommended.csv,23193,Sanction Date,MISSING_OR_BLANK,
Works_Recommended.csv,23194,Sanction Date,MISSING_OR_BLANK,
Works_Recommended.csv,23195,Sanction Date,MISSING_OR_BLANK,
Works_Recommended.csv,23196,Sanction Date,MISSING_OR_BLANK,
Works_Recommended.csv,23197,Sanction Date,MISSING_OR_BLANK,
Works_Recommended.csv,23198,Sanction Date,MISSING_OR_BLANK,
Works_Recommended.csv,23199,Sanction Date,MISSING_OR_BLANK,
Works_Recommended.csv,23200,Sanction Date,MISSING_OR_BLANK,
Works_Recommended.csv,23201,Sanction Date,MISSING_OR_BLANK,
Works_Recommended.csv,23202,Sanction Date,MISSING_OR_BLANK,
Works_Recommended.csv,23203,Sanction Date,MISSING_OR_BLANK,
Works_Recommended.csv,23204,Sanction Date,MISSING_OR_BLANK,
Works_Recommended.csv,23205,Sanction Date,MISSING_OR_BLANK,
Works_Recommended.csv,23206,Sanction Date,MISSING_OR_BLANK,
Works_Recommended.csv,23207,Sanction Date,MISSING_OR_BLANK,
Works_Recommended.csv,23208,Sanction Date,MISSING_OR_BLANK,
Works_Recommended.csv,23210,Sanction Date,MISSING_OR_BLANK,
Works_Recommended.csv,23211,Sanction Date,MISSING_OR_BLANK,
Works_Recommended.csv,23212,Sanction Date,MISSING_OR_BLANK,
Works_Recommended.csv,23213,Sanction Date,MISSING_OR_BLANK,
Works_Recommended.csv,23214,Sanction Date,MISSING_OR_BLANK,
Works_Recommended.csv,23215,Sanction Date,MISSING_OR_BLANK,
Works_Recommended.csv,23216,Sanction Date,MISSING_OR_BLANK,
Works_Recommended.csv,23217,Sanction Date,MISSING_OR_BLANK,
Works_Recommended.csv,23218,Sanction Date,MISSING_OR_BLANK,
Works_Recommended.csv,23219,Sanction Date,MISSING_OR_BLANK,
Works_Recommended.csv,23220,Sanction Date,MISSING_OR_BLANK,
Works_Recommended.csv,23221,Sanction Date,MISSING_OR_BLANK,
Works_Recommended.csv,23222,Sanction Date,MISSING_OR_BLANK,
Works_Recommended.csv,23223,Sanction Date,MISSING_OR_BLANK,
Works_Recommended.csv,23224,Sanction Date,MISSING_OR_BLANK,
Works_Recommended.csv,23225,Sanction Date,MISSING_OR_BLANK,
Works_Recommended.csv,23226,Sanction Date,MISSING_OR_BLANK,
Works_Recommended.csv,23227,Sanction Date,MISSING_OR_BLANK,
Works_Recommended.csv,23228,Sanction Date,MISSING_OR_BLANK,
Works_Recommended.csv,23229,Sanction Date,MISSING_OR_BLANK,
Works_Recommended.csv,23230,Sanction Date,MISSING_OR_BLANK,
Works_Recommended.csv,23231,Sanction Date,MISSING_OR_BLANK,
Works_Recommended.csv,23232,Sanction Date,MISSING_OR_BLANK,
Works_Recommended.csv,23233,Sanction Date,MISSING_OR_BLANK,
Works_Recommended.csv,23234,Sanction Date,MISSING_OR_BLANK,
Works_Recommended.csv,23235,Sanction Date,MISSING_OR_BLANK,
Works_Recommended.csv,23236,Sanction Date,MISSING_OR_BLANK,
Works_Recommended.csv,23237,Sanction Date,MISSING_OR_BLANK,
Works_Recommended.csv,23238,Sanction Date,MISSING_OR_BLANK,
Works_Recommended.csv,23239,Sanction Date,MISSING_OR_BLANK,
Works_Recommended.csv,23240,Sanction Date,MISSING_OR_BLANK,
Works_Recommended.csv,23241,Sanction Date,MISSING_OR_BLANK,
Works_Recommended.csv,23242,Sanction Date,MISSING_OR_BLANK,
Works_Recommended.csv,23243,Sanction Date,MISSING_OR_BLANK,
Works_Recommended.csv,23244,Sanction Date,MISSING_OR_BLANK,
Works_Recommended.csv,23245,Sanction Date,MISSING_OR_BLANK,
Works_Recommended.csv,23246,Sanction Date,MISSING_OR_BLANK,
Works_Recommended.csv,23247,Sanction Date,MISSING_OR_BLANK,
Works_Recommended.csv,23248,Sanction Date,MISSING_OR_BLANK,
Works_Recommended.csv,23249,Sanction Date,MISSING_OR_BLANK,
Works_Recommended.csv,23250,Sanction Date,MISSING_OR_BLANK,
Works_Recommended.csv,23251,Sanction Date,MISSING_OR_BLANK,
Works_Recommended.csv,23252,Sanction Date,MISSING_OR_BLANK,
Works_Recommended.csv,23253,Sanction Date,MISSING_OR_BLANK,
Works_Recommended.csv,23254,Sanction Date,MISSING_OR_BLANK,
Works_Recommended.csv,23255,Sanction Date,MISSING_OR_BLANK,
Works_Recommended.csv,23256,Sanction Date,MISSING_OR_BLANK,
Works_Recommended.csv,23257,Sanction Date,MISSING_OR_BLANK,
Works_Recommended.csv,23258,Sanction Date,MISSING_OR_BLANK,
Works_Recommended.csv,23259,Sanction Date,MISSING_OR_BLANK,
Works_Recommended.csv,23260,Sanction Date,MISSING_OR_BLANK,
Works_Recommended.csv,23261,Sanction Date,MISSING_OR_BLANK,
Works_Recommended.csv,23262,Sanction Date,MISSING_OR_BLANK,
Works_Recommended.csv,23263,Sanction Date,MISSING_OR_BLANK,
Works_Recommended.csv,23264,Sanction Date,MISSING_OR_BLANK,
Works_Recommended.csv,23265,Sanction Date,MISSING_OR_BLANK,
Works_Recommended.csv,23266,Sanction Date,MISSING_OR_BLANK,
Works_Recommended.csv,23267,Sanction Date,MISSING_OR_BLANK,
Works_Recommended.csv,23268,Sanction Date,MISSING_OR_BLANK,
Works_Recommended.csv,23269,Sanction Date,MISSING_OR_BLANK,
Works_Recommended.csv,23270,Sanction Date,MISSING_OR_BLANK,
Works_Recommended.csv,23271,Sanction Date,MISSING_OR_BLANK,
Works_Recommended.csv,23272,Sanction Date,MISSING_OR_BLANK,
Works_Recommended.csv,23273,Sanction Date,MISSING_OR_BLANK,
Works_Recommended.csv,23274,Sanction Date,MISSING_OR_BLANK,
Works_Recommended.csv,23275,Sanction Date,MISSING_OR_BLANK,
Works_Recommended.csv,23276,Sanction Date,MISSING_OR_BLANK,
Works_Recommended.csv,23277,Sanction Date,MISSING_OR_BLANK,
Works_Recommended.csv,23278,Sanction Date,MISSING_OR_BLANK,
Works_Recommended.csv,23279,Sanction Date,MISSING_OR_BLANK,
Works_Recommended.csv,23280,Sanction Date,MISSING_OR_BLANK,
Works_Recommended.csv,23281,Sanction Date,MISSING_OR_BLANK,
Works_Recommended.csv,23282,Sanction Date,MISSING_OR_BLANK,
Works_Recommended.csv,23283,Sanction Date,MISSING_OR_BLANK,
Works_Recommended.csv,23284,Sanction Date,MISSING_OR_BLANK,
Works_Recommended.csv,23285,Sanction Date,MISSING_OR_BLANK,
Works_Recommended.csv,23286,Sanction Date,MISSING_OR_BLANK,
Works_Recommended.csv,23287,Sanction Date,MISSING_OR_BLANK,
Works_Recommended.csv,23288,Sanction Date,MISSING_OR_BLANK,
Works_Recommended.csv,23289,Sanction Date,MISSING_OR_BLANK,
Works_Recommended.csv,23290,Sanction Date,MISSING_OR_BLANK,
Works_Recommended.csv,23291,Sanction Date,MISSING_OR_BLANK,
Works_Recommended.csv,23292,Sanction Date,MISSING_OR_BLANK,
Works_Recommended.csv,23293,Sanction Date,MISSING_OR_BLANK,
Works_Recommended.csv,23294,Sanction Date,MISSING_OR_BLANK,
Works_Recommended.csv,23295,Sanction Date,MISSING_OR_BLANK,
Works_Recommended.csv,23296,Sanction Date,MISSING_OR_BLANK,
Works_Recommended.csv,23297,Sanction Date,MISSING_OR_BLANK,
Works_Recommended.csv,23298,Sanction Date,MISSING_OR_BLANK,
Works_Recommended.csv,23299,Sanction Date,MISSING_OR_BLANK,
Works_Recommended.csv,23301,Sanction Date,MISSING_OR_BLANK,
Works_Recommended.csv,23302,Sanction Date,MISSING_OR_BLANK,
Works_Recommended.csv,23303,Sanction Date,MISSING_OR_BLANK,
Works_Recommended.csv,23304,Sanction Date,MISSING_OR_BLANK,
Works_Recommended.csv,23305,Sanction Date,MISSING_OR_BLANK,
Works_Recommended.csv,23306,Sanction Date,MISSING_OR_BLANK,
Works_Recommended.csv,23307,Sanction Date,MISSING_OR_BLANK,
Works_Recommended.csv,23308,Sanction Date,MISSING_OR_BLANK,
Works_Recommended.csv,23309,Sanction Date,MISSING_OR_BLANK,
Works_Recommended.csv,23310,Sanction Date,MISSING_OR_BLANK,
Works_Recommended.csv,23311,Sanction Date,MISSING_OR_BLANK,
Works_Recommended.csv,23312,Sanction Date,MISSING_OR_BLANK,
Works_Recommended.csv,23313,Sanction Date,MISSING_OR_BLANK,
Works_Recommended.csv,23314,Sanction Date,MISSING_OR_BLANK,
Works_Recommended.csv,23321,Sanction Date,MISSING_OR_BLANK,
Works_Recommended.csv,23322,Sanction Date,MISSING_OR_BLANK,
Works_Recommended.csv,23323,Sanction Date,MISSING_OR_BLANK,
Works_Recommended.csv,23324,Sanction Date,MISSING_OR_BLANK,
Works_Recommended.csv,23325,Sanction Date,MISSING_OR_BLANK,
Works_Recommended.csv,23326,Sanction Date,MISSING_OR_BLANK,
Works_Recommended.csv,23327,Sanction Date,MISSING_OR_BLANK,
Works_Recommended.csv,23328,Sanction Date,MISSING_OR_BLANK,
Works_Recommended.csv,23329,Sanction Date,MISSING_OR_BLANK,
Works_Recommended.csv,23330,Sanction Date,MISSING_OR_BLANK,
Works_Recommended.csv,23331,Sanction Date,MISSING_OR_BLANK,
Works_Recommended.csv,23332,Sanction Date,MISSING_OR_BLANK,
Works_Recommended.csv,23333,Sanction Date,MISSING_OR_BLANK,
Works_Recommended.csv,23334,Sanction Date,MISSING_OR_BLANK,
Works_Recommended.csv,23335,Sanction Date,MISSING_OR_BLANK,
Works_Recommended.csv,23336,Sanction Date,MISSING_OR_BLANK,
Works_Recommended.csv,23337,Sanction Date,MISSING_OR_BLANK,
Works_Recommended.csv,23338,Sanction Date,MISSING_OR_BLANK,
Works_Recommended.csv,23339,Sanction Date,MISSING_OR_BLANK,
Works_Recommended.csv,23340,Sanction Date,MISSING_OR_BLANK,
Works_Recommended.csv,23341,Sanction Date,MISSING_OR_BLANK,
Works_Recommended.csv,23342,Sanction Date,MISSING_OR_BLANK,
Works_Recommended.csv,23343,Sanction Date,MISSING_OR_BLANK,
Works_Recommended.csv,23344,Sanction Date,MISSING_OR_BLANK,
Works_Recommended.csv,23345,Sanction Date,MISSING_OR_BLANK,
Works_Recommended.csv,23346,Sanction Date,MISSING_OR_BLANK,
Works_Recommended.csv,23347,Sanction Date,MISSING_OR_BLANK,
Works_Recommended.csv,23348,Sanction Date,MISSING_OR_BLANK,
Works_Recommended.csv,23349,Sanction Date,MISSING_OR_BLANK,
Works_Recommended.csv,23350,Sanction Date,MISSING_OR_BLANK,
Works_Recommended.csv,23351,Sanction Date,MISSING_OR_BLANK,
Works_Recommended.csv,23352,Sanction Date,MISSING_OR_BLANK,
Works_Recommended.csv,23353,Sanction Date,MISSING_OR_BLANK,
Works_Recommended.csv,23354,Sanction Date,MISSING_OR_BLANK,
Works_Recommended.csv,23355,Sanction Date,MISSING_OR_BLANK,
Works_Recommended.csv,23356,Sanction Date,MISSING_OR_BLANK,
Works_Recommended.csv,23358,Sanction Date,MISSING_OR_BLANK,
Works_Recommended.csv,23359,Sanction Date,MISSING_OR_BLANK,
Works_Recommended.csv,23360,Sanction Date,MISSING_OR_BLANK,
Works_Recommended.csv,23361,Sanction Date,MISSING_OR_BLANK,
Works_Recommended.csv,23362,Sanction Date,MISSING_OR_BLANK,
Works_Recommended.csv,23363,Sanction Date,MISSING_OR_BLANK,
Works_Recommended.csv,23364,Sanction Date,MISSING_OR_BLANK,
Works_Recommended.csv,23365,Sanction Date,MISSING_OR_BLANK,
Works_Recommended.csv,23366,Sanction Date,MISSING_OR_BLANK,
Works_Recommended.csv,23367,Sanction Date,MISSING_OR_BLANK,
Works_Recommended.csv,23368,Sanction Date,MISSING_OR_BLANK,
Works_Recommended.csv,23369,Sanction Date,MISSING_OR_BLANK,
Works_Recommended.csv,23370,Sanction Date,MISSING_OR_BLANK,
Works_Recommended.csv,23371,Sanction Date,MISSING_OR_BLANK,
Works_Recommended.csv,23372,Sanction Date,MISSING_OR_BLANK,
Works_Recommended.csv,23373,Sanction Date,MISSING_OR_BLANK,
Works_Recommended.csv,23374,Sanction Date,MISSING_OR_BLANK,
Works_Recommended.csv,23378,Sanction Date,MISSING_OR_BLANK,
Works_Recommended.csv,23379,Sanction Date,MISSING_OR_BLANK,
Works_Recommended.csv,23380,Sanction Date,MISSING_OR_BLANK,
Works_Recommended.csv,23381,Sanction Date,MISSING_OR_BLANK,
Works_Recommended.csv,23382,Sanction Date,MISSING_OR_BLANK,
Works_Recommended.csv,23383,Sanction Date,MISSING_OR_BLANK,
Works_Recommended.csv,23384,Sanction Date,MISSING_OR_BLANK,
Works_Recommended.csv,23385,Sanction Date,MISSING_OR_BLANK,
Works_Recommended.csv,23386,Sanction Date,MISSING_OR_BLANK,
Works_Recommended.csv,23387,Sanction Date,MISSING_OR_BLANK,
Works_Recommended.csv,23388,Sanction Date,MISSING_OR_BLANK,
Works_Recommended.csv,23389,Sanction Date,MISSING_OR_BLANK,
Works_Recommended.csv,23390,Sanction Date,MISSING_OR_BLANK,
Works_Recommended.csv,23391,Sanction Date,MISSING_OR_BLANK,
Works_Recommended.csv,23392,Sanction Date,MISSING_OR_BLANK,
Works_Recommended.csv,23393,Sanction Date,MISSING_OR_BLANK,
Works_Recommended.csv,23394,Sanction Date,MISSING_OR_BLANK,
Works_Recommended.csv,23395,Sanction Date,MISSING_OR_BLANK,
Works_Recommended.csv,23396,Sanction Date,MISSING_OR_BLANK,
Works_Recommended.csv,23397,Sanction Date,MISSING_OR_BLANK,
Works_Recommended.csv,23398,Sanction Date,MISSING_OR_BLANK,
Works_Recommended.csv,23399,Sanction Date,MISSING_OR_BLANK,
Works_Recommended.csv,23400,Sanction Date,MISSING_OR_BLANK,
Works_Recommended.csv,23401,Sanction Date,MISSING_OR_BLANK,
Works_Recommended.csv,23402,Sanction Date,MISSING_OR_BLANK,
Works_Recommended.csv,23403,Sanction Date,MISSING_OR_BLANK,
Works_Recommended.csv,23404,Sanction Date,MISSING_OR_BLANK,
Works_Recommended.csv,23405,Sanction Date,MISSING_OR_BLANK,
Works_Recommended.csv,23406,Sanction Date,MISSING_OR_BLANK,
Works_Recommended.csv,23407,Sanction Date,MISSING_OR_BLANK,
Works_Recommended.csv,23408,Sanction Date,MISSING_OR_BLANK,
Works_Recommended.csv,23409,Sanction Date,MISSING_OR_BLANK,
Works_Recommended.csv,23410,Sanction Date,MISSING_OR_BLANK,
Works_Recommended.csv,23411,Sanction Date,MISSING_OR_BLANK,
Works_Recommended.csv,23412,Sanction Date,MISSING_OR_BLANK,
Works_Recommended.csv,23413,Sanction Date,MISSING_OR_BLANK,
Works_Recommended.csv,23414,Sanction Date,MISSING_OR_BLANK,
Works_Recommended.csv,23415,Sanction Date,MISSING_OR_BLANK,
Works_Recommended.csv,23416,Sanction Date,MISSING_OR_BLANK,
Works_Recommended.csv,23417,Sanction Date,MISSING_OR_BLANK,
Works_Recommended.csv,23418,Sanction Date,MISSING_OR_BLANK,
Works_Recommended.csv,23419,Sanction Date,MISSING_OR_BLANK,
Works_Recommended.csv,23420,Sanction Date,MISSING_OR_BLANK,
Works_Recommended.csv,23421,Sanction Date,MISSING_OR_BLANK,
Works_Recommended.csv,23422,Sanction Date,MISSING_OR_BLANK,
Works_Recommended.csv,23423,Sanction Date,MISSING_OR_BLANK,
Works_Recommended.csv,23424,Sanction Date,MISSING_OR_BLANK,
Works_Recommended.csv,23425,Sanction Date,MISSING_OR_BLANK,
Works_Recommended.csv,23426,Sanction Date,MISSING_OR_BLANK,
Works_Recommended.csv,23427,Sanction Date,MISSING_OR_BLANK,
Works_Recommended.csv,23428,Sanction Date,MISSING_OR_BLANK,
Works_Recommended.csv,23429,Sanction Date,MISSING_OR_BLANK,
Works_Recommended.csv,23430,Sanction Date,MISSING_OR_BLANK,
Works_Recommended.csv,23431,Sanction Date,MISSING_OR_BLANK,
Works_Recommended.csv,23432,Sanction Date,MISSING_OR_BLANK,
Works_Recommended.csv,23433,Sanction Date,MISSING_OR_BLANK,
Works_Recommended.csv,23434,Sanction Date,MISSING_OR_BLANK,
Works_Recommended.csv,23435,Sanction Date,MISSING_OR_BLANK,
Works_Recommended.csv,23436,Sanction Date,MISSING_OR_BLANK,
Works_Recommended.csv,23437,Sanction Date,MISSING_OR_BLANK,
Works_Recommended.csv,23438,Sanction Date,MISSING_OR_BLANK,
Works_Recommended.csv,23439,Sanction Date,MISSING_OR_BLANK,
Works_Recommended.csv,23440,Sanction Date,MISSING_OR_BLANK,
Works_Recommended.csv,23441,Sanction Date,MISSING_OR_BLANK,
Works_Recommended.csv,23442,Sanction Date,MISSING_OR_BLANK,
Works_Recommended.csv,23443,Sanction Date,MISSING_OR_BLANK,
Works_Recommended.csv,23444,Sanction Date,MISSING_OR_BLANK,
Works_Recommended.csv,23445,Sanction Date,MISSING_OR_BLANK,
Works_Recommended.csv,23446,Sanction Date,MISSING_OR_BLANK,
Works_Recommended.csv,23447,Sanction Date,MISSING_OR_BLANK,
Works_Recommended.csv,23448,Sanction Date,MISSING_OR_BLANK,
Works_Recommended.csv,23449,Sanction Date,MISSING_OR_BLANK,
Works_Recommended.csv,23450,Sanction Date,MISSING_OR_BLANK,
Works_Recommended.csv,23451,Sanction Date,MISSING_OR_BLANK,
Works_Recommended.csv,23452,Sanction Date,MISSING_OR_BLANK,
Works_Recommended.csv,23453,Sanction Date,MISSING_OR_BLANK,
Works_Recommended.csv,23454,Sanction Date,MISSING_OR_BLANK,
Works_Recommended.csv,23455,Sanction Date,MISSING_OR_BLANK,
Works_Recommended.csv,23456,Sanction Date,MISSING_OR_BLANK,
Works_Recommended.csv,23457,Sanction Date,MISSING_OR_BLANK,
Works_Recommended.csv,23458,Sanction Date,MISSING_OR_BLANK,
Works_Recommended.csv,23459,Sanction Date,MISSING_OR_BLANK,
Works_Recommended.csv,23460,Sanction Date,MISSING_OR_BLANK,
Works_Recommended.csv,23461,Sanction Date,MISSING_OR_BLANK,
Works_Recommended.csv,23462,Sanction Date,MISSING_OR_BLANK,
Works_Recommended.csv,23463,Sanction Date,MISSING_OR_BLANK,
Works_Recommended.csv,23464,Sanction Date,MISSING_OR_BLANK,
Works_Recommended.csv,23465,Sanction Date,MISSING_OR_BLANK,
Works_Recommended.csv,23466,Sanction Date,MISSING_OR_BLANK,
Works_Recommended.csv,23467,Sanction Date,MISSING_OR_BLANK,
Works_Recommended.csv,23468,Sanction Date,MISSING_OR_BLANK,
Works_Recommended.csv,23469,Sanction Date,MISSING_OR_BLANK,
Works_Recommended.csv,23470,Sanction Date,MISSING_OR_BLANK,
Works_Recommended.csv,23471,Sanction Date,MISSING_OR_BLANK,
Works_Recommended.csv,23472,Sanction Date,MISSING_OR_BLANK,
Works_Recommended.csv,23473,Sanction Date,MISSING_OR_BLANK,
Works_Recommended.csv,23474,Sanction Date,MISSING_OR_BLANK,
Works_Recommended.csv,23475,Sanction Date,MISSING_OR_BLANK,
Works_Recommended.csv,23476,Sanction Date,MISSING_OR_BLANK,
Works_Recommended.csv,23477,Sanction Date,MISSING_OR_BLANK,
Works_Recommended.csv,23478,Sanction Date,MISSING_OR_BLANK,
Works_Recommended.csv,23479,Sanction Date,MISSING_OR_BLANK,
Works_Recommended.csv,23480,Sanction Date,MISSING_OR_BLANK,
Works_Recommended.csv,23482,Sanction Date,MISSING_OR_BLANK,
Works_Recommended.csv,23483,Sanction Date,MISSING_OR_BLANK,
Works_Recommended.csv,23484,Sanction Date,MISSING_OR_BLANK,
Works_Recommended.csv,23485,Sanction Date,MISSING_OR_BLANK,
Works_Recommended.csv,23486,Sanction Date,MISSING_OR_BLANK,
Works_Recommended.csv,23487,Sanction Date,MISSING_OR_BLANK,
Works_Recommended.csv,23488,Sanction Date,MISSING_OR_BLANK,
Works_Recommended.csv,23489,Sanction Date,MISSING_OR_BLANK,
Works_Recommended.csv,23490,Sanction Date,MISSING_OR_BLANK,
Works_Recommended.csv,23491,Sanction Date,MISSING_OR_BLANK,
Works_Recommended.csv,23492,Sanction Date,MISSING_OR_BLANK,
Works_Recommended.csv,23493,Sanction Date,MISSING_OR_BLANK,
Works_Recommended.csv,23494,Sanction Date,MISSING_OR_BLANK,
Works_Recommended.csv,23495,Sanction Date,MISSING_OR_BLANK,
Works_Recommended.csv,23496,Sanction Date,MISSING_OR_BLANK,
Works_Recommended.csv,23497,Sanction Date,MISSING_OR_BLANK,
Works_Recommended.csv,23498,Sanction Date,MISSING_OR_BLANK,
Works_Recommended.csv,23499,Sanction Date,MISSING_OR_BLANK,
Works_Recommended.csv,23500,Sanction Date,MISSING_OR_BLANK,
Works_Recommended.csv,23501,Sanction Date,MISSING_OR_BLANK,
Works_Recommended.csv,23502,Sanction Date,MISSING_OR_BLANK,
Works_Recommended.csv,23503,Sanction Date,MISSING_OR_BLANK,
Works_Recommended.csv,23504,Sanction Date,MISSING_OR_BLANK,
Works_Recommended.csv,23505,Sanction Date,MISSING_OR_BLANK,
Works_Recommended.csv,23506,Sanction Date,MISSING_OR_BLANK,
Works_Recommended.csv,23507,Sanction Date,MISSING_OR_BLANK,
Works_Recommended.csv,23508,Sanction Date,MISSING_OR_BLANK,
Works_Recommended.csv,23509,Sanction Date,MISSING_OR_BLANK,
Works_Recommended.csv,23510,Sanction Date,MISSING_OR_BLANK,
Works_Recommended.csv,23511,Sanction Date,MISSING_OR_BLANK,
Works_Recommended.csv,23512,Sanction Date,MISSING_OR_BLANK,
Works_Recommended.csv,23513,Sanction Date,MISSING_OR_BLANK,
Works_Recommended.csv,23514,Sanction Date,MISSING_OR_BLANK,
Works_Recommended.csv,23515,Sanction Date,MISSING_OR_BLANK,
Works_Recommended.csv,23517,Sanction Date,MISSING_OR_BLANK,
Works_Recommended.csv,23518,Sanction Date,MISSING_OR_BLANK,
Works_Recommended.csv,23519,Sanction Date,MISSING_OR_BLANK,
Works_Recommended.csv,23520,Sanction Date,MISSING_OR_BLANK,
Works_Recommended.csv,23521,Sanction Date,MISSING_OR_BLANK,
Works_Recommended.csv,23522,Sanction Date,MISSING_OR_BLANK,
Works_Recommended.csv,23523,Sanction Date,MISSING_OR_BLANK,
Works_Recommended.csv,23524,Sanction Date,MISSING_OR_BLANK,
Works_Recommended.csv,23525,Sanction Date,MISSING_OR_BLANK,
Works_Recommended.csv,23526,Sanction Date,MISSING_OR_BLANK,
Works_Recommended.csv,23527,Sanction Date,MISSING_OR_BLANK,
Works_Recommended.csv,23528,Sanction Date,MISSING_OR_BLANK,
Works_Recommended.csv,23530,Sanction Date,MISSING_OR_BLANK,
Works_Recommended.csv,23531,Sanction Date,MISSING_OR_BLANK,
Works_Recommended.csv,23532,Sanction Date,MISSING_OR_BLANK,
Works_Recommended.csv,23533,Sanction Date,MISSING_OR_BLANK,
Works_Recommended.csv,23534,Sanction Date,MISSING_OR_BLANK,
Works_Recommended.csv,23535,Sanction Date,MISSING_OR_BLANK,
Works_Recommended.csv,23536,Sanction Date,MISSING_OR_BLANK,
Works_Recommended.csv,23537,Sanction Date,MISSING_OR_BLANK,
Works_Recommended.csv,23538,Sanction Date,MISSING_OR_BLANK,
Works_Recommended.csv,23543,Sanction Date,MISSING_OR_BLANK,
Works_Recommended.csv,23544,Sanction Date,MISSING_OR_BLANK,
Works_Recommended.csv,23545,Sanction Date,MISSING_OR_BLANK,
Works_Recommended.csv,23546,Sanction Date,MISSING_OR_BLANK,
Works_Recommended.csv,23547,Sanction Date,MISSING_OR_BLANK,
Works_Recommended.csv,23548,Sanction Date,MISSING_OR_BLANK,
Works_Recommended.csv,23549,Sanction Date,MISSING_OR_BLANK,
Works_Recommended.csv,23550,Sanction Date,MISSING_OR_BLANK,
Works_Recommended.csv,23551,Sanction Date,MISSING_OR_BLANK,
Works_Recommended.csv,23552,Sanction Date,MISSING_OR_BLANK,
Works_Recommended.csv,23553,Sanction Date,MISSING_OR_BLANK,
Works_Recommended.csv,23554,Sanction Date,MISSING_OR_BLANK,
Works_Recommended.csv,23555,Sanction Date,MISSING_OR_BLANK,
Works_Recommended.csv,23556,Sanction Date,MISSING_OR_BLANK,
Works_Recommended.csv,23557,Sanction Date,MISSING_OR_BLANK,
Works_Recommended.csv,23558,Sanction Date,MISSING_OR_BLANK,
Works_Recommended.csv,23559,Sanction Date,MISSING_OR_BLANK,
Works_Recommended.csv,23560,Sanction Date,MISSING_OR_BLANK,
Works_Recommended.csv,23561,Sanction Date,MISSING_OR_BLANK,
Works_Recommended.csv,23562,Sanction Date,MISSING_OR_BLANK,
Works_Recommended.csv,23563,Sanction Date,MISSING_OR_BLANK,
Works_Recommended.csv,23564,Sanction Date,MISSING_OR_BLANK,
Works_Recommended.csv,23565,Sanction Date,MISSING_OR_BLANK,
Works_Recommended.csv,23566,Sanction Date,MISSING_OR_BLANK,
Works_Recommended.csv,23567,Sanction Date,MISSING_OR_BLANK,
Works_Recommended.csv,23568,Sanction Date,MISSING_OR_BLANK,
Works_Recommended.csv,23569,Sanction Date,MISSING_OR_BLANK,
Works_Recommended.csv,23570,Sanction Date,MISSING_OR_BLANK,
Works_Recommended.csv,23571,Sanction Date,MISSING_OR_BLANK,
Works_Recommended.csv,23572,Sanction Date,MISSING_OR_BLANK,
Works_Recommended.csv,23573,Sanction Date,MISSING_OR_BLANK,
Works_Recommended.csv,23574,Sanction Date,MISSING_OR_BLANK,
Works_Recommended.csv,23575,Sanction Date,MISSING_OR_BLANK,
Works_Recommended.csv,23576,Sanction Date,MISSING_OR_BLANK,
Works_Recommended.csv,23577,Sanction Date,MISSING_OR_BLANK,
Works_Recommended.csv,23578,Sanction Date,MISSING_OR_BLANK,
Works_Recommended.csv,23580,Sanction Date,MISSING_OR_BLANK,
Works_Recommended.csv,23581,Sanction Date,MISSING_OR_BLANK,
Works_Recommended.csv,23583,Sanction Date,MISSING_OR_BLANK,
Works_Recommended.csv,23599,Sanction Date,MISSING_OR_BLANK,
Works_Recommended.csv,23601,Sanction Date,MISSING_OR_BLANK,
Works_Recommended.csv,23603,Sanction Date,MISSING_OR_BLANK,
Works_Recommended.csv,23604,Sanction Date,MISSING_OR_BLANK,
Works_Recommended.csv,23605,Sanction Date,MISSING_OR_BLANK,
Works_Recommended.csv,23606,Sanction Date,MISSING_OR_BLANK,
Works_Recommended.csv,23607,Sanction Date,MISSING_OR_BLANK,
Works_Recommended.csv,23608,Sanction Date,MISSING_OR_BLANK,
Works_Recommended.csv,23609,Sanction Date,MISSING_OR_BLANK,
Works_Recommended.csv,23610,Sanction Date,MISSING_OR_BLANK,
Works_Recommended.csv,23611,Sanction Date,MISSING_OR_BLANK,
Works_Recommended.csv,23613,Sanction Date,MISSING_OR_BLANK,
Works_Recommended.csv,23614,Sanction Date,MISSING_OR_BLANK,
Works_Recommended.csv,23615,Sanction Date,MISSING_OR_BLANK,
Works_Recommended.csv,23616,Sanction Date,MISSING_OR_BLANK,
Works_Recommended.csv,23617,Sanction Date,MISSING_OR_BLANK,
Works_Recommended.csv,23618,Sanction Date,MISSING_OR_BLANK,
Works_Recommended.csv,23619,Sanction Date,MISSING_OR_BLANK,
Works_Recommended.csv,23620,Sanction Date,MISSING_OR_BLANK,
Works_Recommended.csv,23621,Sanction Date,MISSING_OR_BLANK,
Works_Recommended.csv,23622,Sanction Date,MISSING_OR_BLANK,
Works_Recommended.csv,23623,Sanction Date,MISSING_OR_BLANK,
Works_Recommended.csv,23624,Sanction Date,MISSING_OR_BLANK,
Works_Recommended.csv,23625,Sanction Date,MISSING_OR_BLANK,
Works_Recommended.csv,23626,Sanction Date,MISSING_OR_BLANK,
Works_Recommended.csv,23627,Sanction Date,MISSING_OR_BLANK,
Works_Recommended.csv,23629,Sanction Date,MISSING_OR_BLANK,
Works_Recommended.csv,23630,Sanction Date,MISSING_OR_BLANK,
Works_Recommended.csv,23631,Sanction Date,MISSING_OR_BLANK,
Works_Recommended.csv,23632,Sanction Date,MISSING_OR_BLANK,
Works_Recommended.csv,23633,Sanction Date,MISSING_OR_BLANK,
Works_Recommended.csv,23634,Sanction Date,MISSING_OR_BLANK,
Works_Recommended.csv,23635,Sanction Date,MISSING_OR_BLANK,
Works_Recommended.csv,23636,Sanction Date,MISSING_OR_BLANK,
Works_Recommended.csv,23637,Sanction Date,MISSING_OR_BLANK,
Works_Recommended.csv,23638,Sanction Date,MISSING_OR_BLANK,
Works_Recommended.csv,23640,Sanction Date,MISSING_OR_BLANK,
Works_Recommended.csv,23641,Sanction Date,MISSING_OR_BLANK,
Works_Recommended.csv,23642,Sanction Date,MISSING_OR_BLANK,
Works_Recommended.csv,23643,Sanction Date,MISSING_OR_BLANK,
Works_Recommended.csv,23644,Sanction Date,MISSING_OR_BLANK,
Works_Recommended.csv,23645,Sanction Date,MISSING_OR_BLANK,
Works_Recommended.csv,23646,Sanction Date,MISSING_OR_BLANK,
Works_Recommended.csv,23647,Sanction Date,MISSING_OR_BLANK,
Works_Recommended.csv,23648,Sanction Date,MISSING_OR_BLANK,
Works_Recommended.csv,23649,Sanction Date,MISSING_OR_BLANK,
Works_Recommended.csv,23650,Sanction Date,MISSING_OR_BLANK,
Works_Recommended.csv,23651,Sanction Date,MISSING_OR_BLANK,
Works_Recommended.csv,23652,Sanction Date,MISSING_OR_BLANK,
Works_Recommended.csv,23653,Sanction Date,MISSING_OR_BLANK,
Works_Recommended.csv,23654,Sanction Date,MISSING_OR_BLANK,
Works_Recommended.csv,23655,Sanction Date,MISSING_OR_BLANK,
Works_Recommended.csv,23656,Sanction Date,MISSING_OR_BLANK,
Works_Recommended.csv,23657,Sanction Date,MISSING_OR_BLANK,
Works_Recommended.csv,23658,Sanction Date,MISSING_OR_BLANK,
Works_Recommended.csv,23659,Sanction Date,MISSING_OR_BLANK,
Works_Recommended.csv,23661,Sanction Date,MISSING_OR_BLANK,
Works_Recommended.csv,23662,Sanction Date,MISSING_OR_BLANK,
Works_Recommended.csv,23663,Sanction Date,MISSING_OR_BLANK,
Works_Recommended.csv,23664,Sanction Date,MISSING_OR_BLANK,
Works_Recommended.csv,23665,Sanction Date,MISSING_OR_BLANK,
Works_Recommended.csv,23666,Sanction Date,MISSING_OR_BLANK,
Works_Recommended.csv,23667,Sanction Date,MISSING_OR_BLANK,
Works_Recommended.csv,23668,Sanction Date,MISSING_OR_BLANK,
Works_Recommended.csv,23669,Sanction Date,MISSING_OR_BLANK,
Works_Recommended.csv,23670,Sanction Date,MISSING_OR_BLANK,
Works_Recommended.csv,23671,Sanction Date,MISSING_OR_BLANK,
Works_Recommended.csv,23672,Sanction Date,MISSING_OR_BLANK,
Works_Recommended.csv,23673,Sanction Date,MISSING_OR_BLANK,
Works_Recommended.csv,23674,Sanction Date,MISSING_OR_BLANK,
Works_Recommended.csv,23675,Sanction Date,MISSING_OR_BLANK,
Works_Recommended.csv,23676,Sanction Date,MISSING_OR_BLANK,
Works_Recommended.csv,23677,Sanction Date,MISSING_OR_BLANK,
Works_Recommended.csv,23678,Sanction Date,MISSING_OR_BLANK,
Works_Recommended.csv,23679,Sanction Date,MISSING_OR_BLANK,
Works_Recommended.csv,23680,Sanction Date,MISSING_OR_BLANK,
Works_Recommended.csv,23681,Sanction Date,MISSING_OR_BLANK,
Works_Recommended.csv,23682,Sanction Date,MISSING_OR_BLANK,
Works_Recommended.csv,23685,Sanction Date,MISSING_OR_BLANK,
Works_Recommended.csv,23686,Sanction Date,MISSING_OR_BLANK,
Works_Recommended.csv,23687,Sanction Date,MISSING_OR_BLANK,
Works_Recommended.csv,23688,Sanction Date,MISSING_OR_BLANK,
Works_Recommended.csv,23689,Sanction Date,MISSING_OR_BLANK,
Works_Recommended.csv,23690,Sanction Date,MISSING_OR_BLANK,
Works_Recommended.csv,23691,Sanction Date,MISSING_OR_BLANK,
Works_Recommended.csv,23692,Sanction Date,MISSING_OR_BLANK,
Works_Recommended.csv,23693,Sanction Date,MISSING_OR_BLANK,
Works_Recommended.csv,23694,Sanction Date,MISSING_OR_BLANK,
Works_Recommended.csv,23695,Sanction Date,MISSING_OR_BLANK,
Works_Recommended.csv,23696,Sanction Date,MISSING_OR_BLANK,
Works_Recommended.csv,23697,Sanction Date,MISSING_OR_BLANK,
Works_Recommended.csv,23698,Sanction Date,MISSING_OR_BLANK,
Works_Recommended.csv,23699,Sanction Date,MISSING_OR_BLANK,
Works_Recommended.csv,23700,Sanction Date,MISSING_OR_BLANK,
Works_Recommended.csv,23701,Sanction Date,MISSING_OR_BLANK,
Works_Recommended.csv,23702,Sanction Date,MISSING_OR_BLANK,
Works_Recommended.csv,23703,Sanction Date,MISSING_OR_BLANK,
Works_Recommended.csv,23704,Sanction Date,MISSING_OR_BLANK,
Works_Recommended.csv,23705,Sanction Date,MISSING_OR_BLANK,
Works_Recommended.csv,23706,Sanction Date,MISSING_OR_BLANK,
Works_Recommended.csv,23707,Sanction Date,MISSING_OR_BLANK,
Works_Recommended.csv,23708,Sanction Date,MISSING_OR_BLANK,
Works_Recommended.csv,23709,Sanction Date,MISSING_OR_BLANK,
Works_Recommended.csv,23710,Sanction Date,MISSING_OR_BLANK,
Works_Recommended.csv,23711,Sanction Date,MISSING_OR_BLANK,
Works_Recommended.csv,23712,Sanction Date,MISSING_OR_BLANK,
Works_Recommended.csv,23713,Sanction Date,MISSING_OR_BLANK,
Works_Recommended.csv,23714,Sanction Date,MISSING_OR_BLANK,
Works_Recommended.csv,23715,Sanction Date,MISSING_OR_BLANK,
Works_Recommended.csv,23716,Sanction Date,MISSING_OR_BLANK,
Works_Recommended.csv,23717,Sanction Date,MISSING_OR_BLANK,
Works_Recommended.csv,23718,Sanction Date,MISSING_OR_BLANK,
Works_Recommended.csv,23719,Sanction Date,MISSING_OR_BLANK,
Works_Recommended.csv,23720,Sanction Date,MISSING_OR_BLANK,
Works_Recommended.csv,23721,Sanction Date,MISSING_OR_BLANK,
Works_Recommended.csv,23722,Sanction Date,MISSING_OR_BLANK,
Works_Recommended.csv,23723,Sanction Date,MISSING_OR_BLANK,
Works_Recommended.csv,23724,Sanction Date,MISSING_OR_BLANK,
Works_Recommended.csv,23725,Sanction Date,MISSING_OR_BLANK,
Works_Recommended.csv,23726,Sanction Date,MISSING_OR_BLANK,
Works_Recommended.csv,23727,Sanction Date,MISSING_OR_BLANK,
Works_Recommended.csv,23728,Sanction Date,MISSING_OR_BLANK,
Works_Recommended.csv,23729,Sanction Date,MISSING_OR_BLANK,
Works_Recommended.csv,23730,Sanction Date,MISSING_OR_BLANK,
Works_Recommended.csv,23731,Sanction Date,MISSING_OR_BLANK,
Works_Recommended.csv,23732,Sanction Date,MISSING_OR_BLANK,
Works_Recommended.csv,23733,Sanction Date,MISSING_OR_BLANK,
Works_Recommended.csv,23734,Sanction Date,MISSING_OR_BLANK,
Works_Recommended.csv,23735,Sanction Date,MISSING_OR_BLANK,
Works_Recommended.csv,23736,Sanction Date,MISSING_OR_BLANK,
Works_Recommended.csv,23737,Sanction Date,MISSING_OR_BLANK,
Works_Recommended.csv,23738,Sanction Date,MISSING_OR_BLANK,
Works_Recommended.csv,23739,Sanction Date,MISSING_OR_BLANK,
Works_Recommended.csv,23740,Sanction Date,MISSING_OR_BLANK,
Works_Recommended.csv,23741,Sanction Date,MISSING_OR_BLANK,
Works_Recommended.csv,23742,Sanction Date,MISSING_OR_BLANK,
Works_Recommended.csv,23743,Sanction Date,MISSING_OR_BLANK,
Works_Recommended.csv,23744,Sanction Date,MISSING_OR_BLANK,
Works_Recommended.csv,23745,Sanction Date,MISSING_OR_BLANK,
Works_Recommended.csv,23746,Sanction Date,MISSING_OR_BLANK,
Works_Recommended.csv,23747,Sanction Date,MISSING_OR_BLANK,
Works_Recommended.csv,23748,Sanction Date,MISSING_OR_BLANK,
Works_Recommended.csv,23749,Sanction Date,MISSING_OR_BLANK,
Works_Recommended.csv,23750,Sanction Date,MISSING_OR_BLANK,
Works_Recommended.csv,23751,Sanction Date,MISSING_OR_BLANK,
Works_Recommended.csv,23752,Sanction Date,MISSING_OR_BLANK,
Works_Recommended.csv,23753,Sanction Date,MISSING_OR_BLANK,
Works_Recommended.csv,23754,Sanction Date,MISSING_OR_BLANK,
Works_Recommended.csv,23755,Sanction Date,MISSING_OR_BLANK,
Works_Recommended.csv,23756,Sanction Date,MISSING_OR_BLANK,
Works_Recommended.csv,23757,Sanction Date,MISSING_OR_BLANK,
Works_Recommended.csv,23758,Sanction Date,MISSING_OR_BLANK,
Works_Recommended.csv,23759,Sanction Date,MISSING_OR_BLANK,
Works_Recommended.csv,23760,Sanction Date,MISSING_OR_BLANK,
Works_Recommended.csv,23761,Sanction Date,MISSING_OR_BLANK,
Works_Recommended.csv,23762,Sanction Date,MISSING_OR_BLANK,
Works_Recommended.csv,23763,Sanction Date,MISSING_OR_BLANK,
Works_Recommended.csv,23764,Sanction Date,MISSING_OR_BLANK,
Works_Recommended.csv,23765,Sanction Date,MISSING_OR_BLANK,
Works_Recommended.csv,23766,Sanction Date,MISSING_OR_BLANK,
Works_Recommended.csv,23767,Sanction Date,MISSING_OR_BLANK,
Works_Recommended.csv,23768,Sanction Date,MISSING_OR_BLANK,
Works_Recommended.csv,23769,Sanction Date,MISSING_OR_BLANK,
Works_Recommended.csv,23770,Sanction Date,MISSING_OR_BLANK,
Works_Recommended.csv,23771,Sanction Date,MISSING_OR_BLANK,
Works_Recommended.csv,23772,Sanction Date,MISSING_OR_BLANK,
Works_Recommended.csv,23773,Sanction Date,MISSING_OR_BLANK,
Works_Recommended.csv,23774,Sanction Date,MISSING_OR_BLANK,
Works_Recommended.csv,23775,Sanction Date,MISSING_OR_BLANK,
Works_Recommended.csv,23776,Sanction Date,MISSING_OR_BLANK,
Works_Recommended.csv,23777,Sanction Date,MISSING_OR_BLANK,
Works_Recommended.csv,23778,Sanction Date,MISSING_OR_BLANK,
Works_Recommended.csv,23779,Sanction Date,MISSING_OR_BLANK,
Works_Recommended.csv,23780,Sanction Date,MISSING_OR_BLANK,
Works_Recommended.csv,23781,Sanction Date,MISSING_OR_BLANK,
Works_Recommended.csv,23782,Sanction Date,MISSING_OR_BLANK,
Works_Recommended.csv,23783,Sanction Date,MISSING_OR_BLANK,
Works_Recommended.csv,23784,Sanction Date,MISSING_OR_BLANK,
Works_Recommended.csv,23785,Sanction Date,MISSING_OR_BLANK,
Works_Recommended.csv,23786,Sanction Date,MISSING_OR_BLANK,
Works_Recommended.csv,23787,Sanction Date,MISSING_OR_BLANK,
Works_Recommended.csv,23788,Sanction Date,MISSING_OR_BLANK,
Works_Recommended.csv,23789,Sanction Date,MISSING_OR_BLANK,
Works_Recommended.csv,23790,Sanction Date,MISSING_OR_BLANK,
Works_Recommended.csv,23791,Sanction Date,MISSING_OR_BLANK,
Works_Recommended.csv,23792,Sanction Date,MISSING_OR_BLANK,
Works_Recommended.csv,23793,Sanction Date,MISSING_OR_BLANK,
Works_Recommended.csv,23794,Sanction Date,MISSING_OR_BLANK,
Works_Recommended.csv,23795,Sanction Date,MISSING_OR_BLANK,
Works_Recommended.csv,23796,Sanction Date,MISSING_OR_BLANK,
Works_Recommended.csv,23797,Sanction Date,MISSING_OR_BLANK,
Works_Recommended.csv,23798,Sanction Date,MISSING_OR_BLANK,
Works_Recommended.csv,23799,Sanction Date,MISSING_OR_BLANK,
Works_Recommended.csv,23800,Sanction Date,MISSING_OR_BLANK,
Works_Recommended.csv,23801,Sanction Date,MISSING_OR_BLANK,
Works_Recommended.csv,23802,Sanction Date,MISSING_OR_BLANK,
Works_Recommended.csv,23803,Sanction Date,MISSING_OR_BLANK,
Works_Recommended.csv,23804,Sanction Date,MISSING_OR_BLANK,
Works_Recommended.csv,23805,Sanction Date,MISSING_OR_BLANK,
Works_Recommended.csv,23806,Sanction Date,MISSING_OR_BLANK,
Works_Recommended.csv,23807,Sanction Date,MISSING_OR_BLANK,
Works_Recommended.csv,23808,Sanction Date,MISSING_OR_BLANK,
Works_Recommended.csv,23809,Sanction Date,MISSING_OR_BLANK,
Works_Recommended.csv,23810,Sanction Date,MISSING_OR_BLANK,
Works_Recommended.csv,23811,Sanction Date,MISSING_OR_BLANK,
Works_Recommended.csv,23812,Sanction Date,MISSING_OR_BLANK,
Works_Recommended.csv,23813,Sanction Date,MISSING_OR_BLANK,
Works_Recommended.csv,23814,Sanction Date,MISSING_OR_BLANK,
Works_Recommended.csv,23815,Sanction Date,MISSING_OR_BLANK,
Works_Recommended.csv,23816,Sanction Date,MISSING_OR_BLANK,
Works_Recommended.csv,23817,Sanction Date,MISSING_OR_BLANK,
Works_Recommended.csv,23818,Sanction Date,MISSING_OR_BLANK,
Works_Recommended.csv,23819,Sanction Date,MISSING_OR_BLANK,
Works_Recommended.csv,23820,Sanction Date,MISSING_OR_BLANK,
Works_Recommended.csv,23821,Sanction Date,MISSING_OR_BLANK,
Works_Recommended.csv,23822,Sanction Date,MISSING_OR_BLANK,
Works_Recommended.csv,23823,Sanction Date,MISSING_OR_BLANK,
Works_Recommended.csv,23824,Sanction Date,MISSING_OR_BLANK,
Works_Recommended.csv,23825,Sanction Date,MISSING_OR_BLANK,
Works_Recommended.csv,23826,Sanction Date,MISSING_OR_BLANK,
Works_Recommended.csv,23827,Sanction Date,MISSING_OR_BLANK,
Works_Recommended.csv,23828,Sanction Date,MISSING_OR_BLANK,
Works_Recommended.csv,23829,Sanction Date,MISSING_OR_BLANK,
Works_Recommended.csv,23830,Sanction Date,MISSING_OR_BLANK,
Works_Recommended.csv,23831,Sanction Date,MISSING_OR_BLANK,
Works_Recommended.csv,23832,Sanction Date,MISSING_OR_BLANK,
Works_Recommended.csv,23833,Sanction Date,MISSING_OR_BLANK,
Works_Recommended.csv,23834,Sanction Date,MISSING_OR_BLANK,
Works_Recommended.csv,23835,Sanction Date,MISSING_OR_BLANK,
Works_Recommended.csv,23836,Sanction Date,MISSING_OR_BLANK,
Works_Recommended.csv,23837,Sanction Date,MISSING_OR_BLANK,
Works_Recommended.csv,23838,Sanction Date,MISSING_OR_BLANK,
Works_Recommended.csv,23839,Sanction Date,MISSING_OR_BLANK,
Works_Recommended.csv,23840,Sanction Date,MISSING_OR_BLANK,
Works_Recommended.csv,23841,Sanction Date,MISSING_OR_BLANK,
Works_Recommended.csv,23842,Sanction Date,MISSING_OR_BLANK,
Works_Recommended.csv,23843,Sanction Date,MISSING_OR_BLANK,
Works_Recommended.csv,23844,Sanction Date,MISSING_OR_BLANK,
Works_Recommended.csv,23845,Sanction Date,MISSING_OR_BLANK,
Works_Recommended.csv,23846,Sanction Date,MISSING_OR_BLANK,
Works_Recommended.csv,23847,Sanction Date,MISSING_OR_BLANK,
Works_Recommended.csv,23848,Sanction Date,MISSING_OR_BLANK,
Works_Recommended.csv,23849,Sanction Date,MISSING_OR_BLANK,
Works_Recommended.csv,23850,Sanction Date,MISSING_OR_BLANK,
Works_Recommended.csv,23851,Sanction Date,MISSING_OR_BLANK,
Works_Recommended.csv,23852,Sanction Date,MISSING_OR_BLANK,
Works_Recommended.csv,23853,Sanction Date,MISSING_OR_BLANK,
Works_Recommended.csv,23854,Sanction Date,MISSING_OR_BLANK,
Works_Recommended.csv,23855,Sanction Date,MISSING_OR_BLANK,
Works_Recommended.csv,23856,Sanction Date,MISSING_OR_BLANK,
Works_Recommended.csv,23857,Sanction Date,MISSING_OR_BLANK,
Works_Recommended.csv,23858,Sanction Date,MISSING_OR_BLANK,
Works_Recommended.csv,23859,Sanction Date,MISSING_OR_BLANK,
Works_Recommended.csv,23860,Sanction Date,MISSING_OR_BLANK,
Works_Recommended.csv,23861,Sanction Date,MISSING_OR_BLANK,
Works_Recommended.csv,23862,Sanction Date,MISSING_OR_BLANK,
Works_Recommended.csv,23863,Sanction Date,MISSING_OR_BLANK,
Works_Recommended.csv,23865,Sanction Date,MISSING_OR_BLANK,
Works_Recommended.csv,23866,Sanction Date,MISSING_OR_BLANK,
Works_Recommended.csv,23867,Sanction Date,MISSING_OR_BLANK,
Works_Recommended.csv,23868,Sanction Date,MISSING_OR_BLANK,
Works_Recommended.csv,23869,Sanction Date,MISSING_OR_BLANK,
Works_Recommended.csv,23870,Sanction Date,MISSING_OR_BLANK,
Works_Recommended.csv,23871,Sanction Date,MISSING_OR_BLANK,
Works_Recommended.csv,23872,Sanction Date,MISSING_OR_BLANK,
Works_Recommended.csv,23873,Sanction Date,MISSING_OR_BLANK,
Works_Recommended.csv,23930,Sanction Date,MISSING_OR_BLANK,
Works_Recommended.csv,23931,Sanction Date,MISSING_OR_BLANK,
Works_Recommended.csv,23932,Sanction Date,MISSING_OR_BLANK,
Works_Recommended.csv,23933,Sanction Date,MISSING_OR_BLANK,
Works_Recommended.csv,23934,Sanction Date,MISSING_OR_BLANK,
Works_Recommended.csv,23935,Sanction Date,MISSING_OR_BLANK,
Works_Recommended.csv,23936,Sanction Date,MISSING_OR_BLANK,
Works_Recommended.csv,23937,Sanction Date,MISSING_OR_BLANK,
Works_Recommended.csv,23938,Sanction Date,MISSING_OR_BLANK,
Works_Recommended.csv,23939,Sanction Date,MISSING_OR_BLANK,
Works_Recommended.csv,23940,Sanction Date,MISSING_OR_BLANK,
Works_Recommended.csv,23941,Sanction Date,MISSING_OR_BLANK,
Works_Recommended.csv,23942,Sanction Date,MISSING_OR_BLANK,
Works_Recommended.csv,23943,Sanction Date,MISSING_OR_BLANK,
Works_Recommended.csv,23944,Sanction Date,MISSING_OR_BLANK,
Works_Recommended.csv,23945,Sanction Date,MISSING_OR_BLANK,
Works_Recommended.csv,23946,Sanction Date,MISSING_OR_BLANK,
Works_Recommended.csv,23947,Sanction Date,MISSING_OR_BLANK,
Works_Recommended.csv,23948,Sanction Date,MISSING_OR_BLANK,
Works_Recommended.csv,23949,Sanction Date,MISSING_OR_BLANK,
Works_Recommended.csv,23950,Sanction Date,MISSING_OR_BLANK,
Works_Recommended.csv,23951,Sanction Date,MISSING_OR_BLANK,
Works_Recommended.csv,23952,Sanction Date,MISSING_OR_BLANK,
Works_Recommended.csv,23953,Sanction Date,MISSING_OR_BLANK,
Works_Recommended.csv,23954,Sanction Date,MISSING_OR_BLANK,
Works_Recommended.csv,23955,Sanction Date,MISSING_OR_BLANK,
Works_Recommended.csv,23956,Sanction Date,MISSING_OR_BLANK,
Works_Recommended.csv,23957,Sanction Date,MISSING_OR_BLANK,
Works_Recommended.csv,23958,Sanction Date,MISSING_OR_BLANK,
Works_Recommended.csv,23959,Sanction Date,MISSING_OR_BLANK,
Works_Recommended.csv,23960,Sanction Date,MISSING_OR_BLANK,
Works_Recommended.csv,23961,Sanction Date,MISSING_OR_BLANK,
Works_Recommended.csv,23962,Sanction Date,MISSING_OR_BLANK,
Works_Recommended.csv,23963,Sanction Date,MISSING_OR_BLANK,
Works_Recommended.csv,23964,Sanction Date,MISSING_OR_BLANK,
Works_Recommended.csv,23965,Sanction Date,MISSING_OR_BLANK,
Works_Recommended.csv,23966,Sanction Date,MISSING_OR_BLANK,
Works_Recommended.csv,23967,Sanction Date,MISSING_OR_BLANK,
Works_Recommended.csv,23968,Sanction Date,MISSING_OR_BLANK,
Works_Recommended.csv,23969,Sanction Date,MISSING_OR_BLANK,
Works_Recommended.csv,23971,Sanction Date,MISSING_OR_BLANK,
Works_Recommended.csv,23972,Sanction Date,MISSING_OR_BLANK,
Works_Recommended.csv,23973,Sanction Date,MISSING_OR_BLANK,
Works_Recommended.csv,23974,Sanction Date,MISSING_OR_BLANK,
Works_Recommended.csv,23975,Sanction Date,MISSING_OR_BLANK,
Works_Recommended.csv,23977,Sanction Date,MISSING_OR_BLANK,
Works_Recommended.csv,23978,Sanction Date,MISSING_OR_BLANK,
Works_Recommended.csv,23979,Sanction Date,MISSING_OR_BLANK,
Works_Recommended.csv,23980,Sanction Date,MISSING_OR_BLANK,
Works_Recommended.csv,23981,Sanction Date,MISSING_OR_BLANK,
Works_Recommended.csv,23982,Sanction Date,MISSING_OR_BLANK,
Works_Recommended.csv,23983,Sanction Date,MISSING_OR_BLANK,
Works_Recommended.csv,23984,Sanction Date,MISSING_OR_BLANK,
Works_Recommended.csv,23985,Sanction Date,MISSING_OR_BLANK,
Works_Recommended.csv,23986,Sanction Date,MISSING_OR_BLANK,
Works_Recommended.csv,23987,Sanction Date,MISSING_OR_BLANK,
Works_Recommended.csv,23988,Sanction Date,MISSING_OR_BLANK,
Works_Recommended.csv,23989,Sanction Date,MISSING_OR_BLANK,
Works_Recommended.csv,23990,Sanction Date,MISSING_OR_BLANK,
Works_Recommended.csv,23991,Sanction Date,MISSING_OR_BLANK,
Works_Recommended.csv,23992,Sanction Date,MISSING_OR_BLANK,
Works_Recommended.csv,23993,Sanction Date,MISSING_OR_BLANK,
Works_Recommended.csv,23994,Sanction Date,MISSING_OR_BLANK,
Works_Recommended.csv,23995,Sanction Date,MISSING_OR_BLANK,
Works_Recommended.csv,23996,Sanction Date,MISSING_OR_BLANK,
Works_Recommended.csv,23997,Sanction Date,MISSING_OR_BLANK,
Works_Recommended.csv,23998,Sanction Date,MISSING_OR_BLANK,
Works_Recommended.csv,23999,Sanction Date,MISSING_OR_BLANK,
Works_Recommended.csv,24000,Sanction Date,MISSING_OR_BLANK,
Works_Recommended.csv,24001,Sanction Date,MISSING_OR_BLANK,
Works_Recommended.csv,24002,Sanction Date,MISSING_OR_BLANK,
Works_Recommended.csv,24003,Sanction Date,MISSING_OR_BLANK,
Works_Recommended.csv,24004,Sanction Date,MISSING_OR_BLANK,
Works_Recommended.csv,24005,Sanction Date,MISSING_OR_BLANK,
Works_Recommended.csv,24006,Sanction Date,MISSING_OR_BLANK,
Works_Recommended.csv,24007,Sanction Date,MISSING_OR_BLANK,
Works_Recommended.csv,24008,Sanction Date,MISSING_OR_BLANK,
Works_Recommended.csv,24009,Sanction Date,MISSING_OR_BLANK,
Works_Recommended.csv,24010,Sanction Date,MISSING_OR_BLANK,
Works_Recommended.csv,24011,Sanction Date,MISSING_OR_BLANK,
Works_Recommended.csv,24012,Sanction Date,MISSING_OR_BLANK,
Works_Recommended.csv,24013,Sanction Date,MISSING_OR_BLANK,
Works_Recommended.csv,24014,Sanction Date,MISSING_OR_BLANK,
Works_Recommended.csv,24015,Sanction Date,MISSING_OR_BLANK,
Works_Recommended.csv,24016,Sanction Date,MISSING_OR_BLANK,
Works_Recommended.csv,24017,Sanction Date,MISSING_OR_BLANK,
Works_Recommended.csv,24018,Sanction Date,MISSING_OR_BLANK,
Works_Recommended.csv,24019,Sanction Date,MISSING_OR_BLANK,
Works_Recommended.csv,24022,Sanction Date,MISSING_OR_BLANK,
Works_Recommended.csv,24023,Sanction Date,MISSING_OR_BLANK,
Works_Recommended.csv,24024,Sanction Date,MISSING_OR_BLANK,
Works_Recommended.csv,24025,Sanction Date,MISSING_OR_BLANK,
Works_Recommended.csv,24026,Sanction Date,MISSING_OR_BLANK,
Works_Recommended.csv,24027,Sanction Date,MISSING_OR_BLANK,
Works_Recommended.csv,24028,Sanction Date,MISSING_OR_BLANK,
Works_Recommended.csv,24029,Sanction Date,MISSING_OR_BLANK,
Works_Recommended.csv,24030,Sanction Date,MISSING_OR_BLANK,
Works_Recommended.csv,24031,Sanction Date,MISSING_OR_BLANK,
Works_Recommended.csv,24032,Sanction Date,MISSING_OR_BLANK,
Works_Recommended.csv,24033,Sanction Date,MISSING_OR_BLANK,
Works_Recommended.csv,24034,Sanction Date,MISSING_OR_BLANK,
Works_Recommended.csv,24035,Sanction Date,MISSING_OR_BLANK,
Works_Recommended.csv,24038,Sanction Date,MISSING_OR_BLANK,
Works_Recommended.csv,24039,Sanction Date,MISSING_OR_BLANK,
Works_Recommended.csv,24040,Sanction Date,MISSING_OR_BLANK,
Works_Recommended.csv,24041,Sanction Date,MISSING_OR_BLANK,
Works_Recommended.csv,24042,Sanction Date,MISSING_OR_BLANK,
Works_Recommended.csv,24043,Sanction Date,MISSING_OR_BLANK,
Works_Recommended.csv,24044,Sanction Date,MISSING_OR_BLANK,
Works_Recommended.csv,24045,Sanction Date,MISSING_OR_BLANK,
Works_Recommended.csv,24046,Sanction Date,MISSING_OR_BLANK,
Works_Recommended.csv,24047,Sanction Date,MISSING_OR_BLANK,
Works_Recommended.csv,24048,Sanction Date,MISSING_OR_BLANK,
Works_Recommended.csv,24050,Sanction Date,MISSING_OR_BLANK,
Works_Recommended.csv,24051,Sanction Date,MISSING_OR_BLANK,
Works_Recommended.csv,24053,Sanction Date,MISSING_OR_BLANK,
Works_Recommended.csv,24055,Sanction Date,MISSING_OR_BLANK,
Works_Recommended.csv,24056,Sanction Date,MISSING_OR_BLANK,
Works_Recommended.csv,24057,Sanction Date,MISSING_OR_BLANK,
Works_Recommended.csv,24058,Sanction Date,MISSING_OR_BLANK,
Works_Recommended.csv,24059,Sanction Date,MISSING_OR_BLANK,
Works_Recommended.csv,24060,Sanction Date,MISSING_OR_BLANK,
Works_Recommended.csv,24061,Sanction Date,MISSING_OR_BLANK,
Works_Recommended.csv,24062,Sanction Date,MISSING_OR_BLANK,
Works_Recommended.csv,24063,Sanction Date,MISSING_OR_BLANK,
Works_Recommended.csv,24064,Sanction Date,MISSING_OR_BLANK,
Works_Recommended.csv,24065,Sanction Date,MISSING_OR_BLANK,
Works_Recommended.csv,24066,Sanction Date,MISSING_OR_BLANK,
Works_Recommended.csv,24067,Sanction Date,MISSING_OR_BLANK,
Works_Recommended.csv,24068,Sanction Date,MISSING_OR_BLANK,
Works_Recommended.csv,24069,Sanction Date,MISSING_OR_BLANK,
Works_Recommended.csv,24070,Sanction Date,MISSING_OR_BLANK,
Works_Recommended.csv,24071,Sanction Date,MISSING_OR_BLANK,
Works_Recommended.csv,24072,Sanction Date,MISSING_OR_BLANK,
Works_Recommended.csv,24073,Sanction Date,MISSING_OR_BLANK,
Works_Recommended.csv,24074,Sanction Date,MISSING_OR_BLANK,
Works_Recommended.csv,24075,Sanction Date,MISSING_OR_BLANK,
Works_Recommended.csv,24076,Sanction Date,MISSING_OR_BLANK,
Works_Recommended.csv,24077,Sanction Date,MISSING_OR_BLANK,
Works_Recommended.csv,24078,Sanction Date,MISSING_OR_BLANK,
Works_Recommended.csv,24079,Sanction Date,MISSING_OR_BLANK,
Works_Recommended.csv,24081,Sanction Date,MISSING_OR_BLANK,
Works_Recommended.csv,24082,Sanction Date,MISSING_OR_BLANK,
Works_Recommended.csv,24083,Sanction Date,MISSING_OR_BLANK,
Works_Recommended.csv,24084,Sanction Date,MISSING_OR_BLANK,
Works_Recommended.csv,24085,Sanction Date,MISSING_OR_BLANK,
Works_Recommended.csv,24086,Sanction Date,MISSING_OR_BLANK,
Works_Recommended.csv,24087,Sanction Date,MISSING_OR_BLANK,
Works_Recommended.csv,24088,Sanction Date,MISSING_OR_BLANK,
Works_Recommended.csv,24089,Sanction Date,MISSING_OR_BLANK,
Works_Recommended.csv,24090,Sanction Date,MISSING_OR_BLANK,
Works_Recommended.csv,24091,Sanction Date,MISSING_OR_BLANK,
Works_Recommended.csv,24092,Sanction Date,MISSING_OR_BLANK,
Works_Recommended.csv,24093,Sanction Date,MISSING_OR_BLANK,
Works_Recommended.csv,24094,Sanction Date,MISSING_OR_BLANK,
Works_Recommended.csv,24095,Sanction Date,MISSING_OR_BLANK,
Works_Recommended.csv,24096,Sanction Date,MISSING_OR_BLANK,
Works_Recommended.csv,24097,Sanction Date,MISSING_OR_BLANK,
Works_Recommended.csv,24098,Sanction Date,MISSING_OR_BLANK,
Works_Recommended.csv,24099,Sanction Date,MISSING_OR_BLANK,
Works_Recommended.csv,24100,Sanction Date,MISSING_OR_BLANK,
Works_Recommended.csv,24101,Sanction Date,MISSING_OR_BLANK,
Works_Recommended.csv,24102,Sanction Date,MISSING_OR_BLANK,
Works_Recommended.csv,24103,Sanction Date,MISSING_OR_BLANK,
Works_Recommended.csv,24104,Sanction Date,MISSING_OR_BLANK,
Works_Recommended.csv,24105,Sanction Date,MISSING_OR_BLANK,
Works_Recommended.csv,24106,Sanction Date,MISSING_OR_BLANK,
Works_Recommended.csv,24107,Sanction Date,MISSING_OR_BLANK,
Works_Recommended.csv,24108,Sanction Date,MISSING_OR_BLANK,
Works_Recommended.csv,24109,Sanction Date,MISSING_OR_BLANK,
Works_Recommended.csv,24110,Sanction Date,MISSING_OR_BLANK,
Works_Recommended.csv,24111,Sanction Date,MISSING_OR_BLANK,
Works_Recommended.csv,24112,Sanction Date,MISSING_OR_BLANK,
Works_Recommended.csv,24113,Sanction Date,MISSING_OR_BLANK,
Works_Recommended.csv,24114,Sanction Date,MISSING_OR_BLANK,
Works_Recommended.csv,24115,Sanction Date,MISSING_OR_BLANK,
Works_Recommended.csv,24116,Sanction Date,MISSING_OR_BLANK,
Works_Recommended.csv,24117,Sanction Date,MISSING_OR_BLANK,
Works_Recommended.csv,24118,Sanction Date,MISSING_OR_BLANK,
Works_Recommended.csv,24119,Sanction Date,MISSING_OR_BLANK,
Works_Recommended.csv,24120,Sanction Date,MISSING_OR_BLANK,
Works_Recommended.csv,24121,Sanction Date,MISSING_OR_BLANK,
Works_Recommended.csv,24122,Sanction Date,MISSING_OR_BLANK,
Works_Recommended.csv,24123,Sanction Date,MISSING_OR_BLANK,
Works_Recommended.csv,24124,Sanction Date,MISSING_OR_BLANK,
Works_Recommended.csv,24125,Sanction Date,MISSING_OR_BLANK,
Works_Recommended.csv,24126,Sanction Date,MISSING_OR_BLANK,
Works_Recommended.csv,24127,Sanction Date,MISSING_OR_BLANK,
Works_Recommended.csv,24128,Sanction Date,MISSING_OR_BLANK,
Works_Recommended.csv,24129,Sanction Date,MISSING_OR_BLANK,
Works_Recommended.csv,24130,Sanction Date,MISSING_OR_BLANK,
Works_Recommended.csv,24131,Sanction Date,MISSING_OR_BLANK,
Works_Recommended.csv,24132,Sanction Date,MISSING_OR_BLANK,
Works_Recommended.csv,24133,Sanction Date,MISSING_OR_BLANK,
Works_Recommended.csv,24134,Sanction Date,MISSING_OR_BLANK,
Works_Recommended.csv,24135,Sanction Date,MISSING_OR_BLANK,
Works_Recommended.csv,24136,Sanction Date,MISSING_OR_BLANK,
Works_Recommended.csv,24137,Sanction Date,MISSING_OR_BLANK,
Works_Recommended.csv,24138,Sanction Date,MISSING_OR_BLANK,
Works_Recommended.csv,24139,Sanction Date,MISSING_OR_BLANK,
Works_Recommended.csv,24140,Sanction Date,MISSING_OR_BLANK,
Works_Recommended.csv,24141,Sanction Date,MISSING_OR_BLANK,
Works_Recommended.csv,24142,Sanction Date,MISSING_OR_BLANK,
Works_Recommended.csv,24143,Sanction Date,MISSING_OR_BLANK,
Works_Recommended.csv,24144,Sanction Date,MISSING_OR_BLANK,
Works_Recommended.csv,24145,Sanction Date,MISSING_OR_BLANK,
Works_Recommended.csv,24146,Sanction Date,MISSING_OR_BLANK,
Works_Recommended.csv,24147,Sanction Date,MISSING_OR_BLANK,
Works_Recommended.csv,24148,Sanction Date,MISSING_OR_BLANK,
Works_Recommended.csv,24149,Sanction Date,MISSING_OR_BLANK,
Works_Recommended.csv,24150,Sanction Date,MISSING_OR_BLANK,
Works_Recommended.csv,24151,Sanction Date,MISSING_OR_BLANK,
Works_Recommended.csv,24152,Sanction Date,MISSING_OR_BLANK,
Works_Recommended.csv,24153,Sanction Date,MISSING_OR_BLANK,
Works_Recommended.csv,24154,Sanction Date,MISSING_OR_BLANK,
Works_Recommended.csv,24155,Sanction Date,MISSING_OR_BLANK,
Works_Recommended.csv,24156,Sanction Date,MISSING_OR_BLANK,
Works_Recommended.csv,24157,Sanction Date,MISSING_OR_BLANK,
Works_Recommended.csv,24158,Sanction Date,MISSING_OR_BLANK,
Works_Recommended.csv,24159,Sanction Date,MISSING_OR_BLANK,
Works_Recommended.csv,24160,Sanction Date,MISSING_OR_BLANK,
Works_Recommended.csv,24161,Sanction Date,MISSING_OR_BLANK,
Works_Recommended.csv,24162,Sanction Date,MISSING_OR_BLANK,
Works_Recommended.csv,24163,Sanction Date,MISSING_OR_BLANK,
Works_Recommended.csv,24164,Sanction Date,MISSING_OR_BLANK,
Works_Recommended.csv,24165,Sanction Date,MISSING_OR_BLANK,
Works_Recommended.csv,24166,Sanction Date,MISSING_OR_BLANK,
Works_Recommended.csv,24167,Sanction Date,MISSING_OR_BLANK,
Works_Recommended.csv,24168,Sanction Date,MISSING_OR_BLANK,
Works_Recommended.csv,24169,Sanction Date,MISSING_OR_BLANK,
Works_Recommended.csv,24170,Sanction Date,MISSING_OR_BLANK,
Works_Recommended.csv,24171,Sanction Date,MISSING_OR_BLANK,
Works_Recommended.csv,24172,Sanction Date,MISSING_OR_BLANK,
Works_Recommended.csv,24173,Sanction Date,MISSING_OR_BLANK,
Works_Recommended.csv,24174,Sanction Date,MISSING_OR_BLANK,
Works_Recommended.csv,24175,Sanction Date,MISSING_OR_BLANK,
Works_Recommended.csv,24176,Sanction Date,MISSING_OR_BLANK,
Works_Recommended.csv,24177,Sanction Date,MISSING_OR_BLANK,
Works_Recommended.csv,24178,Sanction Date,MISSING_OR_BLANK,
Works_Recommended.csv,24179,Sanction Date,MISSING_OR_BLANK,
Works_Recommended.csv,24180,Sanction Date,MISSING_OR_BLANK,
Works_Recommended.csv,24181,Sanction Date,MISSING_OR_BLANK,
Works_Recommended.csv,24182,Sanction Date,MISSING_OR_BLANK,
Works_Recommended.csv,24183,Sanction Date,MISSING_OR_BLANK,
Works_Recommended.csv,24184,Sanction Date,MISSING_OR_BLANK,
Works_Recommended.csv,24185,Sanction Date,MISSING_OR_BLANK,
Works_Recommended.csv,24186,Sanction Date,MISSING_OR_BLANK,
Works_Recommended.csv,24187,Sanction Date,MISSING_OR_BLANK,
Works_Recommended.csv,24188,Sanction Date,MISSING_OR_BLANK,
Works_Recommended.csv,24189,Sanction Date,MISSING_OR_BLANK,
Works_Recommended.csv,24190,Sanction Date,MISSING_OR_BLANK,
Works_Recommended.csv,24191,Sanction Date,MISSING_OR_BLANK,
Works_Recommended.csv,24192,Sanction Date,MISSING_OR_BLANK,
Works_Recommended.csv,24193,Sanction Date,MISSING_OR_BLANK,
Works_Recommended.csv,24194,Sanction Date,MISSING_OR_BLANK,
Works_Recommended.csv,24195,Sanction Date,MISSING_OR_BLANK,
Works_Recommended.csv,24196,Sanction Date,MISSING_OR_BLANK,
Works_Recommended.csv,24197,Sanction Date,MISSING_OR_BLANK,
Works_Recommended.csv,24198,Sanction Date,MISSING_OR_BLANK,
Works_Recommended.csv,24199,Sanction Date,MISSING_OR_BLANK,
Works_Recommended.csv,24200,Sanction Date,MISSING_OR_BLANK,
Works_Recommended.csv,24201,Sanction Date,MISSING_OR_BLANK,
Works_Recommended.csv,24202,Sanction Date,MISSING_OR_BLANK,
Works_Recommended.csv,24203,Sanction Date,MISSING_OR_BLANK,
Works_Recommended.csv,24204,Sanction Date,MISSING_OR_BLANK,
Works_Recommended.csv,24205,Sanction Date,MISSING_OR_BLANK,
Works_Recommended.csv,24206,Sanction Date,MISSING_OR_BLANK,
Works_Recommended.csv,24207,Sanction Date,MISSING_OR_BLANK,
Works_Recommended.csv,24208,Sanction Date,MISSING_OR_BLANK,
Works_Recommended.csv,24209,Sanction Date,MISSING_OR_BLANK,
Works_Recommended.csv,24210,Sanction Date,MISSING_OR_BLANK,
Works_Recommended.csv,24211,Sanction Date,MISSING_OR_BLANK,
Works_Recommended.csv,24212,Sanction Date,MISSING_OR_BLANK,
Works_Recommended.csv,24213,Sanction Date,MISSING_OR_BLANK,
Works_Recommended.csv,24214,Sanction Date,MISSING_OR_BLANK,
Works_Recommended.csv,24215,Sanction Date,MISSING_OR_BLANK,
Works_Recommended.csv,24216,Sanction Date,MISSING_OR_BLANK,
Works_Recommended.csv,24217,Sanction Date,MISSING_OR_BLANK,
Works_Recommended.csv,24218,Sanction Date,MISSING_OR_BLANK,
Works_Recommended.csv,24219,Sanction Date,MISSING_OR_BLANK,
Works_Recommended.csv,24220,Sanction Date,MISSING_OR_BLANK,
Works_Recommended.csv,24221,Sanction Date,MISSING_OR_BLANK,
Works_Recommended.csv,24222,Sanction Date,MISSING_OR_BLANK,
Works_Recommended.csv,24223,Sanction Date,MISSING_OR_BLANK,
Works_Recommended.csv,24224,Sanction Date,MISSING_OR_BLANK,
Works_Recommended.csv,24225,Sanction Date,MISSING_OR_BLANK,
Works_Recommended.csv,24226,Sanction Date,MISSING_OR_BLANK,
Works_Recommended.csv,24227,Sanction Date,MISSING_OR_BLANK,
Works_Recommended.csv,24228,Sanction Date,MISSING_OR_BLANK,
Works_Recommended.csv,24229,Sanction Date,MISSING_OR_BLANK,
Works_Recommended.csv,24230,Sanction Date,MISSING_OR_BLANK,
Works_Recommended.csv,24231,Sanction Date,MISSING_OR_BLANK,
Works_Recommended.csv,24232,Sanction Date,MISSING_OR_BLANK,
Works_Recommended.csv,24233,Sanction Date,MISSING_OR_BLANK,
Works_Recommended.csv,24234,Sanction Date,MISSING_OR_BLANK,
Works_Recommended.csv,24235,Sanction Date,MISSING_OR_BLANK,
Works_Recommended.csv,24236,Sanction Date,MISSING_OR_BLANK,
Works_Recommended.csv,24237,Sanction Date,MISSING_OR_BLANK,
Works_Recommended.csv,24238,Sanction Date,MISSING_OR_BLANK,
Works_Recommended.csv,24239,Sanction Date,MISSING_OR_BLANK,
Works_Recommended.csv,24240,Sanction Date,MISSING_OR_BLANK,
Works_Recommended.csv,24241,Sanction Date,MISSING_OR_BLANK,
Works_Recommended.csv,24242,Sanction Date,MISSING_OR_BLANK,
Works_Recommended.csv,24243,Sanction Date,MISSING_OR_BLANK,
Works_Recommended.csv,24244,Sanction Date,MISSING_OR_BLANK,
Works_Recommended.csv,24245,Sanction Date,MISSING_OR_BLANK,
Works_Recommended.csv,24246,Sanction Date,MISSING_OR_BLANK,
Works_Recommended.csv,24247,Sanction Date,MISSING_OR_BLANK,
Works_Recommended.csv,24248,Sanction Date,MISSING_OR_BLANK,
Works_Recommended.csv,24249,Sanction Date,MISSING_OR_BLANK,
Works_Recommended.csv,24250,Sanction Date,MISSING_OR_BLANK,
Works_Recommended.csv,24251,Sanction Date,MISSING_OR_BLANK,
Works_Recommended.csv,24252,Sanction Date,MISSING_OR_BLANK,
Works_Recommended.csv,24253,Sanction Date,MISSING_OR_BLANK,
Works_Recommended.csv,24254,Sanction Date,MISSING_OR_BLANK,
Works_Recommended.csv,24255,Sanction Date,MISSING_OR_BLANK,
Works_Recommended.csv,24256,Sanction Date,MISSING_OR_BLANK,
Works_Recommended.csv,24257,Sanction Date,MISSING_OR_BLANK,
Works_Recommended.csv,24258,Sanction Date,MISSING_OR_BLANK,
Works_Recommended.csv,24259,Sanction Date,MISSING_OR_BLANK,
Works_Recommended.csv,24260,Sanction Date,MISSING_OR_BLANK,
Works_Recommended.csv,24261,Sanction Date,MISSING_OR_BLANK,
Works_Recommended.csv,24262,Sanction Date,MISSING_OR_BLANK,
Works_Recommended.csv,24263,Sanction Date,MISSING_OR_BLANK,
Works_Recommended.csv,24264,Sanction Date,MISSING_OR_BLANK,
Works_Recommended.csv,24265,Sanction Date,MISSING_OR_BLANK,
Works_Recommended.csv,24266,Sanction Date,MISSING_OR_BLANK,
Works_Recommended.csv,24267,Sanction Date,MISSING_OR_BLANK,
Works_Recommended.csv,24268,Sanction Date,MISSING_OR_BLANK,
Works_Recommended.csv,24269,Sanction Date,MISSING_OR_BLANK,
Works_Recommended.csv,24270,Sanction Date,MISSING_OR_BLANK,
Works_Recommended.csv,24271,Sanction Date,MISSING_OR_BLANK,
Works_Recommended.csv,24272,Sanction Date,MISSING_OR_BLANK,
Works_Recommended.csv,24273,Sanction Date,MISSING_OR_BLANK,
Works_Recommended.csv,24274,Sanction Date,MISSING_OR_BLANK,
Works_Recommended.csv,24275,Sanction Date,MISSING_OR_BLANK,
Works_Recommended.csv,24276,Sanction Date,MISSING_OR_BLANK,
Works_Recommended.csv,24277,Sanction Date,MISSING_OR_BLANK,
Works_Recommended.csv,24278,Sanction Date,MISSING_OR_BLANK,
Works_Recommended.csv,24279,Sanction Date,MISSING_OR_BLANK,
Works_Recommended.csv,24280,Sanction Date,MISSING_OR_BLANK,
Works_Recommended.csv,24281,Sanction Date,MISSING_OR_BLANK,
Works_Recommended.csv,24282,Sanction Date,MISSING_OR_BLANK,
Works_Recommended.csv,24283,Sanction Date,MISSING_OR_BLANK,
Works_Recommended.csv,24284,Sanction Date,MISSING_OR_BLANK,
Works_Recommended.csv,24285,Sanction Date,MISSING_OR_BLANK,
Works_Recommended.csv,24286,Sanction Date,MISSING_OR_BLANK,
Works_Recommended.csv,24287,Sanction Date,MISSING_OR_BLANK,
Works_Recommended.csv,24288,Sanction Date,MISSING_OR_BLANK,
Works_Recommended.csv,24289,Sanction Date,MISSING_OR_BLANK,
Works_Recommended.csv,24290,Sanction Date,MISSING_OR_BLANK,
Works_Recommended.csv,24291,Sanction Date,MISSING_OR_BLANK,
Works_Recommended.csv,24292,Sanction Date,MISSING_OR_BLANK,
Works_Recommended.csv,24293,Sanction Date,MISSING_OR_BLANK,
Works_Recommended.csv,24294,Sanction Date,MISSING_OR_BLANK,
Works_Recommended.csv,24295,Sanction Date,MISSING_OR_BLANK,
Works_Recommended.csv,24296,Sanction Date,MISSING_OR_BLANK,
Works_Recommended.csv,24297,Sanction Date,MISSING_OR_BLANK,
Works_Recommended.csv,24298,Sanction Date,MISSING_OR_BLANK,
Works_Recommended.csv,24299,Sanction Date,MISSING_OR_BLANK,
Works_Recommended.csv,24300,Sanction Date,MISSING_OR_BLANK,
Works_Recommended.csv,24301,Sanction Date,MISSING_OR_BLANK,
Works_Recommended.csv,24302,Sanction Date,MISSING_OR_BLANK,
Works_Recommended.csv,24303,Sanction Date,MISSING_OR_BLANK,
Works_Recommended.csv,24304,Sanction Date,MISSING_OR_BLANK,
Works_Recommended.csv,24305,Sanction Date,MISSING_OR_BLANK,
Works_Recommended.csv,24306,Sanction Date,MISSING_OR_BLANK,
Works_Recommended.csv,24307,Sanction Date,MISSING_OR_BLANK,
Works_Recommended.csv,24308,Sanction Date,MISSING_OR_BLANK,
Works_Recommended.csv,24309,Sanction Date,MISSING_OR_BLANK,
Works_Recommended.csv,24310,Sanction Date,MISSING_OR_BLANK,
Works_Recommended.csv,24311,Sanction Date,MISSING_OR_BLANK,
Works_Recommended.csv,24312,Sanction Date,MISSING_OR_BLANK,
Works_Recommended.csv,24313,Sanction Date,MISSING_OR_BLANK,
Works_Recommended.csv,24314,Sanction Date,MISSING_OR_BLANK,
Works_Recommended.csv,24315,Sanction Date,MISSING_OR_BLANK,
Works_Recommended.csv,24316,Sanction Date,MISSING_OR_BLANK,
Works_Recommended.csv,24317,Sanction Date,MISSING_OR_BLANK,
Works_Recommended.csv,24318,Sanction Date,MISSING_OR_BLANK,
Works_Recommended.csv,24319,Sanction Date,MISSING_OR_BLANK,
Works_Recommended.csv,24320,Sanction Date,MISSING_OR_BLANK,
Works_Recommended.csv,24321,Sanction Date,MISSING_OR_BLANK,
Works_Recommended.csv,24322,Sanction Date,MISSING_OR_BLANK,
Works_Recommended.csv,24323,Sanction Date,MISSING_OR_BLANK,
Works_Recommended.csv,24324,Sanction Date,MISSING_OR_BLANK,
Works_Recommended.csv,24325,Sanction Date,MISSING_OR_BLANK,
Works_Recommended.csv,24326,Sanction Date,MISSING_OR_BLANK,
Works_Recommended.csv,24327,Sanction Date,MISSING_OR_BLANK,
Works_Recommended.csv,24328,Sanction Date,MISSING_OR_BLANK,
Works_Recommended.csv,24329,Sanction Date,MISSING_OR_BLANK,
Works_Recommended.csv,24330,Sanction Date,MISSING_OR_BLANK,
Works_Recommended.csv,24331,Sanction Date,MISSING_OR_BLANK,
Works_Recommended.csv,24332,Sanction Date,MISSING_OR_BLANK,
Works_Recommended.csv,24333,Sanction Date,MISSING_OR_BLANK,
Works_Recommended.csv,24335,Sanction Date,MISSING_OR_BLANK,
Works_Recommended.csv,24336,Sanction Date,MISSING_OR_BLANK,
Works_Recommended.csv,24337,Sanction Date,MISSING_OR_BLANK,
Works_Recommended.csv,24338,Sanction Date,MISSING_OR_BLANK,
Works_Recommended.csv,24339,Sanction Date,MISSING_OR_BLANK,
Works_Recommended.csv,24340,Sanction Date,MISSING_OR_BLANK,
Works_Recommended.csv,24341,Sanction Date,MISSING_OR_BLANK,
Works_Recommended.csv,24342,Sanction Date,MISSING_OR_BLANK,
Works_Recommended.csv,24343,Sanction Date,MISSING_OR_BLANK,
Works_Recommended.csv,24344,Sanction Date,MISSING_OR_BLANK,
Works_Recommended.csv,24345,Sanction Date,MISSING_OR_BLANK,
Works_Recommended.csv,24346,Sanction Date,MISSING_OR_BLANK,
Works_Recommended.csv,24347,Sanction Date,MISSING_OR_BLANK,
Works_Recommended.csv,24348,Sanction Date,MISSING_OR_BLANK,
Works_Recommended.csv,24349,Sanction Date,MISSING_OR_BLANK,
Works_Recommended.csv,24350,Sanction Date,MISSING_OR_BLANK,
Works_Recommended.csv,24351,Sanction Date,MISSING_OR_BLANK,
Works_Recommended.csv,24352,Sanction Date,MISSING_OR_BLANK,
Works_Recommended.csv,24353,Sanction Date,MISSING_OR_BLANK,
Works_Recommended.csv,24354,Sanction Date,MISSING_OR_BLANK,
Works_Recommended.csv,24355,Sanction Date,MISSING_OR_BLANK,
Works_Recommended.csv,24356,Sanction Date,MISSING_OR_BLANK,
Works_Recommended.csv,24357,Sanction Date,MISSING_OR_BLANK,
Works_Recommended.csv,24358,Sanction Date,MISSING_OR_BLANK,
Works_Recommended.csv,24359,Sanction Date,MISSING_OR_BLANK,
Works_Recommended.csv,24360,Sanction Date,MISSING_OR_BLANK,
Works_Recommended.csv,24361,Sanction Date,MISSING_OR_BLANK,
Works_Recommended.csv,24362,Sanction Date,MISSING_OR_BLANK,
Works_Recommended.csv,24363,Sanction Date,MISSING_OR_BLANK,
Works_Recommended.csv,24364,Sanction Date,MISSING_OR_BLANK,
Works_Recommended.csv,24365,Sanction Date,MISSING_OR_BLANK,
Works_Recommended.csv,24366,Sanction Date,MISSING_OR_BLANK,
Works_Recommended.csv,24367,Sanction Date,MISSING_OR_BLANK,
Works_Recommended.csv,24368,Sanction Date,MISSING_OR_BLANK,
Works_Recommended.csv,24369,Sanction Date,MISSING_OR_BLANK,
Works_Recommended.csv,24370,Sanction Date,MISSING_OR_BLANK,
Works_Recommended.csv,24371,Sanction Date,MISSING_OR_BLANK,
Works_Recommended.csv,24372,Sanction Date,MISSING_OR_BLANK,
Works_Recommended.csv,24373,Sanction Date,MISSING_OR_BLANK,
Works_Recommended.csv,24374,Sanction Date,MISSING_OR_BLANK,
Works_Recommended.csv,24375,Sanction Date,MISSING_OR_BLANK,
Works_Recommended.csv,24376,Sanction Date,MISSING_OR_BLANK,
Works_Recommended.csv,24377,Sanction Date,MISSING_OR_BLANK,
Works_Recommended.csv,24378,Sanction Date,MISSING_OR_BLANK,
Works_Recommended.csv,24379,Sanction Date,MISSING_OR_BLANK,
Works_Recommended.csv,24380,Sanction Date,MISSING_OR_BLANK,
Works_Recommended.csv,24381,Sanction Date,MISSING_OR_BLANK,
Works_Recommended.csv,24382,Sanction Date,MISSING_OR_BLANK,
Works_Recommended.csv,24383,Sanction Date,MISSING_OR_BLANK,
Works_Recommended.csv,24384,Sanction Date,MISSING_OR_BLANK,
Works_Recommended.csv,24385,Sanction Date,MISSING_OR_BLANK,
Works_Recommended.csv,24386,Sanction Date,MISSING_OR_BLANK,
Works_Recommended.csv,24387,Sanction Date,MISSING_OR_BLANK,
Works_Recommended.csv,24388,Sanction Date,MISSING_OR_BLANK,
Works_Recommended.csv,24389,Sanction Date,MISSING_OR_BLANK,
Works_Recommended.csv,24390,Sanction Date,MISSING_OR_BLANK,
Works_Recommended.csv,24391,Sanction Date,MISSING_OR_BLANK,
Works_Recommended.csv,24392,Sanction Date,MISSING_OR_BLANK,
Works_Recommended.csv,24393,Sanction Date,MISSING_OR_BLANK,
Works_Recommended.csv,24394,Sanction Date,MISSING_OR_BLANK,
Works_Recommended.csv,24395,Sanction Date,MISSING_OR_BLANK,
Works_Recommended.csv,24396,Sanction Date,MISSING_OR_BLANK,
Works_Recommended.csv,24397,Sanction Date,MISSING_OR_BLANK,
Works_Recommended.csv,24398,Sanction Date,MISSING_OR_BLANK,
Works_Recommended.csv,24399,Sanction Date,MISSING_OR_BLANK,
Works_Recommended.csv,24400,Sanction Date,MISSING_OR_BLANK,
Works_Recommended.csv,24401,Sanction Date,MISSING_OR_BLANK,
Works_Recommended.csv,24402,Sanction Date,MISSING_OR_BLANK,
Works_Recommended.csv,24403,Sanction Date,MISSING_OR_BLANK,
Works_Recommended.csv,24404,Sanction Date,MISSING_OR_BLANK,
Works_Recommended.csv,24405,Sanction Date,MISSING_OR_BLANK,
Works_Recommended.csv,24406,Sanction Date,MISSING_OR_BLANK,
Works_Recommended.csv,24407,Sanction Date,MISSING_OR_BLANK,
Works_Recommended.csv,24408,Sanction Date,MISSING_OR_BLANK,
Works_Recommended.csv,24409,Sanction Date,MISSING_OR_BLANK,
Works_Recommended.csv,24410,Sanction Date,MISSING_OR_BLANK,
Works_Recommended.csv,24411,Sanction Date,MISSING_OR_BLANK,
Works_Recommended.csv,24412,Sanction Date,MISSING_OR_BLANK,
Works_Recommended.csv,24413,Sanction Date,MISSING_OR_BLANK,
Works_Recommended.csv,24414,Sanction Date,MISSING_OR_BLANK,
Works_Recommended.csv,24415,Sanction Date,MISSING_OR_BLANK,
Works_Recommended.csv,24416,Sanction Date,MISSING_OR_BLANK,
Works_Recommended.csv,24417,Sanction Date,MISSING_OR_BLANK,
Works_Recommended.csv,24418,Sanction Date,MISSING_OR_BLANK,
Works_Recommended.csv,24419,Sanction Date,MISSING_OR_BLANK,
Works_Recommended.csv,24420,Sanction Date,MISSING_OR_BLANK,
Works_Recommended.csv,24421,Sanction Date,MISSING_OR_BLANK,
Works_Recommended.csv,24422,Sanction Date,MISSING_OR_BLANK,
Works_Recommended.csv,24423,Sanction Date,MISSING_OR_BLANK,
Works_Recommended.csv,24424,Sanction Date,MISSING_OR_BLANK,
Works_Recommended.csv,24425,Sanction Date,MISSING_OR_BLANK,
Works_Recommended.csv,24426,Sanction Date,MISSING_OR_BLANK,
Works_Recommended.csv,24427,Sanction Date,MISSING_OR_BLANK,
Works_Recommended.csv,24428,Sanction Date,MISSING_OR_BLANK,
Works_Recommended.csv,24429,Sanction Date,MISSING_OR_BLANK,
Works_Recommended.csv,24430,Sanction Date,MISSING_OR_BLANK,
Works_Recommended.csv,24431,Sanction Date,MISSING_OR_BLANK,
Works_Recommended.csv,24432,Sanction Date,MISSING_OR_BLANK,
Works_Recommended.csv,24433,Sanction Date,MISSING_OR_BLANK,
Works_Recommended.csv,24434,Sanction Date,MISSING_OR_BLANK,
Works_Recommended.csv,24435,Sanction Date,MISSING_OR_BLANK,
Works_Recommended.csv,24436,Sanction Date,MISSING_OR_BLANK,
Works_Recommended.csv,24437,Sanction Date,MISSING_OR_BLANK,
Works_Recommended.csv,24438,Sanction Date,MISSING_OR_BLANK,
Works_Recommended.csv,24439,Sanction Date,MISSING_OR_BLANK,
Works_Recommended.csv,24440,Sanction Date,MISSING_OR_BLANK,
Works_Recommended.csv,24441,Sanction Date,MISSING_OR_BLANK,
Works_Recommended.csv,24442,Sanction Date,MISSING_OR_BLANK,
Works_Recommended.csv,24443,Sanction Date,MISSING_OR_BLANK,
Works_Recommended.csv,24444,Sanction Date,MISSING_OR_BLANK,
Works_Recommended.csv,24445,Sanction Date,MISSING_OR_BLANK,
Works_Recommended.csv,24446,Sanction Date,MISSING_OR_BLANK,
Works_Recommended.csv,24447,Sanction Date,MISSING_OR_BLANK,
Works_Recommended.csv,24448,Sanction Date,MISSING_OR_BLANK,
Works_Recommended.csv,24449,Sanction Date,MISSING_OR_BLANK,
Works_Recommended.csv,24450,Sanction Date,MISSING_OR_BLANK,
Works_Recommended.csv,24451,Sanction Date,MISSING_OR_BLANK,
Works_Recommended.csv,24452,Sanction Date,MISSING_OR_BLANK,
Works_Recommended.csv,24453,Sanction Date,MISSING_OR_BLANK,
Works_Recommended.csv,24454,Sanction Date,MISSING_OR_BLANK,
Works_Recommended.csv,24455,Sanction Date,MISSING_OR_BLANK,
Works_Recommended.csv,24456,Sanction Date,MISSING_OR_BLANK,
Works_Recommended.csv,24457,Sanction Date,MISSING_OR_BLANK,
Works_Recommended.csv,24458,Sanction Date,MISSING_OR_BLANK,
Works_Recommended.csv,24459,Sanction Date,MISSING_OR_BLANK,
Works_Recommended.csv,24460,Sanction Date,MISSING_OR_BLANK,
Works_Recommended.csv,24461,Sanction Date,MISSING_OR_BLANK,
Works_Recommended.csv,24462,Sanction Date,MISSING_OR_BLANK,
Works_Recommended.csv,24463,Sanction Date,MISSING_OR_BLANK,
Works_Recommended.csv,24464,Sanction Date,MISSING_OR_BLANK,
Works_Recommended.csv,24465,Sanction Date,MISSING_OR_BLANK,
Works_Recommended.csv,24466,Sanction Date,MISSING_OR_BLANK,
Works_Recommended.csv,24467,Sanction Date,MISSING_OR_BLANK,
Works_Recommended.csv,24468,Sanction Date,MISSING_OR_BLANK,
Works_Recommended.csv,24469,Sanction Date,MISSING_OR_BLANK,
Works_Recommended.csv,24470,Sanction Date,MISSING_OR_BLANK,
Works_Recommended.csv,24471,Sanction Date,MISSING_OR_BLANK,
Works_Recommended.csv,24472,Sanction Date,MISSING_OR_BLANK,
Works_Recommended.csv,24473,Sanction Date,MISSING_OR_BLANK,
Works_Recommended.csv,24474,Sanction Date,MISSING_OR_BLANK,
Works_Recommended.csv,24475,Sanction Date,MISSING_OR_BLANK,
Works_Recommended.csv,24476,Sanction Date,MISSING_OR_BLANK,
Works_Recommended.csv,24477,Sanction Date,MISSING_OR_BLANK,
Works_Recommended.csv,24478,Sanction Date,MISSING_OR_BLANK,
Works_Recommended.csv,24479,Sanction Date,MISSING_OR_BLANK,
Works_Recommended.csv,24480,Sanction Date,MISSING_OR_BLANK,
Works_Recommended.csv,24481,Sanction Date,MISSING_OR_BLANK,
Works_Recommended.csv,24482,Sanction Date,MISSING_OR_BLANK,
Works_Recommended.csv,24483,Sanction Date,MISSING_OR_BLANK,
Works_Recommended.csv,24484,Sanction Date,MISSING_OR_BLANK,
Works_Recommended.csv,24485,Sanction Date,MISSING_OR_BLANK,
Works_Recommended.csv,24486,Sanction Date,MISSING_OR_BLANK,
Works_Recommended.csv,24487,Sanction Date,MISSING_OR_BLANK,
Works_Recommended.csv,24488,Sanction Date,MISSING_OR_BLANK,
Works_Recommended.csv,24489,Sanction Date,MISSING_OR_BLANK,
Works_Recommended.csv,24490,Sanction Date,MISSING_OR_BLANK,
Works_Recommended.csv,24491,Sanction Date,MISSING_OR_BLANK,
Works_Recommended.csv,24492,Sanction Date,MISSING_OR_BLANK,
Works_Recommended.csv,24493,Sanction Date,MISSING_OR_BLANK,
Works_Recommended.csv,24494,Sanction Date,MISSING_OR_BLANK,
Works_Recommended.csv,24495,Sanction Date,MISSING_OR_BLANK,
Works_Recommended.csv,24496,Sanction Date,MISSING_OR_BLANK,
Works_Recommended.csv,24497,Sanction Date,MISSING_OR_BLANK,
Works_Recommended.csv,24498,Sanction Date,MISSING_OR_BLANK,
Works_Recommended.csv,24499,Sanction Date,MISSING_OR_BLANK,
Works_Recommended.csv,24500,Sanction Date,MISSING_OR_BLANK,
Works_Recommended.csv,24501,Sanction Date,MISSING_OR_BLANK,
Works_Recommended.csv,24502,Sanction Date,MISSING_OR_BLANK,
Works_Recommended.csv,24503,Sanction Date,MISSING_OR_BLANK,
Works_Recommended.csv,24504,Sanction Date,MISSING_OR_BLANK,
Works_Recommended.csv,24505,Sanction Date,MISSING_OR_BLANK,
Works_Recommended.csv,24506,Sanction Date,MISSING_OR_BLANK,
Works_Recommended.csv,24507,Sanction Date,MISSING_OR_BLANK,
Works_Recommended.csv,24508,Sanction Date,MISSING_OR_BLANK,
Works_Recommended.csv,24509,Sanction Date,MISSING_OR_BLANK,
Works_Recommended.csv,24510,Sanction Date,MISSING_OR_BLANK,
Works_Recommended.csv,24511,Sanction Date,MISSING_OR_BLANK,
Works_Recommended.csv,24512,Sanction Date,MISSING_OR_BLANK,
Works_Recommended.csv,24513,Sanction Date,MISSING_OR_BLANK,
Works_Recommended.csv,24514,Sanction Date,MISSING_OR_BLANK,
Works_Recommended.csv,24515,Sanction Date,MISSING_OR_BLANK,
Works_Recommended.csv,24516,Sanction Date,MISSING_OR_BLANK,
Works_Recommended.csv,24517,Sanction Date,MISSING_OR_BLANK,
Works_Recommended.csv,24518,Sanction Date,MISSING_OR_BLANK,
Works_Recommended.csv,24519,Sanction Date,MISSING_OR_BLANK,
Works_Recommended.csv,24520,Sanction Date,MISSING_OR_BLANK,
Works_Recommended.csv,24521,Sanction Date,MISSING_OR_BLANK,
Works_Recommended.csv,24522,Sanction Date,MISSING_OR_BLANK,
Works_Recommended.csv,24523,Sanction Date,MISSING_OR_BLANK,
Works_Recommended.csv,24524,Sanction Date,MISSING_OR_BLANK,
Works_Recommended.csv,24525,Sanction Date,MISSING_OR_BLANK,
Works_Recommended.csv,24526,Sanction Date,MISSING_OR_BLANK,
Works_Recommended.csv,24527,Sanction Date,MISSING_OR_BLANK,
Works_Recommended.csv,24528,Sanction Date,MISSING_OR_BLANK,
Works_Recommended.csv,24529,Sanction Date,MISSING_OR_BLANK,
Works_Recommended.csv,24530,Sanction Date,MISSING_OR_BLANK,
Works_Recommended.csv,24531,Sanction Date,MISSING_OR_BLANK,
Works_Recommended.csv,24532,Sanction Date,MISSING_OR_BLANK,
Works_Recommended.csv,24533,Sanction Date,MISSING_OR_BLANK,
Works_Recommended.csv,24534,Sanction Date,MISSING_OR_BLANK,
Works_Recommended.csv,24535,Sanction Date,MISSING_OR_BLANK,
Works_Recommended.csv,24536,Sanction Date,MISSING_OR_BLANK,
Works_Recommended.csv,24537,Sanction Date,MISSING_OR_BLANK,
Works_Recommended.csv,24538,Sanction Date,MISSING_OR_BLANK,
Works_Recommended.csv,24539,Sanction Date,MISSING_OR_BLANK,
Works_Recommended.csv,24540,Sanction Date,MISSING_OR_BLANK,
Works_Recommended.csv,24541,Sanction Date,MISSING_OR_BLANK,
Works_Recommended.csv,24542,Sanction Date,MISSING_OR_BLANK,
Works_Recommended.csv,24543,Sanction Date,MISSING_OR_BLANK,
Works_Recommended.csv,24544,Sanction Date,MISSING_OR_BLANK,
Works_Recommended.csv,24545,Sanction Date,MISSING_OR_BLANK,
Works_Recommended.csv,24546,Sanction Date,MISSING_OR_BLANK,
Works_Recommended.csv,24547,Sanction Date,MISSING_OR_BLANK,
Works_Recommended.csv,24548,Sanction Date,MISSING_OR_BLANK,
Works_Recommended.csv,24549,Sanction Date,MISSING_OR_BLANK,
Works_Recommended.csv,24550,Sanction Date,MISSING_OR_BLANK,
Works_Recommended.csv,24551,Sanction Date,MISSING_OR_BLANK,
Works_Recommended.csv,24552,Sanction Date,MISSING_OR_BLANK,
Works_Recommended.csv,24553,Sanction Date,MISSING_OR_BLANK,
Works_Recommended.csv,24554,Sanction Date,MISSING_OR_BLANK,
Works_Recommended.csv,24555,Sanction Date,MISSING_OR_BLANK,
Works_Recommended.csv,24556,Sanction Date,MISSING_OR_BLANK,
Works_Recommended.csv,24557,Sanction Date,MISSING_OR_BLANK,
Works_Recommended.csv,24558,Sanction Date,MISSING_OR_BLANK,
Works_Recommended.csv,24559,Sanction Date,MISSING_OR_BLANK,
Works_Recommended.csv,24560,Sanction Date,MISSING_OR_BLANK,
Works_Recommended.csv,24561,Sanction Date,MISSING_OR_BLANK,
Works_Recommended.csv,24562,Sanction Date,MISSING_OR_BLANK,
Works_Recommended.csv,24563,Sanction Date,MISSING_OR_BLANK,
Works_Recommended.csv,24564,Sanction Date,MISSING_OR_BLANK,
Works_Recommended.csv,24565,Sanction Date,MISSING_OR_BLANK,
Works_Recommended.csv,24566,Sanction Date,MISSING_OR_BLANK,
Works_Recommended.csv,24567,Sanction Date,MISSING_OR_BLANK,
Works_Recommended.csv,24568,Sanction Date,MISSING_OR_BLANK,
Works_Recommended.csv,24569,Sanction Date,MISSING_OR_BLANK,
Works_Recommended.csv,24570,Sanction Date,MISSING_OR_BLANK,
Works_Recommended.csv,24571,Sanction Date,MISSING_OR_BLANK,
Works_Recommended.csv,24572,Sanction Date,MISSING_OR_BLANK,
Works_Recommended.csv,24573,Sanction Date,MISSING_OR_BLANK,
Works_Recommended.csv,24574,Sanction Date,MISSING_OR_BLANK,
Works_Recommended.csv,24575,Sanction Date,MISSING_OR_BLANK,
Works_Recommended.csv,24576,Sanction Date,MISSING_OR_BLANK,
Works_Recommended.csv,24577,Sanction Date,MISSING_OR_BLANK,
Works_Recommended.csv,24578,Sanction Date,MISSING_OR_BLANK,
Works_Recommended.csv,24579,Sanction Date,MISSING_OR_BLANK,
Works_Recommended.csv,24580,Sanction Date,MISSING_OR_BLANK,
Works_Recommended.csv,24581,Sanction Date,MISSING_OR_BLANK,
Works_Recommended.csv,24582,Sanction Date,MISSING_OR_BLANK,
Works_Recommended.csv,24583,Sanction Date,MISSING_OR_BLANK,
Works_Recommended.csv,24584,Sanction Date,MISSING_OR_BLANK,
Works_Recommended.csv,24585,Sanction Date,MISSING_OR_BLANK,
Works_Recommended.csv,24586,Sanction Date,MISSING_OR_BLANK,
Works_Recommended.csv,24587,Sanction Date,MISSING_OR_BLANK,
Works_Recommended.csv,24588,Sanction Date,MISSING_OR_BLANK,
Works_Recommended.csv,24589,Sanction Date,MISSING_OR_BLANK,
Works_Recommended.csv,24590,Sanction Date,MISSING_OR_BLANK,
Works_Recommended.csv,24591,Sanction Date,MISSING_OR_BLANK,
Works_Recommended.csv,24592,Sanction Date,MISSING_OR_BLANK,
Works_Recommended.csv,24593,Sanction Date,MISSING_OR_BLANK,
Works_Recommended.csv,24594,Sanction Date,MISSING_OR_BLANK,
Works_Recommended.csv,24595,Sanction Date,MISSING_OR_BLANK,
Works_Recommended.csv,24596,Sanction Date,MISSING_OR_BLANK,
Works_Recommended.csv,24597,Sanction Date,MISSING_OR_BLANK,
Works_Recommended.csv,24598,Sanction Date,MISSING_OR_BLANK,
Works_Recommended.csv,24599,Sanction Date,MISSING_OR_BLANK,
Works_Recommended.csv,24600,Sanction Date,MISSING_OR_BLANK,
Works_Recommended.csv,24601,Sanction Date,MISSING_OR_BLANK,
Works_Recommended.csv,24602,Sanction Date,MISSING_OR_BLANK,
Works_Recommended.csv,24603,Sanction Date,MISSING_OR_BLANK,
Works_Recommended.csv,24604,Sanction Date,MISSING_OR_BLANK,
Works_Recommended.csv,24605,Sanction Date,MISSING_OR_BLANK,
Works_Recommended.csv,24606,Sanction Date,MISSING_OR_BLANK,
Works_Recommended.csv,24607,Sanction Date,MISSING_OR_BLANK,
Works_Recommended.csv,24608,Sanction Date,MISSING_OR_BLANK,
Works_Recommended.csv,24609,Sanction Date,MISSING_OR_BLANK,
Works_Recommended.csv,24610,Sanction Date,MISSING_OR_BLANK,
Works_Recommended.csv,24611,Sanction Date,MISSING_OR_BLANK,
Works_Recommended.csv,24612,Sanction Date,MISSING_OR_BLANK,
Works_Recommended.csv,24613,Sanction Date,MISSING_OR_BLANK,
Works_Recommended.csv,24614,Sanction Date,MISSING_OR_BLANK,
Works_Recommended.csv,24615,Sanction Date,MISSING_OR_BLANK,
Works_Recommended.csv,24616,Sanction Date,MISSING_OR_BLANK,
Works_Recommended.csv,24617,Sanction Date,MISSING_OR_BLANK,
Works_Recommended.csv,24618,Sanction Date,MISSING_OR_BLANK,
Works_Recommended.csv,24619,Sanction Date,MISSING_OR_BLANK,
Works_Recommended.csv,24620,Sanction Date,MISSING_OR_BLANK,
Works_Recommended.csv,24621,Sanction Date,MISSING_OR_BLANK,
Works_Recommended.csv,24622,Sanction Date,MISSING_OR_BLANK,
Works_Recommended.csv,24623,Sanction Date,MISSING_OR_BLANK,
Works_Recommended.csv,24624,Sanction Date,MISSING_OR_BLANK,
Works_Recommended.csv,24625,Sanction Date,MISSING_OR_BLANK,
Works_Recommended.csv,24626,Sanction Date,MISSING_OR_BLANK,
Works_Recommended.csv,24627,Sanction Date,MISSING_OR_BLANK,
Works_Recommended.csv,24628,Sanction Date,MISSING_OR_BLANK,
Works_Recommended.csv,24629,Sanction Date,MISSING_OR_BLANK,
Works_Recommended.csv,24630,Sanction Date,MISSING_OR_BLANK,
Works_Recommended.csv,24631,Sanction Date,MISSING_OR_BLANK,
Works_Recommended.csv,24632,Sanction Date,MISSING_OR_BLANK,
Works_Recommended.csv,24633,Sanction Date,MISSING_OR_BLANK,
Works_Recommended.csv,24634,Sanction Date,MISSING_OR_BLANK,
Works_Recommended.csv,24635,Sanction Date,MISSING_OR_BLANK,
Works_Recommended.csv,24636,Sanction Date,MISSING_OR_BLANK,
Works_Recommended.csv,24637,Sanction Date,MISSING_OR_BLANK,
Works_Recommended.csv,24638,Sanction Date,MISSING_OR_BLANK,
Works_Recommended.csv,24639,Sanction Date,MISSING_OR_BLANK,
Works_Recommended.csv,24640,Sanction Date,MISSING_OR_BLANK,
Works_Recommended.csv,24641,Sanction Date,MISSING_OR_BLANK,
Works_Recommended.csv,24642,Sanction Date,MISSING_OR_BLANK,
Works_Recommended.csv,24643,Sanction Date,MISSING_OR_BLANK,
Works_Recommended.csv,24644,Sanction Date,MISSING_OR_BLANK,
Works_Recommended.csv,24645,Sanction Date,MISSING_OR_BLANK,
Works_Recommended.csv,24646,Sanction Date,MISSING_OR_BLANK,
Works_Recommended.csv,24647,Sanction Date,MISSING_OR_BLANK,
Works_Recommended.csv,24648,Sanction Date,MISSING_OR_BLANK,
Works_Recommended.csv,24649,Sanction Date,MISSING_OR_BLANK,
Works_Recommended.csv,24650,Sanction Date,MISSING_OR_BLANK,
Works_Recommended.csv,24651,Sanction Date,MISSING_OR_BLANK,
Works_Recommended.csv,24652,Sanction Date,MISSING_OR_BLANK,
Works_Recommended.csv,24653,Sanction Date,MISSING_OR_BLANK,
Works_Recommended.csv,24654,Sanction Date,MISSING_OR_BLANK,
Works_Recommended.csv,24655,Sanction Date,MISSING_OR_BLANK,
Works_Recommended.csv,24656,Sanction Date,MISSING_OR_BLANK,
Works_Recommended.csv,24657,Sanction Date,MISSING_OR_BLANK,
Works_Recommended.csv,24658,Sanction Date,MISSING_OR_BLANK,
Works_Recommended.csv,24659,Sanction Date,MISSING_OR_BLANK,
Works_Recommended.csv,24660,Sanction Date,MISSING_OR_BLANK,
Works_Recommended.csv,24661,Sanction Date,MISSING_OR_BLANK,
Works_Recommended.csv,24662,Sanction Date,MISSING_OR_BLANK,
Works_Recommended.csv,24663,Sanction Date,MISSING_OR_BLANK,
Works_Recommended.csv,24664,Sanction Date,MISSING_OR_BLANK,
Works_Recommended.csv,24665,Sanction Date,MISSING_OR_BLANK,
Works_Recommended.csv,24666,Sanction Date,MISSING_OR_BLANK,
Works_Recommended.csv,24667,Sanction Date,MISSING_OR_BLANK,
Works_Recommended.csv,24668,Sanction Date,MISSING_OR_BLANK,
Works_Recommended.csv,24669,Sanction Date,MISSING_OR_BLANK,
Works_Recommended.csv,24670,Sanction Date,MISSING_OR_BLANK,
Works_Recommended.csv,24671,Sanction Date,MISSING_OR_BLANK,
Works_Recommended.csv,24672,Sanction Date,MISSING_OR_BLANK,
Works_Recommended.csv,24673,Sanction Date,MISSING_OR_BLANK,
Works_Recommended.csv,24674,Sanction Date,MISSING_OR_BLANK,
Works_Recommended.csv,24675,Sanction Date,MISSING_OR_BLANK,
Works_Recommended.csv,24676,Sanction Date,MISSING_OR_BLANK,
Works_Recommended.csv,24677,Sanction Date,MISSING_OR_BLANK,
Works_Recommended.csv,24678,Sanction Date,MISSING_OR_BLANK,
Works_Recommended.csv,24679,Sanction Date,MISSING_OR_BLANK,
Works_Recommended.csv,24680,Sanction Date,MISSING_OR_BLANK,
Works_Recommended.csv,24681,Sanction Date,MISSING_OR_BLANK,
Works_Recommended.csv,24682,Sanction Date,MISSING_OR_BLANK,
Works_Recommended.csv,24683,Sanction Date,MISSING_OR_BLANK,
Works_Recommended.csv,24684,Sanction Date,MISSING_OR_BLANK,
Works_Recommended.csv,24685,Sanction Date,MISSING_OR_BLANK,
Works_Recommended.csv,24686,Sanction Date,MISSING_OR_BLANK,
Works_Recommended.csv,24687,Sanction Date,MISSING_OR_BLANK,
Works_Recommended.csv,24688,Sanction Date,MISSING_OR_BLANK,
Works_Recommended.csv,24689,Sanction Date,MISSING_OR_BLANK,
Works_Recommended.csv,24690,Sanction Date,MISSING_OR_BLANK,
Works_Recommended.csv,24691,Sanction Date,MISSING_OR_BLANK,
Works_Recommended.csv,24692,Sanction Date,MISSING_OR_BLANK,
Works_Recommended.csv,24693,Sanction Date,MISSING_OR_BLANK,
Works_Recommended.csv,24694,Sanction Date,MISSING_OR_BLANK,
Works_Recommended.csv,24695,Sanction Date,MISSING_OR_BLANK,
Works_Recommended.csv,24696,Sanction Date,MISSING_OR_BLANK,
Works_Recommended.csv,24697,Sanction Date,MISSING_OR_BLANK,
Works_Recommended.csv,24698,Sanction Date,MISSING_OR_BLANK,
Works_Recommended.csv,24699,Sanction Date,MISSING_OR_BLANK,
Works_Recommended.csv,24700,Sanction Date,MISSING_OR_BLANK,
Works_Recommended.csv,24701,Sanction Date,MISSING_OR_BLANK,
Works_Recommended.csv,24702,Sanction Date,MISSING_OR_BLANK,
Works_Recommended.csv,24703,Sanction Date,MISSING_OR_BLANK,
Works_Recommended.csv,24704,Sanction Date,MISSING_OR_BLANK,
Works_Recommended.csv,24705,Sanction Date,MISSING_OR_BLANK,
Works_Recommended.csv,24706,Sanction Date,MISSING_OR_BLANK,
Works_Recommended.csv,24707,Sanction Date,MISSING_OR_BLANK,
Works_Recommended.csv,24708,Sanction Date,MISSING_OR_BLANK,
Works_Recommended.csv,24709,Sanction Date,MISSING_OR_BLANK,
Works_Recommended.csv,24710,Sanction Date,MISSING_OR_BLANK,
Works_Recommended.csv,24711,Sanction Date,MISSING_OR_BLANK,
Works_Recommended.csv,24712,Sanction Date,MISSING_OR_BLANK,
Works_Recommended.csv,24713,Sanction Date,MISSING_OR_BLANK,
Works_Recommended.csv,24714,Sanction Date,MISSING_OR_BLANK,
Works_Recommended.csv,24715,Sanction Date,MISSING_OR_BLANK,
Works_Recommended.csv,24716,Sanction Date,MISSING_OR_BLANK,
Works_Recommended.csv,24717,Sanction Date,MISSING_OR_BLANK,
Works_Recommended.csv,24718,Sanction Date,MISSING_OR_BLANK,
Works_Recommended.csv,24719,Sanction Date,MISSING_OR_BLANK,
Works_Recommended.csv,24720,Sanction Date,MISSING_OR_BLANK,
Works_Recommended.csv,24721,Sanction Date,MISSING_OR_BLANK,
Works_Recommended.csv,24722,Sanction Date,MISSING_OR_BLANK,
Works_Recommended.csv,24723,Sanction Date,MISSING_OR_BLANK,
Works_Recommended.csv,24724,Sanction Date,MISSING_OR_BLANK,
Works_Recommended.csv,24725,Sanction Date,MISSING_OR_BLANK,
Works_Recommended.csv,24726,Sanction Date,MISSING_OR_BLANK,
Works_Recommended.csv,24727,Sanction Date,MISSING_OR_BLANK,
Works_Recommended.csv,24728,Sanction Date,MISSING_OR_BLANK,
Works_Recommended.csv,24729,Sanction Date,MISSING_OR_BLANK,
Works_Recommended.csv,24730,Sanction Date,MISSING_OR_BLANK,
Works_Recommended.csv,24731,Sanction Date,MISSING_OR_BLANK,
Works_Recommended.csv,24732,Sanction Date,MISSING_OR_BLANK,
Works_Recommended.csv,24733,Sanction Date,MISSING_OR_BLANK,
Works_Recommended.csv,24734,Sanction Date,MISSING_OR_BLANK,
Works_Recommended.csv,24735,Sanction Date,MISSING_OR_BLANK,
Works_Recommended.csv,24736,Sanction Date,MISSING_OR_BLANK,
Works_Recommended.csv,24737,Sanction Date,MISSING_OR_BLANK,
Works_Recommended.csv,24738,Sanction Date,MISSING_OR_BLANK,
Works_Recommended.csv,24739,Sanction Date,MISSING_OR_BLANK,
Works_Recommended.csv,24740,Sanction Date,MISSING_OR_BLANK,
Works_Recommended.csv,24741,Sanction Date,MISSING_OR_BLANK,
Works_Recommended.csv,24742,Sanction Date,MISSING_OR_BLANK,
Works_Recommended.csv,24743,Sanction Date,MISSING_OR_BLANK,
Works_Recommended.csv,24744,Sanction Date,MISSING_OR_BLANK,
Works_Recommended.csv,24745,Sanction Date,MISSING_OR_BLANK,
Works_Recommended.csv,24746,Sanction Date,MISSING_OR_BLANK,
Works_Recommended.csv,24747,Sanction Date,MISSING_OR_BLANK,
Works_Recommended.csv,24748,Sanction Date,MISSING_OR_BLANK,
Works_Recommended.csv,24749,Sanction Date,MISSING_OR_BLANK,
Works_Recommended.csv,24750,Sanction Date,MISSING_OR_BLANK,
Works_Recommended.csv,24751,Sanction Date,MISSING_OR_BLANK,
Works_Recommended.csv,24752,Sanction Date,MISSING_OR_BLANK,
Works_Recommended.csv,24753,Sanction Date,MISSING_OR_BLANK,
Works_Recommended.csv,24754,Sanction Date,MISSING_OR_BLANK,
Works_Recommended.csv,24755,Sanction Date,MISSING_OR_BLANK,
Works_Recommended.csv,24756,Sanction Date,MISSING_OR_BLANK,
Works_Recommended.csv,24757,Sanction Date,MISSING_OR_BLANK,
Works_Recommended.csv,24758,Sanction Date,MISSING_OR_BLANK,
Works_Recommended.csv,24759,Sanction Date,MISSING_OR_BLANK,
Works_Recommended.csv,24760,Sanction Date,MISSING_OR_BLANK,
Works_Recommended.csv,24761,Sanction Date,MISSING_OR_BLANK,
Works_Recommended.csv,24762,Sanction Date,MISSING_OR_BLANK,
Works_Recommended.csv,24763,Sanction Date,MISSING_OR_BLANK,
Works_Recommended.csv,24764,Sanction Date,MISSING_OR_BLANK,
Works_Recommended.csv,24765,Sanction Date,MISSING_OR_BLANK,
Works_Recommended.csv,24766,Sanction Date,MISSING_OR_BLANK,
Works_Recommended.csv,24767,Sanction Date,MISSING_OR_BLANK,
Works_Recommended.csv,24768,Sanction Date,MISSING_OR_BLANK,
Works_Recommended.csv,24769,Sanction Date,MISSING_OR_BLANK,
Works_Recommended.csv,24770,Sanction Date,MISSING_OR_BLANK,
Works_Recommended.csv,24771,Sanction Date,MISSING_OR_BLANK,
Works_Recommended.csv,24772,Sanction Date,MISSING_OR_BLANK,
Works_Recommended.csv,24773,Sanction Date,MISSING_OR_BLANK,
Works_Recommended.csv,24774,Sanction Date,MISSING_OR_BLANK,
Works_Recommended.csv,24775,Sanction Date,MISSING_OR_BLANK,
Works_Recommended.csv,24776,Sanction Date,MISSING_OR_BLANK,
Works_Recommended.csv,24777,Sanction Date,MISSING_OR_BLANK,
Works_Recommended.csv,24778,Sanction Date,MISSING_OR_BLANK,
Works_Recommended.csv,24779,Sanction Date,MISSING_OR_BLANK,
Works_Recommended.csv,24780,Sanction Date,MISSING_OR_BLANK,
Works_Recommended.csv,24781,Sanction Date,MISSING_OR_BLANK,
Works_Recommended.csv,24782,Sanction Date,MISSING_OR_BLANK,
Works_Recommended.csv,24783,Sanction Date,MISSING_OR_BLANK,
Works_Recommended.csv,24784,Sanction Date,MISSING_OR_BLANK,
Works_Recommended.csv,24785,Sanction Date,MISSING_OR_BLANK,
Works_Recommended.csv,24786,Sanction Date,MISSING_OR_BLANK,
Works_Recommended.csv,24787,Sanction Date,MISSING_OR_BLANK,
Works_Recommended.csv,24788,Sanction Date,MISSING_OR_BLANK,
Works_Recommended.csv,24789,Sanction Date,MISSING_OR_BLANK,
Works_Recommended.csv,24790,Sanction Date,MISSING_OR_BLANK,
Works_Recommended.csv,24791,Sanction Date,MISSING_OR_BLANK,
Works_Recommended.csv,24792,Sanction Date,MISSING_OR_BLANK,
Works_Recommended.csv,24793,Sanction Date,MISSING_OR_BLANK,
Works_Recommended.csv,24794,Sanction Date,MISSING_OR_BLANK,
Works_Recommended.csv,24795,Sanction Date,MISSING_OR_BLANK,
Works_Recommended.csv,24796,Sanction Date,MISSING_OR_BLANK,
Works_Recommended.csv,24797,Sanction Date,MISSING_OR_BLANK,
Works_Recommended.csv,24798,Sanction Date,MISSING_OR_BLANK,
Works_Recommended.csv,24799,Sanction Date,MISSING_OR_BLANK,
Works_Recommended.csv,24800,Sanction Date,MISSING_OR_BLANK,
Works_Recommended.csv,24801,Sanction Date,MISSING_OR_BLANK,
Works_Recommended.csv,24802,Sanction Date,MISSING_OR_BLANK,
Works_Recommended.csv,24803,Sanction Date,MISSING_OR_BLANK,
Works_Recommended.csv,24804,Sanction Date,MISSING_OR_BLANK,
Works_Recommended.csv,24805,Sanction Date,MISSING_OR_BLANK,
Works_Recommended.csv,24806,Sanction Date,MISSING_OR_BLANK,
Works_Recommended.csv,24807,Sanction Date,MISSING_OR_BLANK,
Works_Recommended.csv,24808,Sanction Date,MISSING_OR_BLANK,
Works_Recommended.csv,24809,Sanction Date,MISSING_OR_BLANK,
Works_Recommended.csv,24810,Sanction Date,MISSING_OR_BLANK,
Works_Recommended.csv,24811,Sanction Date,MISSING_OR_BLANK,
Works_Recommended.csv,24812,Sanction Date,MISSING_OR_BLANK,
Works_Recommended.csv,24813,Sanction Date,MISSING_OR_BLANK,
Works_Recommended.csv,24814,Sanction Date,MISSING_OR_BLANK,
Works_Recommended.csv,24815,Sanction Date,MISSING_OR_BLANK,
Works_Recommended.csv,24816,Sanction Date,MISSING_OR_BLANK,
Works_Recommended.csv,24817,Sanction Date,MISSING_OR_BLANK,
Works_Recommended.csv,24818,Sanction Date,MISSING_OR_BLANK,
Works_Recommended.csv,24819,Sanction Date,MISSING_OR_BLANK,
Works_Recommended.csv,24820,Sanction Date,MISSING_OR_BLANK,
Works_Recommended.csv,24821,Sanction Date,MISSING_OR_BLANK,
Works_Recommended.csv,24822,Sanction Date,MISSING_OR_BLANK,
Works_Recommended.csv,24823,Sanction Date,MISSING_OR_BLANK,
Works_Recommended.csv,24824,Sanction Date,MISSING_OR_BLANK,
Works_Recommended.csv,24825,Sanction Date,MISSING_OR_BLANK,
Works_Recommended.csv,24826,Sanction Date,MISSING_OR_BLANK,
Works_Recommended.csv,24827,Sanction Date,MISSING_OR_BLANK,
Works_Recommended.csv,24828,Sanction Date,MISSING_OR_BLANK,
Works_Recommended.csv,24829,Sanction Date,MISSING_OR_BLANK,
Works_Recommended.csv,24830,Sanction Date,MISSING_OR_BLANK,
Works_Recommended.csv,24831,Sanction Date,MISSING_OR_BLANK,
Works_Recommended.csv,24832,Sanction Date,MISSING_OR_BLANK,
Works_Recommended.csv,24833,Sanction Date,MISSING_OR_BLANK,
Works_Recommended.csv,24834,Sanction Date,MISSING_OR_BLANK,
Works_Recommended.csv,24835,Sanction Date,MISSING_OR_BLANK,
Works_Recommended.csv,24836,Sanction Date,MISSING_OR_BLANK,
Works_Recommended.csv,24837,Sanction Date,MISSING_OR_BLANK,
Works_Recommended.csv,24838,Sanction Date,MISSING_OR_BLANK,
Works_Recommended.csv,24839,Sanction Date,MISSING_OR_BLANK,
Works_Recommended.csv,24840,Sanction Date,MISSING_OR_BLANK,
Works_Recommended.csv,24841,Sanction Date,MISSING_OR_BLANK,
Works_Recommended.csv,24842,Sanction Date,MISSING_OR_BLANK,
Works_Recommended.csv,24843,Sanction Date,MISSING_OR_BLANK,
Works_Recommended.csv,24844,Sanction Date,MISSING_OR_BLANK,
Works_Recommended.csv,24845,Sanction Date,MISSING_OR_BLANK,
Works_Recommended.csv,24846,Sanction Date,MISSING_OR_BLANK,
Works_Recommended.csv,24847,Sanction Date,MISSING_OR_BLANK,
Works_Recommended.csv,24848,Sanction Date,MISSING_OR_BLANK,
Works_Recommended.csv,24849,Sanction Date,MISSING_OR_BLANK,
Works_Recommended.csv,24850,Sanction Date,MISSING_OR_BLANK,
Works_Recommended.csv,24851,Sanction Date,MISSING_OR_BLANK,
Works_Recommended.csv,24852,Sanction Date,MISSING_OR_BLANK,
Works_Recommended.csv,24853,Sanction Date,MISSING_OR_BLANK,
Works_Recommended.csv,24854,Sanction Date,MISSING_OR_BLANK,
Works_Recommended.csv,24855,Sanction Date,MISSING_OR_BLANK,
Works_Recommended.csv,24856,Sanction Date,MISSING_OR_BLANK,
Works_Recommended.csv,24857,Sanction Date,MISSING_OR_BLANK,
Works_Recommended.csv,24858,Sanction Date,MISSING_OR_BLANK,
Works_Recommended.csv,24859,Sanction Date,MISSING_OR_BLANK,
Works_Recommended.csv,24860,Sanction Date,MISSING_OR_BLANK,
Works_Recommended.csv,24861,Sanction Date,MISSING_OR_BLANK,
Works_Recommended.csv,24862,Sanction Date,MISSING_OR_BLANK,
Works_Recommended.csv,24863,Sanction Date,MISSING_OR_BLANK,
Works_Recommended.csv,24864,Sanction Date,MISSING_OR_BLANK,
Works_Recommended.csv,24865,Sanction Date,MISSING_OR_BLANK,
Works_Recommended.csv,24866,Sanction Date,MISSING_OR_BLANK,
Works_Recommended.csv,24867,Sanction Date,MISSING_OR_BLANK,
Works_Recommended.csv,24868,Sanction Date,MISSING_OR_BLANK,
Works_Recommended.csv,24869,Sanction Date,MISSING_OR_BLANK,
Works_Recommended.csv,24870,Sanction Date,MISSING_OR_BLANK,
Works_Recommended.csv,24871,Sanction Date,MISSING_OR_BLANK,
Works_Recommended.csv,24872,Sanction Date,MISSING_OR_BLANK,
Works_Recommended.csv,24873,Sanction Date,MISSING_OR_BLANK,
Works_Recommended.csv,24874,Sanction Date,MISSING_OR_BLANK,
Works_Recommended.csv,24875,Sanction Date,MISSING_OR_BLANK,
Works_Recommended.csv,24876,Sanction Date,MISSING_OR_BLANK,
Works_Recommended.csv,24877,Sanction Date,MISSING_OR_BLANK,
Works_Recommended.csv,24878,Sanction Date,MISSING_OR_BLANK,
Works_Recommended.csv,24879,Sanction Date,MISSING_OR_BLANK,
Works_Recommended.csv,24880,Sanction Date,MISSING_OR_BLANK,
Works_Recommended.csv,24881,Sanction Date,MISSING_OR_BLANK,
Works_Recommended.csv,24882,Sanction Date,MISSING_OR_BLANK,
Works_Recommended.csv,24883,Sanction Date,MISSING_OR_BLANK,
Works_Recommended.csv,24884,Sanction Date,MISSING_OR_BLANK,
Works_Recommended.csv,24885,Sanction Date,MISSING_OR_BLANK,
Works_Recommended.csv,24886,Sanction Date,MISSING_OR_BLANK,
Works_Recommended.csv,24887,Sanction Date,MISSING_OR_BLANK,
Works_Recommended.csv,24888,Sanction Date,MISSING_OR_BLANK,
Works_Recommended.csv,24889,Sanction Date,MISSING_OR_BLANK,
Works_Recommended.csv,24890,Sanction Date,MISSING_OR_BLANK,
Works_Recommended.csv,24891,Sanction Date,MISSING_OR_BLANK,
Works_Recommended.csv,24892,Sanction Date,MISSING_OR_BLANK,
Works_Recommended.csv,24893,Sanction Date,MISSING_OR_BLANK,
Works_Recommended.csv,24894,Sanction Date,MISSING_OR_BLANK,
Works_Recommended.csv,24895,Sanction Date,MISSING_OR_BLANK,
Works_Recommended.csv,24896,Sanction Date,MISSING_OR_BLANK,
Works_Recommended.csv,24897,Sanction Date,MISSING_OR_BLANK,
Works_Recommended.csv,24898,Sanction Date,MISSING_OR_BLANK,
Works_Recommended.csv,24899,Sanction Date,MISSING_OR_BLANK,
Works_Recommended.csv,24900,Sanction Date,MISSING_OR_BLANK,
Works_Recommended.csv,24901,Sanction Date,MISSING_OR_BLANK,
Works_Recommended.csv,24902,Sanction Date,MISSING_OR_BLANK,
Works_Recommended.csv,24903,Sanction Date,MISSING_OR_BLANK,
Works_Recommended.csv,24904,Sanction Date,MISSING_OR_BLANK,
Works_Recommended.csv,24905,Sanction Date,MISSING_OR_BLANK,
Works_Recommended.csv,24906,Sanction Date,MISSING_OR_BLANK,
Works_Recommended.csv,24907,Sanction Date,MISSING_OR_BLANK,
Works_Recommended.csv,24908,Sanction Date,MISSING_OR_BLANK,
Works_Recommended.csv,24909,Sanction Date,MISSING_OR_BLANK,
Works_Recommended.csv,24910,Sanction Date,MISSING_OR_BLANK,
Works_Recommended.csv,24911,Sanction Date,MISSING_OR_BLANK,
Works_Recommended.csv,24912,Sanction Date,MISSING_OR_BLANK,
Works_Recommended.csv,24913,Sanction Date,MISSING_OR_BLANK,
Works_Recommended.csv,24914,Sanction Date,MISSING_OR_BLANK,
Works_Recommended.csv,24915,Sanction Date,MISSING_OR_BLANK,
Works_Recommended.csv,24916,Sanction Date,MISSING_OR_BLANK,
Works_Recommended.csv,24917,Sanction Date,MISSING_OR_BLANK,
Works_Recommended.csv,24918,Sanction Date,MISSING_OR_BLANK,
Works_Recommended.csv,24919,Sanction Date,MISSING_OR_BLANK,
Works_Recommended.csv,24920,Sanction Date,MISSING_OR_BLANK,
Works_Recommended.csv,24921,Sanction Date,MISSING_OR_BLANK,
Works_Recommended.csv,24922,Sanction Date,MISSING_OR_BLANK,
Works_Recommended.csv,24923,Sanction Date,MISSING_OR_BLANK,
Works_Recommended.csv,24924,Sanction Date,MISSING_OR_BLANK,
Works_Recommended.csv,24925,Sanction Date,MISSING_OR_BLANK,
Works_Recommended.csv,24926,Sanction Date,MISSING_OR_BLANK,
Works_Recommended.csv,24927,Sanction Date,MISSING_OR_BLANK,
Works_Recommended.csv,24928,Sanction Date,MISSING_OR_BLANK,
Works_Recommended.csv,24929,Sanction Date,MISSING_OR_BLANK,
Works_Recommended.csv,24930,Sanction Date,MISSING_OR_BLANK,
Works_Recommended.csv,24931,Sanction Date,MISSING_OR_BLANK,
Works_Recommended.csv,24932,Sanction Date,MISSING_OR_BLANK,
Works_Recommended.csv,24933,Sanction Date,MISSING_OR_BLANK,
Works_Recommended.csv,24934,Sanction Date,MISSING_OR_BLANK,
Works_Recommended.csv,24935,Sanction Date,MISSING_OR_BLANK,
Works_Recommended.csv,24936,Sanction Date,MISSING_OR_BLANK,
Works_Recommended.csv,24937,Sanction Date,MISSING_OR_BLANK,
Works_Recommended.csv,24938,Sanction Date,MISSING_OR_BLANK,
Works_Recommended.csv,24939,Sanction Date,MISSING_OR_BLANK,
Works_Recommended.csv,24940,Sanction Date,MISSING_OR_BLANK,
Works_Recommended.csv,24941,Sanction Date,MISSING_OR_BLANK,
Works_Recommended.csv,24942,Sanction Date,MISSING_OR_BLANK,
Works_Recommended.csv,24943,Sanction Date,MISSING_OR_BLANK,
Works_Recommended.csv,24944,Sanction Date,MISSING_OR_BLANK,
Works_Recommended.csv,24945,Sanction Date,MISSING_OR_BLANK,
Works_Recommended.csv,24946,Sanction Date,MISSING_OR_BLANK,
Works_Recommended.csv,24947,Sanction Date,MISSING_OR_BLANK,
Works_Recommended.csv,24948,Sanction Date,MISSING_OR_BLANK,
Works_Recommended.csv,24949,Sanction Date,MISSING_OR_BLANK,
Works_Recommended.csv,24950,Sanction Date,MISSING_OR_BLANK,
Works_Recommended.csv,24951,Sanction Date,MISSING_OR_BLANK,
Works_Recommended.csv,24952,Sanction Date,MISSING_OR_BLANK,
Works_Recommended.csv,24953,Sanction Date,MISSING_OR_BLANK,
Works_Recommended.csv,24954,Sanction Date,MISSING_OR_BLANK,
Works_Recommended.csv,24955,Sanction Date,MISSING_OR_BLANK,
Works_Recommended.csv,24956,Sanction Date,MISSING_OR_BLANK,
Works_Recommended.csv,24957,Sanction Date,MISSING_OR_BLANK,
Works_Recommended.csv,24958,Sanction Date,MISSING_OR_BLANK,
Works_Recommended.csv,24959,Sanction Date,MISSING_OR_BLANK,
Works_Recommended.csv,24960,Sanction Date,MISSING_OR_BLANK,
Works_Recommended.csv,24961,Sanction Date,MISSING_OR_BLANK,
Works_Recommended.csv,24962,Sanction Date,MISSING_OR_BLANK,
Works_Recommended.csv,24963,Sanction Date,MISSING_OR_BLANK,
